"country","year","vrr","iso_2","iso_3"
"Australia","1976",NA,"AU","AUS"
"Australia","1984",NA,"AU","AUS"
"Australia","1980",NA,"AU","AUS"
"Australia","2000",NA,"AU","AUS"
"Australia","1996",NA,"AU","AUS"
"Australia","1988",NA,"AU","AUS"
"Australia","1992",NA,"AU","AUS"
"Austria","1992",0.61,"AT","AUT"
"Austria","1980",0.652977596751786,"AT","AUT"
"Austria","1976",0.657800008523806,"AT","AUT"
"Austria","1988",0.621139035523466,"AT","AUT"
"Austria","1984",0.642292551260881,"AT","AUT"
"Austria","1996",0.6,"AT","AUT"
"Austria","2000",0.61,"AT","AUT"
"Belgium","1976",0.562241985468678,"BE","BEL"
"Belgium","1984",0.49135196808214,"BE","BEL"
"Belgium","1988",0.519596484627135,"BE","BEL"
"Belgium","1980",0.601150658623971,"BE","BEL"
"Belgium","2000",0.51,"BE","BEL"
"Belgium","1996",0.46,"BE","BEL"
"Belgium","1992",0.5,"BE","BEL"
"Canada","1988",NA,"CA","CAN"
"Canada","1984",NA,"CA","CAN"
"Canada","2000",0.49,"CA","CAN"
"Canada","1980",NA,"CA","CAN"
"Canada","1996",0.47,"CA","CAN"
"Canada","1976",NA,"CA","CAN"
"Canada","1992",0.43,"CA","CAN"
"Chile","1984",NA,"CL","CHL"
"Chile","2000",0.64,"CL","CHL"
"Chile","1996",0.67,"CL","CHL"
"Chile","1980",NA,"CL","CHL"
"Chile","1992",0.63,"CL","CHL"
"Chile","1976",NA,"CL","CHL"
"Chile","1988",NA,"CL","CHL"
"Colombia","2000",0.35,"CO","COL"
"Colombia","1996",NA,"CO","COL"
"Colombia","1992",NA,"CO","COL"
"Czech Republic","1976",NA,"CZ","CZE"
"Czech Republic","1988",NA,"CZ","CZE"
"Czech Republic","1992",NA,"CZ","CZE"
"Czech Republic","1996",0.43,"CZ","CZE"
"Czech Republic","2000",0.42,"CZ","CZE"
"Czech Republic","1980",NA,"CZ","CZE"
"Czech Republic","1984",NA,"CZ","CZE"
"Denmark","1992",0.56,"DK","DNK"
"Denmark","1988",0.599010396965927,"DK","DNK"
"Denmark","2000",0.59,"DK","DNK"
"Denmark","1996",0.57,"DK","DNK"
"Denmark","1976",0.63432571741345,"DK","DNK"
"Denmark","1984",0.601340215746281,"DK","DNK"
"Denmark","1980",0.604630134589147,"DK","DNK"
"Estonia","2000",0.71,"EE","EST"
"Estonia","1976",NA,"EE","EST"
"Estonia","1996",0.72,"EE","EST"
"Estonia","1980",NA,"EE","EST"
"Estonia","1992",NA,"EE","EST"
"Estonia","1984",NA,"EE","EST"
"Estonia","1988",NA,"EE","EST"
"Finland","1996",0.54,"FI","FIN"
"Finland","1976",NA,"FI","FIN"
"Finland","1992",NA,"FI","FIN"
"Finland","1988",NA,"FI","FIN"
"Finland","1984",NA,"FI","FIN"
"Finland","2000",0.61,"FI","FIN"
"Finland","1980",NA,"FI","FIN"
"France","2000",0.51,"FR","FRA"
"France","1976",0.652770691452783,"FR","FRA"
"France","1988",0.61684859903732,"FR","FRA"
"France","1992",0.54,"FR","FRA"
"France","1980",0.690844635301038,"FR","FRA"
"France","1996",0.53,"FR","FRA"
"France","1984",0.624735437913122,"FR","FRA"
"Germany","1992",0.61,"DE","DEU"
"Germany","1976",0.549278509790754,"DE","DEU"
"Germany","1980",0.560615052738783,"DE","DEU"
"Germany","1996",0.6,"DE","DEU"
"Germany","1988",0.494293381917722,"DE","DEU"
"Germany","1984",0.513728565969569,"DE","DEU"
"Germany","2000",0.61,"DE","DEU"
"Greece","2000",0.45,"GR","GRC"
"Greece","1976",NA,"GR","GRC"
"Greece","1996",0.41,"GR","GRC"
"Greece","1980",NA,"GR","GRC"
"Greece","1992",0.47,"GR","GRC"
"Greece","1984",NA,"GR","GRC"
"Greece","1988",0.459617242640311,"GR","GRC"
"Hungary","1976",NA,"HU","HUN"
"Hungary","1992",0.3,"HU","HUN"
"Hungary","2000",0.52,"HU","HUN"
"Hungary","1996",0.43,"HU","HUN"
"Hungary","1980",NA,"HU","HUN"
"Hungary","1988",NA,"HU","HUN"
"Hungary","1984",NA,"HU","HUN"
"Iceland","1976",NA,"IS","ISL"
"Iceland","1996",0.54,"IS","ISL"
"Iceland","2000",0.58,"IS","ISL"
"Iceland","1980",NA,"IS","ISL"
"Iceland","1992",0.63,"IS","ISL"
"Iceland","1988",NA,"IS","ISL"
"Iceland","1984",NA,"IS","ISL"
"Ireland","1992",0.45,"IE","IRL"
"Ireland","1976",0.297184516347059,"IE","IRL"
"Ireland","1996",0.52,"IE","IRL"
"Ireland","2000",0.61,"IE","IRL"
"Ireland","1984",0.436938080120609,"IE","IRL"
"Ireland","1988",0.415603938427874,"IE","IRL"
"Ireland","1980",0.209741400710164,"IE","IRL"
"Israel","1976",NA,"IL","ISR"
"Israel","1988",NA,"IL","ISR"
"Israel","1980",NA,"IL","ISR"
"Israel","1992",NA,"IL","ISR"
"Israel","1996",0.66,"IL","ISR"
"Israel","1984",NA,"IL","ISR"
"Israel","2000",0.62,"IL","ISR"
"Italy","1976",0.440902005744885,"IT","ITA"
"Italy","1984",0.381335459770484,"IT","ITA"
"Italy","1988",0.402894961518065,"IT","ITA"
"Italy","2000",0.43,"IT","ITA"
"Italy","1996",0.39,"IT","ITA"
"Italy","1992",0.37,"IT","ITA"
"Italy","1980",0.416323961423967,"IT","ITA"
"Japan","1996",0.71,"JP","JPN"
"Japan","2000",0.68,"JP","JPN"
"Japan","1988",NA,"JP","JPN"
"Japan","1976",NA,"JP","JPN"
"Japan","1992",0.68,"JP","JPN"
"Japan","1984",NA,"JP","JPN"
"Japan","1980",NA,"JP","JPN"
"Korea","2000",0.58,"KR","KOR"
"Korea","1996",0.57,"KR","KOR"
"Korea","1976",NA,"KR","KOR"
"Korea","1992",0.62,"KR","KOR"
"Korea","1984",NA,"KR","KOR"
"Korea","1988",NA,"KR","KOR"
"Korea","1980",NA,"KR","KOR"
"Latvia","1976",NA,"LV","LVA"
"Latvia","2000",0.51,"LV","LVA"
"Latvia","1988",NA,"LV","LVA"
"Latvia","1984",NA,"LV","LVA"
"Latvia","1980",NA,"LV","LVA"
"Latvia","1996",0.53,"LV","LVA"
"Latvia","1992",NA,"LV","LVA"
"Lithuania","1980",NA,"LT","LTU"
"Lithuania","2000",0.52,"LT","LTU"
"Lithuania","1976",NA,"LT","LTU"
"Lithuania","1992",NA,"LT","LTU"
"Lithuania","1984",NA,"LT","LTU"
"Lithuania","1996",0.46,"LT","LTU"
"Lithuania","1988",NA,"LT","LTU"
"Luxembourg","2000",0.68,"LU","LUX"
"Luxembourg","1976",0.589846610628681,"LU","LUX"
"Luxembourg","1984",0.639959292250369,"LU","LUX"
"Luxembourg","1992",0.45,"LU","LUX"
"Luxembourg","1980",0.609171785694863,"LU","LUX"
"Luxembourg","1988",0.661936481180465,"LU","LUX"
"Luxembourg","1996",0.54,"LU","LUX"
"Mexico","1976",NA,"MX","MEX"
"Mexico","1996",0.21,"MX","MEX"
"Mexico","1992",0.3,"MX","MEX"
"Mexico","1980",0.325657469186087,"MX","MEX"
"Mexico","2000",0.25,"MX","MEX"
"Mexico","1984",0.270881048380092,"MX","MEX"
"Mexico","1988",0.254585651472297,"MX","MEX"
"Netherlands","1992",0.55,"NL","NLD"
"Netherlands","1976",0.473745090830872,"NL","NLD"
"Netherlands","1980",0.514869325956913,"NL","NLD"
"Netherlands","1988",0.538927853287132,"NL","NLD"
"Netherlands","2000",0.57,"NL","NLD"
"Netherlands","1996",0.54,"NL","NLD"
"Netherlands","1984",0.494009597452557,"NL","NLD"
"New Zealand","1984",NA,"NZ","NZL"
"New Zealand","2000",0.99,"NZ","NZL"
"New Zealand","1976",NA,"NZ","NZL"
"New Zealand","1992",0.96,"NZ","NZL"
"New Zealand","1996",0.99,"NZ","NZL"
"New Zealand","1988",0.890891918528252,"NZ","NZL"
"New Zealand","1980",NA,"NZ","NZL"
"Norway","2000",0.67,"NO","NOR"
"Norway","1980",0.659109241604816,"NO","NOR"
"Norway","1984",0.634690649843064,"NO","NOR"
"Norway","1976",0.661876542799438,"NO","NOR"
"Norway","1992",0.58,"NO","NOR"
"Norway","1988",0.692115159210783,"NO","NOR"
"Norway","1996",0.61,"NO","NOR"
"Poland","1976",NA,"PL","POL"
"Poland","1980",NA,"PL","POL"
"Poland","2000",0.42,"PL","POL"
"Poland","1996",0.42,"PL","POL"
"Poland","1984",NA,"PL","POL"
"Poland","1992",0,"PL","POL"
"Poland","1988",NA,"PL","POL"
"Portugal","2000",0.6,"PT","PRT"
"Portugal","1996",0.55,"PT","PRT"
"Portugal","1988",0.446855606925465,"PT","PRT"
"Portugal","1992",0.46,"PT","PRT"
"Portugal","1984",NA,"PT","PRT"
"Portugal","1976",NA,"PT","PRT"
"Portugal","1980",NA,"PT","PRT"
"Slovak Republic","1988",NA,"SK","SVK"
"Slovak Republic","2000",0.43,"SK","SVK"
"Slovak Republic","1984",NA,"SK","SVK"
"Slovak Republic","1996",0.45,"SK","SVK"
"Slovak Republic","1992",0,"SK","SVK"
"Slovak Republic","1980",NA,"SK","SVK"
"Slovak Republic","1976",NA,"SK","SVK"
"Slovenia","1984",NA,"SI","SVN"
"Slovenia","1976",NA,"SI","SVN"
"Slovenia","1992",0,"SI","SVN"
"Slovenia","1988",NA,"SI","SVN"
"Slovenia","2000",0.68,"SI","SVN"
"Slovenia","1980",NA,"SI","SVN"
"Slovenia","1996",0,"SI","SVN"
"Spain","2000",0.52,"ES","ESP"
"Spain","1996",0.44,"ES","ESP"
"Spain","1984",NA,"ES","ESP"
"Spain","1992",0.59,"ES","ESP"
"Spain","1988",0.572012998633308,"ES","ESP"
"Spain","1980",NA,"ES","ESP"
"Spain","1976",NA,"ES","ESP"
"Sweden","1992",0.4,"SE","SWE"
"Sweden","1996",0.49,"SE","SWE"
"Sweden","1976",0.44313615736232,"SE","SWE"
"Sweden","1984",0.380255309275334,"SE","SWE"
"Sweden","1980",0.358280257386466,"SE","SWE"
"Sweden","1988",0.421260477424964,"SE","SWE"
"Sweden","2000",0.51,"SE","SWE"
"Switzerland","1980",NA,"CH","CHE"
"Switzerland","1976",NA,"CH","CHE"
"Switzerland","2000",0.73,"CH","CHE"
"Switzerland","1988",NA,"CH","CHE"
"Switzerland","1984",NA,"CH","CHE"
"Switzerland","1996",0.67,"CH","CHE"
"Switzerland","1992",NA,"CH","CHE"
"Turkey","1984",NA,"TR","TUR"
"Turkey","1980",NA,"TR","TUR"
"Turkey","2000",0.46,"TR","TUR"
"Turkey","1992",0.37,"TR","TUR"
"Turkey","1976",NA,"TR","TUR"
"Turkey","1988",0.45139920210677,"TR","TUR"
"Turkey","1996",0.43,"TR","TUR"
"United Kingdom","2000",0.44,"GB","GBR"
"United Kingdom","1984",0.443660532515245,"GB","GBR"
"United Kingdom","1980",0.408428742482402,"GB","GBR"
"United Kingdom","1992",0.42,"GB","GBR"
"United Kingdom","1988",0.478259935982698,"GB","GBR"
"United Kingdom","1976",0.421525087670478,"GB","GBR"
"United Kingdom","1996",0.43,"GB","GBR"
"Austria","2005",0.583385265780079,"AT","AUT"
"Austria","2007",0.58167680066164,"AT","AUT"
"Austria","2008",0.5859031862508,"AT","AUT"
"Austria","2009",0.579224629914592,"AT","AUT"
"Austria","2010",0.578650943798321,"AT","AUT"
"Austria","2011",0.5751608597925,"AT","AUT"
"Austria","2012",0.586919286003647,"AT","AUT"
"Austria","2013",0.58384538773548,"AT","AUT"
"Austria","2014",0.581548014695975,"AT","AUT"
"Austria","2015",0.588951731143267,"AT","AUT"
"Austria","2016",0.594006144473127,"AT","AUT"
"Austria","2017",0.595819603858687,"AT","AUT"
"Austria","2018",0.597807488020134,"AT","AUT"
"Austria","2019",0.60310053067389,"AT","AUT"
"Australia","2005",0.558548499252518,"AU","AUS"
"Australia","2007",0.537659549723302,"AU","AUS"
"Australia","2008",0.490167555751299,"AU","AUS"
"Australia","2009",0.506746753981869,"AU","AUS"
"Australia","2010",0.491078630987998,"AU","AUS"
"Australia","2011",0.470448760484192,"AU","AUS"
"Australia","2012",0.467011342751592,"AU","AUS"
"Australia","2013",0.494666808041621,"AU","AUS"
"Australia","2014",0.484188952204542,"AU","AUS"
"Australia","2015",0.495646492745524,"AU","AUS"
"Australia","2016",0.495777430891739,"AU","AUS"
"Australia","2017",0.483843558608876,"AU","AUS"
"Australia","2018",0.470195181486376,"AU","AUS"
"Belgium","2005",0.501160057716015,"BE","BEL"
"Belgium","2007",0.514194528692004,"BE","BEL"
"Belgium","2008",0.490348494453681,"BE","BEL"
"Belgium","2009",0.471251573252162,"BE","BEL"
"Belgium","2010",0.485616688326674,"BE","BEL"
"Belgium","2011",0.479076501429274,"BE","BEL"
"Belgium","2012",0.477677752874761,"BE","BEL"
"Belgium","2013",0.472928570690976,"BE","BEL"
"Belgium","2014",0.469757931217331,"BE","BEL"
"Belgium","2015",0.461474649155779,"BE","BEL"
"Belgium","2016",0.469022185809787,"BE","BEL"
"Belgium","2017",0.469660060159233,"BE","BEL"
"Belgium","2018",0.472359335168496,"BE","BEL"
"Belgium","2019",0.467743998012753,"BE","BEL"
"Canada","2005",0.496955898901522,"CA","CAN"
"Canada","2007",0.508652762559154,"CA","CAN"
"Canada","2008",0.488047576346502,"CA","CAN"
"Canada","2009",0.490422473556977,"CA","CAN"
"Canada","2010",0.489975284959558,"CA","CAN"
"Canada","2011",0.476203316300927,"CA","CAN"
"Canada","2012",0.470298738607534,"CA","CAN"
"Canada","2013",0.468539909332061,"CA","CAN"
"Canada","2014",0.47387225958269,"CA","CAN"
"Canada","2015",0.483345833957275,"CA","CAN"
"Canada","2016",0.480966841117955,"CA","CAN"
"Canada","2017",0.489186665734002,"CA","CAN"
"Canada","2018",0.488548263868825,"CA","CAN"
"Canada","2019",0.480243205650743,"CA","CAN"
"Switzerland","2005",0.716747866761235,"CH","CHE"
"Switzerland","2007",0.725685081918413,"CH","CHE"
"Switzerland","2008",0.730044668126684,"CH","CHE"
"Switzerland","2009",0.694057871275678,"CH","CHE"
"Switzerland","2010",0.709621170982277,"CH","CHE"
"Switzerland","2011",0.69793134288961,"CH","CHE"
"Switzerland","2012",0.701492422855953,"CH","CHE"
"Switzerland","2013",0.700621628445885,"CH","CHE"
"Switzerland","2014",0.697615360185113,"CH","CHE"
"Switzerland","2015",0.684548075581409,"CH","CHE"
"Switzerland","2016",0.674600468975321,"CH","CHE"
"Switzerland","2017",0.679003015213509,"CH","CHE"
"Switzerland","2018",0.6827762292893,"CH","CHE"
"Switzerland","2019",0.699351164758371,"CH","CHE"
"Chile","2005",0.6689558472061,"CL","CHL"
"Chile","2007",0.679074743078583,"CL","CHL"
"Chile","2008",0.707711133434067,"CL","CHL"
"Chile","2009",0.600627184907241,"CL","CHL"
"Chile","2010",0.630317281354431,"CL","CHL"
"Chile","2011",0.640591002877409,"CL","CHL"
"Chile","2012",0.645633946900287,"CL","CHL"
"Chile","2013",0.637910442446298,"CL","CHL"
"Chile","2014",0.6353172606422,"CL","CHL"
"Chile","2015",0.642838654235536,"CL","CHL"
"Chile","2016",0.6342910951359,"CL","CHL"
"Chile","2017",0.638195438001446,"CL","CHL"
"Chile","2018",0.642423625324012,"CL","CHL"
"Chile","2019",0.625270170224892,"CL","CHL"
"Colombia","2005",0.420389693734265,"CO","COL"
"Colombia","2007",0.452690524947151,"CO","COL"
"Colombia","2008",0.4826008532841,"CO","COL"
"Colombia","2009",0.42960544171111,"CO","COL"
"Colombia","2010",0.444874813848322,"CO","COL"
"Colombia","2011",0.490388680738046,"CO","COL"
"Colombia","2012",0.462436548644921,"CO","COL"
"Colombia","2013",0.405465129187652,"CO","COL"
"Colombia","2014",0.422509423949585,"CO","COL"
"Colombia","2015",0.414249785033447,"CO","COL"
"Colombia","2016",0.384774138430504,"CO","COL"
"Colombia","2017",0.371582511935366,"CO","COL"
"Colombia","2018",0.383509793279981,"CO","COL"
"Colombia","2019",0.393668824246729,"CO","COL"
"Czech Republic","2005",0.559651969829608,"CZ","CZE"
"Czech Republic","2007",0.5353978008475,"CZ","CZE"
"Czech Republic","2008",0.564285747638131,"CZ","CZE"
"Czech Republic","2009",0.548441422699587,"CZ","CZE"
"Czech Republic","2010",0.523791980009375,"CZ","CZE"
"Czech Republic","2011",0.547024004659851,"CZ","CZE"
"Czech Republic","2012",0.565403520556444,"CZ","CZE"
"Czech Republic","2013",0.563640626486617,"CZ","CZE"
"Czech Republic","2014",0.580515463706693,"CZ","CZE"
"Czech Republic","2015",0.582832950791013,"CZ","CZE"
"Czech Republic","2016",0.595785368946662,"CZ","CZE"
"Czech Republic","2017",0.616986817449799,"CZ","CZE"
"Czech Republic","2018",0.60649904216116,"CZ","CZE"
"Czech Republic","2019",0.606440705735099,"CZ","CZE"
"Germany","2005",0.553118409758815,"DE","DEU"
"Germany","2007",0.551686226147868,"DE","DEU"
"Germany","2008",0.555434254015177,"DE","DEU"
"Germany","2009",0.553976984966723,"DE","DEU"
"Germany","2010",0.547854839361149,"DE","DEU"
"Germany","2011",0.559842662872089,"DE","DEU"
"Germany","2012",0.555258796744905,"DE","DEU"
"Germany","2013",0.549981091839256,"DE","DEU"
"Germany","2014",0.553545809514176,"DE","DEU"
"Germany","2015",0.56139192435958,"DE","DEU"
"Germany","2016",0.560202274186005,"DE","DEU"
"Germany","2017",0.561900343042486,"DE","DEU"
"Germany","2018",0.565772232516194,"DE","DEU"
"Germany","2019",0.567491940218199,"DE","DEU"
"Denmark","2005",0.620062909742624,"DK","DNK"
"Denmark","2007",0.646896071690009,"DK","DNK"
"Denmark","2008",0.611480357220723,"DK","DNK"
"Denmark","2009",0.579970208959739,"DK","DNK"
"Denmark","2010",0.57470858538317,"DK","DNK"
"Denmark","2011",0.584266521835758,"DK","DNK"
"Denmark","2012",0.586333387440689,"DK","DNK"
"Denmark","2013",0.569043551710394,"DK","DNK"
"Denmark","2014",0.574223946071935,"DK","DNK"
"Denmark","2015",0.576585775799131,"DK","DNK"
"Denmark","2016",0.599510528401581,"DK","DNK"
"Denmark","2017",0.612863844528219,"DK","DNK"
"Denmark","2018",0.618343402190089,"DK","DNK"
"Denmark","2019",0.61537353972322,"DK","DNK"
"Estonia","2005",0.704147754837738,"EE","EST"
"Estonia","2007",0.808686217303737,"EE","EST"
"Estonia","2008",0.671386754390685,"EE","EST"
"Estonia","2009",0.731635544361053,"EE","EST"
"Estonia","2010",0.664354654762913,"EE","EST"
"Estonia","2011",0.667237587825144,"EE","EST"
"Estonia","2012",0.686375945204622,"EE","EST"
"Estonia","2013",0.658747322134417,"EE","EST"
"Estonia","2014",0.693519231548656,"EE","EST"
"Estonia","2015",0.723744063566784,"EE","EST"
"Estonia","2016",0.720355537478577,"EE","EST"
"Estonia","2017",0.736816592674444,"EE","EST"
"Estonia","2018",0.738096636031239,"EE","EST"
"Estonia","2019",0.73549304617323,"EE","EST"
"Spain","2005",0.562170291351406,"ES","ESP"
"Spain","2007",0.524590180382168,"ES","ESP"
"Spain","2008",0.41204042462353,"ES","ESP"
"Spain","2009",0.290048923382803,"ES","ESP"
"Spain","2010",0.438120455484339,"ES","ESP"
"Spain","2011",0.381479854992386,"ES","ESP"
"Spain","2012",0.399731424886585,"ES","ESP"
"Spain","2013",0.385885968309929,"ES","ESP"
"Spain","2014",0.40622394588464,"ES","ESP"
"Spain","2015",0.42807233825758,"ES","ESP"
"Spain","2016",0.433164412976556,"ES","ESP"
"Spain","2017",0.439643198074384,"ES","ESP"
"Spain","2018",0.446295375085126,"ES","ESP"
"Spain","2019",0.444288453636488,"ES","ESP"
"Finland","2005",0.605180215871674,"FI","FIN"
"Finland","2007",0.60362340758453,"FI","FIN"
"Finland","2008",0.583144016982608,"FI","FIN"
"Finland","2009",0.559286342371984,"FI","FIN"
"Finland","2010",0.551378321563638,"FI","FIN"
"Finland","2011",0.560973239162833,"FI","FIN"
"Finland","2012",0.562208651393128,"FI","FIN"
"Finland","2013",0.554408853634654,"FI","FIN"
"Finland","2014",0.546140011068069,"FI","FIN"
"Finland","2015",0.535208566044974,"FI","FIN"
"Finland","2016",0.547143098451308,"FI","FIN"
"Finland","2017",0.561258733564395,"FI","FIN"
"Finland","2018",0.57137416502989,"FI","FIN"
"Finland","2019",0.574487264756694,"FI","FIN"
"France","2005",0.519896664769952,"FR","FRA"
"France","2007",0.51494469267274,"FR","FRA"
"France","2008",0.501802686040612,"FR","FRA"
"France","2009",0.470743472458045,"FR","FRA"
"France","2010",0.476564157495676,"FR","FRA"
"France","2011",0.483086108104225,"FR","FRA"
"France","2012",0.483041968597776,"FR","FRA"
"France","2013",0.483017640120405,"FR","FRA"
"France","2014",0.481709460091113,"FR","FRA"
"France","2015",0.485072744844309,"FR","FRA"
"France","2016",0.485566300661103,"FR","FRA"
"France","2017",0.498214328093252,"FR","FRA"
"France","2018",0.505856725804078,"FR","FRA"
"France","2019",0.517805659199353,"FR","FRA"
"United Kingdom","2005",0.441372959864307,"GB","GBR"
"United Kingdom","2007",0.444552889267652,"GB","GBR"
"United Kingdom","2008",0.425992014416452,"GB","GBR"
"United Kingdom","2009",0.429785202762806,"GB","GBR"
"United Kingdom","2010",0.436608665908029,"GB","GBR"
"United Kingdom","2011",0.436153318739162,"GB","GBR"
"United Kingdom","2012",0.433273783703144,"GB","GBR"
"United Kingdom","2013",0.436467181592052,"GB","GBR"
"United Kingdom","2014",0.443054450641221,"GB","GBR"
"United Kingdom","2015",0.451054621187879,"GB","GBR"
"United Kingdom","2016",0.447279087450493,"GB","GBR"
"United Kingdom","2017",0.450841808192219,"GB","GBR"
"United Kingdom","2018",0.455886544255349,"GB","GBR"
"United Kingdom","2019",0.460190715172996,"GB","GBR"
"Greece","2005",0.470194463502095,"GR","GRC"
"Greece","2007",0.47720979201764,"GR","GRC"
"Greece","2008",0.455433315646526,"GR","GRC"
"Greece","2009",0.387051227735638,"GR","GRC"
"Greece","2010",0.454266395058897,"GR","GRC"
"Greece","2011",0.380444226596512,"GR","GRC"
"Greece","2012",0.371576667052243,"GR","GRC"
"Greece","2013",0.365094650501123,"GR","GRC"
"Greece","2014",0.376659164117894,"GR","GRC"
"Greece","2015",0.389779488720331,"GR","GRC"
"Greece","2016",0.444845746987401,"GR","GRC"
"Greece","2017",0.426054210474304,"GR","GRC"
"Greece","2018",0.44149841707223,"GR","GRC"
"Hungary","2005",0.47898569574394,"HU","HUN"
"Hungary","2007",0.581528843529775,"HU","HUN"
"Hungary","2008",0.563613288822035,"HU","HUN"
"Hungary","2009",0.614479872242192,"HU","HUN"
"Hungary","2010",0.515567366289723,"HU","HUN"
"Hungary","2011",0.51157619075699,"HU","HUN"
"Hungary","2012",0.518719537389614,"HU","HUN"
"Hungary","2013",0.521173583949109,"HU","HUN"
"Hungary","2014",0.557821623347803,"HU","HUN"
"Hungary","2015",0.590982667763733,"HU","HUN"
"Hungary","2016",0.553637695146197,"HU","HUN"
"Hungary","2017",0.560067503268278,"HU","HUN"
"Hungary","2018",0.593479727251894,"HU","HUN"
"Hungary","2019",0.596916684252637,"HU","HUN"
"Ireland","2005",0.660565063463771,"IE","IRL"
"Ireland","2007",0.633266171352795,"IE","IRL"
"Ireland","2008",0.552460856497701,"IE","IRL"
"Ireland","2009",0.461551532482278,"IE","IRL"
"Ireland","2010",0.475813782854678,"IE","IRL"
"Ireland","2011",0.461326687421851,"IE","IRL"
"Ireland","2012",0.442352007377961,"IE","IRL"
"Ireland","2013",0.446293979090206,"IE","IRL"
"Ireland","2014",0.482853728584531,"IE","IRL"
"Ireland","2015",0.478723128113766,"IE","IRL"
"Ireland","2016",0.485071157737827,"IE","IRL"
"Ireland","2017",0.482571892802237,"IE","IRL"
"Ireland","2018",0.498319314997512,"IE","IRL"
"Ireland","2019",0.506400082464795,"IE","IRL"
"Israel","2005",0.614792639941475,"IL","ISR"
"Israel","2007",0.656552806988296,"IL","ISR"
"Israel","2008",0.645887493266917,"IL","ISR"
"Israel","2009",0.652432020485369,"IL","ISR"
"Israel","2010",0.65239673193244,"IL","ISR"
"Israel","2011",0.655144291333383,"IL","ISR"
"Israel","2012",0.642824159548473,"IL","ISR"
"Israel","2013",0.645093276734693,"IL","ISR"
"Israel","2014",0.630056991087843,"IL","ISR"
"Israel","2015",0.626872566680966,"IL","ISR"
"Israel","2016",0.634989750859946,"IL","ISR"
"Israel","2017",0.627203713238766,"IL","ISR"
"Israel","2018",0.626779591501195,"IL","ISR"
"Israel","2019",0.61658018246661,"IL","ISR"
"Iceland","2005",0.613533820553735,"IS","ISL"
"Iceland","2007",0.590079187515888,"IS","ISL"
"Iceland","2008",0.516643812602283,"IS","ISL"
"Iceland","2009",0.438312624873047,"IS","ISL"
"Iceland","2010",0.416451911663597,"IS","ISL"
"Iceland","2011",0.421595654327228,"IS","ISL"
"Iceland","2012",0.43193261832301,"IS","ISL"
"Iceland","2013",0.432980237137746,"IS","ISL"
"Iceland","2014",0.441566227563115,"IS","ISL"
"Iceland","2015",0.51083639366535,"IS","ISL"
"Iceland","2016",0.534600508971845,"IS","ISL"
"Iceland","2017",0.574136593609768,"IS","ISL"
"Iceland","2018",0.551922564638564,"IS","ISL"
"Iceland","2019",0.532046537318783,"IS","ISL"
"Italy","2005",0.390073639275451,"IT","ITA"
"Italy","2007",0.410237441173402,"IT","ITA"
"Italy","2008",0.390687540562487,"IT","ITA"
"Italy","2009",0.36277821107384,"IT","ITA"
"Italy","2010",0.402571115355399,"IT","ITA"
"Italy","2011",0.399156999838071,"IT","ITA"
"Italy","2012",0.374973056000501,"IT","ITA"
"Italy","2013",0.370323177974951,"IT","ITA"
"Italy","2014",0.365494882390139,"IT","ITA"
"Italy","2015",0.37466873787002,"IT","ITA"
"Italy","2016",0.374172482511305,"IT","ITA"
"Italy","2017",0.386312508562448,"IT","ITA"
"Italy","2018",0.384826267164724,"IT","ITA"
"Italy","2019",0.390978179470487,"IT","ITA"
"Japan","2005",0.703576026691172,"JP","JPN"
"Japan","2007",0.678332027233437,"JP","JPN"
"Japan","2008",0.658168257914364,"JP","JPN"
"Japan","2009",0.660209144204045,"JP","JPN"
"Japan","2010",0.678165968536806,"JP","JPN"
"Japan","2011",0.683896118879196,"JP","JPN"
"Japan","2012",0.683376366031033,"JP","JPN"
"Japan","2013",0.700816221164037,"JP","JPN"
"Japan","2014",0.686424185531324,"JP","JPN"
"Japan","2015",0.730116435420742,"JP","JPN"
"Japan","2016",0.71598018408699,"JP","JPN"
"Japan","2017",0.717716684683885,"JP","JPN"
"Japan","2018",0.720545719119771,"JP","JPN"
"Japan","2019",0.771981031425176,"JP","JPN"
"Korea","2005",0.614311982655441,"KR","KOR"
"Korea","2007",0.604444591422651,"KR","KOR"
"Korea","2008",0.604675096148446,"KR","KOR"
"Korea","2009",0.624455003812482,"KR","KOR"
"Korea","2010",0.644971710893298,"KR","KOR"
"Korea","2011",0.641072676245914,"KR","KOR"
"Korea","2012",0.658756693531129,"KR","KOR"
"Korea","2013",0.639892411896921,"KR","KOR"
"Korea","2014",0.659115576269537,"KR","KOR"
"Korea","2015",0.604802288199821,"KR","KOR"
"Korea","2016",0.661216372976855,"KR","KOR"
"Korea","2017",0.68758794691922,"KR","KOR"
"Korea","2018",0.68028758046424,"KR","KOR"
"Korea","2019",0.697104007656658,"KR","KOR"
"Lithuania","2005",0.519449479630431,"LT","LTU"
"Lithuania","2007",0.613323652461545,"LT","LTU"
"Lithuania","2008",0.583883264337625,"LT","LTU"
"Lithuania","2009",0.468991059081357,"LT","LTU"
"Lithuania","2010",0.486716344167108,"LT","LTU"
"Lithuania","2011",0.509580083083151,"LT","LTU"
"Lithuania","2012",0.498426409248315,"LT","LTU"
"Lithuania","2013",0.495821690312722,"LT","LTU"
"Lithuania","2014",0.506830121277424,"LT","LTU"
"Lithuania","2015",0.511686888251371,"LT","LTU"
"Lithuania","2016",0.5128446132896,"LT","LTU"
"Lithuania","2017",0.527731195587412,"LT","LTU"
"Lithuania","2018",0.525730123264973,"LT","LTU"
"Lithuania","2019",0.541101687757273,"LT","LTU"
"Luxembourg","2005",0.848292286324491,"LU","LUX"
"Luxembourg","2007",0.963060412832223,"LU","LUX"
"Luxembourg","2008",0.962480693160501,"LU","LUX"
"Luxembourg","2009",0.974893079150523,"LU","LUX"
"Luxembourg","2010",0.994794856211679,"LU","LUX"
"Luxembourg","2011",1.06208709957799,"LU","LUX"
"Luxembourg","2012",1.11210177996333,"LU","LUX"
"Luxembourg","2013",1.16199321807233,"LU","LUX"
"Luxembourg","2014",1.23381269635142,"LU","LUX"
"Luxembourg","2015",0.949323641923525,"LU","LUX"
"Luxembourg","2016",0.91730673900036,"LU","LUX"
"Luxembourg","2017",0.864766363497651,"LU","LUX"
"Luxembourg","2018",0.8915729305695,"LU","LUX"
"Luxembourg","2019",0.885681766395176,"LU","LUX"
"Latvia","2005",0.570763825276793,"LV","LVA"
"Latvia","2007",0.608237285808635,"LV","LVA"
"Latvia","2008",0.49307054329642,"LV","LVA"
"Latvia","2009",0.381880778261884,"LV","LVA"
"Latvia","2010",0.424999832523161,"LV","LVA"
"Latvia","2011",0.423092015779877,"LV","LVA"
"Latvia","2012",0.45655429600651,"LV","LVA"
"Latvia","2013",0.488354801083244,"LV","LVA"
"Latvia","2014",0.505520343240825,"LV","LVA"
"Latvia","2015",0.517874598701877,"LV","LVA"
"Latvia","2016",0.541874183323801,"LV","LVA"
"Latvia","2017",0.542219103033808,"LV","LVA"
"Latvia","2018",0.58316467451534,"LV","LVA"
"Latvia","2019",0.589713748373608,"LV","LVA"
"Mexico","2005",0.292795909332638,"MX","MEX"
"Mexico","2007",0.320236374010403,"MX","MEX"
"Mexico","2008",0.333623420833574,"MX","MEX"
"Mexico","2009",0.30046106494508,"MX","MEX"
"Mexico","2010",0.321630656444226,"MX","MEX"
"Mexico","2011",0.313918394689451,"MX","MEX"
"Mexico","2012",0.313908829864471,"MX","MEX"
"Mexico","2013",0.284151078536842,"MX","MEX"
"Mexico","2014",0.321198756766892,"MX","MEX"
"Mexico","2015",0.321958318655238,"MX","MEX"
"Mexico","2016",0.333996867940045,"MX","MEX"
"Mexico","2017",0.318029011998299,"MX","MEX"
"Mexico","2018",0.338390807180329,"MX","MEX"
"Netherlands","2005",0.548332179782911,"NL","NLD"
"Netherlands","2007",0.581856310683828,"NL","NLD"
"Netherlands","2008",0.562700389025019,"NL","NLD"
"Netherlands","2009",0.517244716390255,"NL","NLD"
"Netherlands","2010",0.540171503882601,"NL","NLD"
"Netherlands","2011",0.517834553042574,"NL","NLD"
"Netherlands","2012",0.515894956319228,"NL","NLD"
"Netherlands","2013",0.471629156117989,"NL","NLD"
"Netherlands","2014",0.468596681969462,"NL","NLD"
"Netherlands","2015",0.487597335581894,"NL","NLD"
"Netherlands","2016",0.514299988155268,"NL","NLD"
"Netherlands","2017",0.519348068257175,"NL","NLD"
"Netherlands","2018",0.525719535728772,"NL","NLD"
"Netherlands","2019",0.559025402665908,"NL","NLD"
"Norway","2005",0.573350855320057,"NO","NOR"
"Norway","2007",0.627583683921712,"NO","NOR"
"Norway","2008",0.569422677188883,"NO","NOR"
"Norway","2009",0.545970844181737,"NO","NOR"
"Norway","2010",0.559243682295416,"NO","NOR"
"Norway","2011",0.563387688933709,"NO","NOR"
"Norway","2012",0.569967550689293,"NO","NOR"
"Norway","2013",0.570324741923934,"NO","NOR"
"Norway","2014",0.563237470154659,"NO","NOR"
"Norway","2015",0.560195950696206,"NO","NOR"
"Norway","2016",0.567706046121266,"NO","NOR"
"Norway","2017",0.572986753932971,"NO","NOR"
"Norway","2018",0.575541799716688,"NO","NOR"
"Norway","2019",0.570887171681765,"NO","NOR"
"New Zealand","2005",1.0302334481439,"NZ","NZL"
"New Zealand","2007",0.960400858526621,"NZ","NZL"
"New Zealand","2008",0.964282721795233,"NZ","NZL"
"New Zealand","2009",0.973774567842766,"NZ","NZL"
"New Zealand","2010",1.10321576763485,"NZ","NZL"
"New Zealand","2011",0.926989429107943,"NZ","NZL"
"New Zealand","2012",0.93648914659729,"NZ","NZL"
"New Zealand","2013",0.944692074828621,"NZ","NZL"
"New Zealand","2014",0.962463271656559,"NZ","NZL"
"New Zealand","2015",0.973796566938365,"NZ","NZL"
"New Zealand","2016",0.960455126490086,"NZ","NZL"
"New Zealand","2017",0.985858115579352,"NZ","NZL"
"New Zealand","2018",0.990511277085472,"NZ","NZL"
"New Zealand","2019",0.962941747418333,"NZ","NZL"
"Poland","2005",0.471422173009692,"PL","POL"
"Poland","2007",0.532286429372497,"PL","POL"
"Poland","2008",0.495455712651638,"PL","POL"
"Poland","2009",0.45081215646979,"PL","POL"
"Poland","2010",0.471652570151211,"PL","POL"
"Poland","2011",0.475317972830292,"PL","POL"
"Poland","2012",0.43038528635734,"PL","POL"
"Poland","2013",0.426273730707245,"PL","POL"
"Poland","2014",0.437703103270793,"PL","POL"
"Poland","2015",0.436053663750355,"PL","POL"
"Poland","2016",0.45292884606788,"PL","POL"
"Poland","2017",0.492971735726145,"PL","POL"
"Poland","2018",0.518582405713446,"PL","POL"
"Poland","2019",0.512224395044308,"PL","POL"
"Portugal","2005",0.558895691866855,"PT","PRT"
"Portugal","2007",0.509830650398477,"PT","PRT"
"Portugal","2008",0.492164992887807,"PT","PRT"
"Portugal","2009",0.43062831586032,"PT","PRT"
"Portugal","2010",0.476744881492871,"PT","PRT"
"Portugal","2011",0.454502842469633,"PT","PRT"
"Portugal","2012",0.47275676157212,"PT","PRT"
"Portugal","2013",0.458647515829207,"PT","PRT"
"Portugal","2014",0.485027165628756,"PT","PRT"
"Portugal","2015",0.496696126834419,"PT","PRT"
"Portugal","2016",0.492983413095105,"PT","PRT"
"Portugal","2017",0.50963906441055,"PT","PRT"
"Portugal","2018",0.521871189118854,"PT","PRT"
"Portugal","2019",0.533426244047862,"PT","PRT"
"Sweden","2005",0.538037187947319,"SE","SWE"
"Sweden","2007",0.562247895777399,"SE","SWE"
"Sweden","2008",0.57095981822191,"SE","SWE"
"Sweden","2009",0.554938379452531,"SE","SWE"
"Sweden","2010",0.574071076913643,"SE","SWE"
"Sweden","2011",0.567481492067493,"SE","SWE"
"Sweden","2012",0.551259593028126,"SE","SWE"
"Sweden","2013",0.548889258935089,"SE","SWE"
"Sweden","2014",0.552864975956663,"SE","SWE"
"Sweden","2015",0.565724437505169,"SE","SWE"
"Sweden","2016",0.581951707088282,"SE","SWE"
"Sweden","2017",0.587694637748296,"SE","SWE"
"Sweden","2018",0.590496138412459,"SE","SWE"
"Sweden","2019",0.590277540724591,"SE","SWE"
"Slovenia","2005",0.665119836641982,"SI","SVN"
"Slovenia","2007",0.693187341419121,"SI","SVN"
"Slovenia","2008",0.684006853572761,"SI","SVN"
"Slovenia","2009",0.58702936569084,"SI","SVN"
"Slovenia","2010",0.587336013323467,"SI","SVN"
"Slovenia","2011",0.585540610568412,"SI","SVN"
"Slovenia","2012",0.570260812855614,"SI","SVN"
"Slovenia","2013",0.620526094537415,"SI","SVN"
"Slovenia","2014",0.582573706644382,"SI","SVN"
"Slovenia","2015",0.584130101900943,"SI","SVN"
"Slovenia","2016",0.575531867127735,"SI","SVN"
"Slovenia","2017",0.585563765422466,"SI","SVN"
"Slovenia","2018",0.601129650070903,"SI","SVN"
"Slovenia","2019",0.582071408166565,"SI","SVN"
"Slovak Republic","2005",0.614950863560324,"SK","SVK"
"Slovak Republic","2007",0.533299743272368,"SK","SVK"
"Slovak Republic","2008",0.532271442232752,"SK","SVK"
"Slovak Republic","2009",0.474315765904462,"SK","SVK"
"Slovak Republic","2010",0.458933549214324,"SK","SVK"
"Slovak Republic","2011",0.489558221496352,"SK","SVK"
"Slovak Republic","2012",0.432763414269664,"SK","SVK"
"Slovak Republic","2013",0.469350571731546,"SK","SVK"
"Slovak Republic","2014",0.492353589893832,"SK","SVK"
"Slovak Republic","2015",0.515974682396677,"SK","SVK"
"Slovak Republic","2016",0.497055283231609,"SK","SVK"
"Slovak Republic","2017",0.515925996816235,"SK","SVK"
"Slovak Republic","2018",0.520279674012681,"SK","SVK"
"Slovak Republic","2019",0.528689282044497,"SK","SVK"
"Turkey","2005",0.3977803245952,"TR","TUR"
"Turkey","2007",0.383729492923588,"TR","TUR"
"Turkey","2008",0.370162241241637,"TR","TUR"
"Turkey","2009",0.357470173197596,"TR","TUR"
"Turkey","2010",0.412091695158244,"TR","TUR"
"Turkey","2011",0.439754264545322,"TR","TUR"
"Turkey","2012",0.404290335384939,"TR","TUR"
"Turkey","2013",0.439666203733236,"TR","TUR"
"Turkey","2014",0.399439995336932,"TR","TUR"
"Turkey","2015",0.416593507839047,"TR","TUR"
"Turkey","2016",0.400094350083281,"TR","TUR"
"Turkey","2017",0.405748230551249,"TR","TUR"
"Turkey","2018",0.399426230346485,"TR","TUR"
"Turkey","2019",0.339862977684008,"TR","TUR"
