"iso_2","iso_3","country","year","beer_excise_hl_usd","beer_low_alc_usd","still_wine_excise_hl_usd","sparkling_wine_excise_hl_usd","low_alc_excise_hl_usd","alc_excise_hl_usd","small_dist_rate","cigarette_excise_1k_usd","cigarette_excise_1k_pct_rsp","cigar_excise_1k_usd","cigar_excise_1k_pct_rsp","roll_tob_excise_1kg_usd","roll_tob_excise_1kg_pct_rsp","cig_pack_ex_tax_price_usd","cig_pack_specific_pct_rsp","cig_pack_ad_val_pct_rsp","cig_pack_sales_pct_rsp","cig_pack_total_tax_pct_rsp","cig_pack_price_usd","unleaded_total_tax_pct_price","unleaded_excise_pct_price","diesel_total_tax_pct_price","diesel_excise_pct_price","household_fuel_total_tax_pct_price","household_fuel_excise_pct_price"
"AT","AUT","Austria",2014,NA,NA,NA,NA,NA,NA,NA,NA,NA,NA,NA,NA,NA,1.37147688838782,20,39,16.67,75.67,5.6369785794814,NA,NA,NA,NA,NA,NA
"AT","AUT","Austria",2016,NA,NA,NA,NA,NA,NA,NA,NA,NA,NA,NA,NA,NA,1.13102654867257,24.36,37.5,16.67,78.52,5.26548672566372,NA,NA,NA,NA,NA,NA
"AT","AUT","Austria",2017,NA,NA,NA,NA,NA,NA,NA,NA,NA,NA,NA,NA,NA,NA,NA,NA,NA,NA,NA,58.0813172043011,41.4146505376344,59.375,42.7083333333333,31.9842608206858,15.3175941540191
"AT","AUT","Austria",2018,5.61797752808989,NA,0,112.359550561798,0,1348.31460674157,1,65.1685393258427,37.5,0,13,0,56,NA,NA,NA,NA,NA,NA,NA,NA,NA,NA,NA,NA
"AT","AUT","Austria",2019,NA,NA,NA,NA,NA,NA,NA,NA,NA,NA,NA,NA,NA,NA,NA,NA,NA,NA,NA,56.0479523528929,39.3812856862263,50.6296978611,33.9630588309425,30.4292929292929,13.7626262626263
"AT","AUT","Austria",2020,5.61797752808989,NA,0,112.359550561798,0,1348.31460674157,1,65.1685393258427,37.5,0,13,0,56,NA,NA,NA,NA,NA,NA,NA,NA,NA,NA,NA,NA
"AU","AUS","Australia",2014,NA,NA,NA,NA,NA,NA,NA,NA,NA,NA,NA,NA,NA,6.39333333333333,51.17,0,9.09,60.27,16.0919540229885,NA,NA,NA,NA,NA,NA
"AU","AUS","Australia",2016,NA,NA,NA,NA,NA,NA,NA,NA,NA,NA,NA,NA,NA,6.61540229885058,49.8,0,9.09,58.89,16.0919540229885,NA,NA,NA,NA,NA,NA
"AU","AUS","Australia",2017,NA,NA,NA,NA,NA,NA,NA,NA,NA,NA,NA,NA,NA,NA,NA,NA,NA,NA,NA,36.2088688513559,27.1179597604468,41.031941031941,31.9410319410319,NA,NA
"AU","AUS","Australia",2018,NA,NA,NA,NA,NA,6187.02290076336,0,405.312977099237,0,NA,0,506.656488549618,0,NA,NA,NA,NA,NA,NA,NA,NA,NA,NA,NA,NA
"AU","AUS","Australia",2019,NA,NA,NA,NA,NA,NA,NA,NA,NA,NA,NA,NA,NA,NA,NA,NA,NA,NA,NA,35.9270672829995,26.8361581920904,37.5296043656207,28.5129604365621,NA,NA
"AU","AUS","Australia",2020,NA,NA,NA,NA,NA,5628.47222222222,0,650.368055555556,0,NA,0,897.0625,0,NA,NA,NA,NA,NA,NA,NA,NA,NA,NA,NA,NA
"BE","BEL","Belgium",2014,NA,NA,NA,NA,NA,NA,NA,NA,NA,NA,NA,NA,NA,1.73069673055242,12.51,45.84,17.36,75.71,7.12514092446449,NA,NA,NA,NA,NA,NA
"BE","BEL","Belgium",2016,NA,NA,NA,NA,NA,NA,NA,NA,NA,NA,NA,NA,NA,1.57091150442478,14.33,45.84,17.36,77.53,6.99115044247788,NA,NA,NA,NA,NA,NA
"BE","BEL","Belgium",2017,NA,NA,NA,NA,NA,NA,NA,NA,NA,NA,NA,NA,NA,NA,NA,NA,NA,NA,NA,59.8723787035475,42.5170068027211,56.1178965845096,38.7625246836832,20.4409937370216,3.08562183619518
"BE","BEL","Belgium",2018,5.62921348314607,NA,84.1685393258427,288,26.8651685393258,3362.68539325843,0,72.5842696629213,40.04,0,10,47.5842696629214,31.5,NA,NA,NA,NA,NA,NA,NA,NA,NA,NA,NA,NA
"BE","BEL","Belgium",2019,NA,NA,NA,NA,NA,NA,NA,NA,NA,NA,NA,NA,NA,NA,NA,NA,NA,NA,NA,58.089839687177,40.7344677863506,56.7991250934912,39.4443370966406,20.1126768960198,2.75730499519335
"BE","BEL","Belgium",2020,5.62921348314607,NA,84.1685393258427,288,26.8651685393258,3362.68539325843,0,72.5842696629213,40.04,0,10,47.5842696629214,31.5,NA,NA,NA,NA,NA,NA,NA,NA,NA,NA,NA,NA
"CA","CAN","Canada",2014,NA,NA,NA,NA,NA,NA,NA,NA,NA,NA,NA,NA,NA,2.67872958397535,57.24,0,8.97,66.21,7.92758089368259,NA,NA,NA,NA,NA,NA
"CA","CAN","Canada",2016,NA,NA,NA,NA,NA,NA,NA,NA,NA,NA,NA,NA,NA,2.6241441509434,57.24,0,8.97,66.21,7.76603773584906,NA,NA,NA,NA,NA,NA
"CA","CAN","Canada",2017,NA,NA,NA,NA,NA,NA,NA,NA,NA,NA,NA,NA,NA,NA,NA,NA,NA,NA,NA,32.0342784949008,21.3439150046802,27.1131781659525,16.4228146757319,8.95019575707912,0
"CA","CAN","Canada",2018,NA,NA,48.4615384615385,48.4615384615385,NA,917.692307692308,0,82.9230769230769,0,NA,NA,103.653846153846,0,NA,NA,NA,NA,NA,NA,NA,NA,NA,NA,NA,NA
"CA","CAN","Canada",2019,NA,NA,NA,NA,NA,NA,NA,NA,NA,NA,NA,NA,NA,NA,NA,NA,NA,NA,NA,31.9712666666667,21.1666666666667,26.9747899159664,16.1344537815126,9.03302101337215,0
"CA","CAN","Canada",2020,NA,NA,49.0977443609023,49.0977443609023,NA,930.451127819549,0,91.6466165413534,0,NA,NA,114.556390977444,0,NA,NA,NA,NA,NA,NA,NA,NA,NA,NA,NA,NA
"CH","CHE","Switzerland",2014,NA,NA,NA,NA,NA,NA,NA,NA,NA,NA,NA,NA,NA,3.37756345177665,28.45,25,7.41,60.86,8.62944162436548,NA,NA,NA,NA,NA,NA
"CH","CHE","Switzerland",2016,NA,NA,NA,NA,NA,NA,NA,NA,NA,NA,NA,NA,NA,3.37756345177665,28.45,25,7.41,60.86,8.62944162436548,NA,NA,NA,NA,NA,NA
"CH","CHE","Switzerland",2017,NA,NA,NA,NA,NA,NA,NA,NA,NA,NA,NA,NA,NA,NA,NA,NA,NA,NA,NA,54.5747838430765,47.1673764356691,53.9489820946775,46.5415746872701,33.7957124842371,26.3883050768297
"CH","CHE","Switzerland",2018,NA,NA,0,0,0,2929.29292929293,1,119.515151515152,25,5.65656565656566,1,38.3838383838384,25,NA,NA,NA,NA,NA,NA,NA,NA,NA,NA,NA,NA
"CH","CHE","Switzerland",2019,NA,NA,NA,NA,NA,NA,NA,NA,NA,NA,NA,NA,NA,NA,NA,NA,NA,NA,NA,54.524217327923,47.1168099205156,52.0060711292679,44.8566051351062,35.7783967811823,28.628907458991
"CH","CHE","Switzerland",2020,NA,NA,0,0,0,2929.29292929293,1,119.515151515152,25,5.65656565656566,1,38.3838383838384,25,NA,NA,NA,NA,NA,NA,NA,NA,NA,NA,NA,NA
"CL","CHL","Chile",2014,NA,NA,NA,NA,NA,NA,NA,NA,NA,NA,NA,NA,NA,0.364883159637134,43.16,30,15.97,89.13,3.35679079702975,NA,NA,NA,NA,NA,NA
"CL","CHL","Chile",2016,NA,NA,NA,NA,NA,NA,NA,NA,NA,NA,NA,NA,NA,0.349724207410208,43.16,30,15.97,89.13,3.21733401481333,NA,NA,NA,NA,NA,NA
"CL","CHL","Chile",2017,NA,NA,NA,NA,NA,NA,NA,NA,NA,NA,NA,NA,NA,NA,NA,NA,NA,NA,NA,49.1487460273284,39.5062856291962,28.1512822435653,14.5615143526052,15.9663865546218,0
"CL","CHL","Chile",2018,NA,NA,NA,NA,NA,NA,0,71.4111734599494,30,0,52.6,0,59.7,NA,NA,NA,NA,NA,NA,NA,NA,NA,NA,NA,NA
"CL","CHL","Chile",2019,NA,NA,NA,NA,NA,NA,NA,NA,NA,NA,NA,NA,NA,NA,NA,NA,NA,NA,NA,48.9069458526544,39.199313240757,28.1248152820602,13.0637093682762,15.9663865546219,0
"CL","CHL","Chile",2020,NA,NA,NA,NA,NA,NA,0,65.9026888604353,30,0,52.6,0,59.7,NA,NA,NA,NA,NA,NA,NA,NA,NA,NA,NA,NA
"CO","COL","Colombia",2019,NA,NA,NA,NA,NA,NA,NA,NA,NA,NA,NA,NA,NA,NA,NA,NA,NA,NA,NA,21.9795707830231,17.2176660211184,14.3500240413246,9.56712381943862,NA,NA
"CO","COL","Colombia",2020,NA,NA,NA,NA,NA,NA,0,37.0333116924681,10,37.0333116924681,10,58.8265774209575,10,NA,NA,NA,NA,NA,NA,NA,NA,NA,NA,NA,NA
"CZ","CZE","Czech Republic",2014,NA,NA,NA,NA,NA,NA,NA,NA,NA,NA,NA,NA,NA,0.809958932238193,33.1,27,17.36,77.46,3.59342915811088,NA,NA,NA,NA,NA,NA
"CZ","CZE","Czech Republic",2016,NA,NA,NA,NA,NA,NA,NA,NA,NA,NA,NA,NA,NA,0.76323240589198,33.95,27,17.36,78.31,3.51882160392799,NA,NA,NA,NA,NA,NA
"CZ","CZE","Czech Republic",2017,NA,NA,NA,NA,NA,NA,NA,NA,NA,NA,NA,NA,NA,NA,NA,NA,NA,NA,NA,59.7846811688548,42.4293092680283,54.4742676221534,37.1188957213269,21.6442109121061,4.28883901127965
"CZ","CZE","Czech Republic",2018,3.42026507054297,NA,0,100.042753313382,0,1218.46943138093,0,62.4198375374092,27,73.1081658828559,NA,95.5964087216759,NA,NA,NA,NA,NA,NA,NA,NA,NA,NA,NA,NA,NA
"CZ","CZE","Czech Republic",2019,NA,NA,NA,NA,NA,NA,NA,NA,NA,NA,NA,NA,NA,NA,NA,NA,NA,NA,NA,57.9272329137643,40.5718610129378,51.9175531075408,34.563302926044,29.9937997313217,3.41014777307017
"CZ","CZE","Czech Republic",2020,3.48887919755778,NA,0,100.042753313382,0,1406.45442651548,0,70.2136938508504,30,81.9886611426079,NA,107.283035324902,NA,NA,NA,NA,NA,NA,NA,NA,NA,NA,NA,NA,NA
"DE","DEU","Germany",2014,NA,NA,NA,NA,NA,NA,NA,NA,NA,NA,NA,NA,NA,1.82600563697858,32.73,21.69,15.97,70.39,6.16685456595265,NA,NA,NA,NA,NA,NA
"DE","DEU","Germany",2016,NA,NA,NA,NA,NA,NA,NA,NA,NA,NA,NA,NA,NA,1.79166703539823,32.73,21.69,15.97,70.39,6.05088495575221,NA,NA,NA,NA,NA,NA
"DE","DEU","Germany",2017,NA,NA,NA,NA,NA,NA,NA,NA,NA,NA,NA,NA,NA,NA,NA,NA,NA,NA,NA,63.6218123613082,47.6554258066863,55.0324580870924,39.0660715324705,26.2495463928066,10.2831598381848
"DE","DEU","Germany",2018,2.21348314606742,NA,0,152.808988764045,0,1464.04494382022,1,110.337078651685,21.69,15.7303370786517,1.47,54.4831460674157,14.76,NA,NA,NA,NA,NA,NA,NA,NA,NA,NA,NA,NA
"DE","DEU","Germany",2019,NA,NA,NA,NA,NA,NA,NA,NA,NA,NA,NA,NA,NA,NA,NA,NA,NA,NA,NA,61.2943882160991,45.3280016614773,52.326870277156,36.3604882694139,25.0373150051786,9.07092845055679
"DE","DEU","Germany",2020,2.21348314606742,NA,0,152.808988764045,0,1464.04494382022,1,110.337078651685,21.69,15.7303370786517,1.47,54.4831460674157,14.76,NA,NA,NA,NA,NA,NA,NA,NA,NA,NA,NA,NA
"DK","DNK","Denmark",2014,NA,NA,NA,NA,NA,NA,NA,NA,NA,NA,NA,NA,NA,1.68256852945631,53.75,1,20,74.75,6.66363774042102,NA,NA,NA,NA,NA,NA
"DK","DNK","Denmark",2016,NA,NA,NA,NA,NA,NA,NA,NA,NA,NA,NA,NA,NA,1.65032679738562,53.75,1,20,74.75,6.5359477124183,NA,NA,NA,NA,NA,NA
"DK","DNK","Denmark",2017,NA,NA,NA,NA,NA,NA,NA,NA,NA,NA,NA,NA,NA,NA,NA,NA,NA,NA,NA,60.7359787186876,40.7359787186877,52.9164477141356,32.9164477141356,47.2681704260652,27.2681704260652
"DK","DNK","Denmark",2018,8.48787878787879,0,175.909090909091,226.666666666667,80.9090909090909,2272.72727272727,0,179.166666666667,1,75.7575757575758,10,119.469696969697,0,NA,NA,NA,NA,NA,NA,NA,NA,NA,NA,NA,NA
"DK","DNK","Denmark",2019,NA,NA,NA,NA,NA,NA,NA,NA,NA,NA,NA,NA,NA,NA,NA,NA,NA,NA,NA,59.3174348592012,39.3174348592012,51.1406146849556,31.1401256754444,49.6907216494845,29.6907216494845
"DK","DNK","Denmark",2020,7.30734632683658,0,168.815592203898,219.04047976012,77.6611694152923,2248.87556221889,0,260.554722638681,1,74.9625187406297,10,202.533733133433,0,NA,NA,NA,NA,NA,NA,NA,NA,NA,NA,NA,NA
"EE","EST","Estonia",2014,NA,NA,NA,NA,NA,NA,NA,NA,NA,NA,NA,NA,NA,0.976775648252536,30.53,30,16.67,77.2,4.28410372040586,NA,NA,NA,NA,NA,NA
"EE","EST","Estonia",2016,NA,NA,NA,NA,NA,NA,NA,NA,NA,NA,NA,NA,NA,0.958407079646018,30.53,30,16.67,77.2,4.20353982300885,NA,NA,NA,NA,NA,NA
"EE","EST","Estonia",2017,NA,NA,NA,NA,NA,NA,NA,NA,NA,NA,NA,NA,NA,NA,NA,NA,NA,NA,NA,57.652897854627,40.9862311879603,53.4796893667861,36.8130227001195,58.3756345177665,41.7089678510998
"EE","EST","Estonia",2018,19.0112359550562,NA,166.089887640449,166.089887640449,94.8426966292135,2817.97752808989,0,78.0898876404494,30,169.662921348315,10,86.3370786516854,0,NA,NA,NA,NA,NA,NA,NA,NA,NA,NA,NA,NA
"EE","EST","Estonia",2019,NA,NA,NA,NA,NA,NA,NA,NA,NA,NA,NA,NA,NA,NA,NA,NA,NA,NA,NA,63.946117274168,44.6117274167987,61.25,44.0178571428571,23.2336956521739,6.56702898550725
"EE","EST","Estonia",2020,14.2696629213483,NA,166.089887640449,166.089887640449,71.1797752808989,2113.48314606742,0,92.0786516853933,30,169.662921348315,10,100.707865168539,0,NA,NA,NA,NA,NA,NA,NA,NA,NA,NA,NA,NA
"ES","ESP","Spain",2014,NA,NA,NA,NA,NA,NA,NA,NA,NA,NA,NA,NA,NA,1.18707440811725,9.94,51,17.36,78.29,5.46786922209696,NA,NA,NA,NA,NA,NA
"ES","ESP","Spain",2016,NA,NA,NA,NA,NA,NA,NA,NA,NA,NA,NA,NA,NA,1.16475110619469,9.94,51,17.36,78.29,5.36504424778761,NA,NA,NA,NA,NA,NA
"ES","ESP","Spain",2017,NA,NA,NA,NA,NA,NA,NA,NA,NA,NA,NA,NA,NA,NA,NA,NA,NA,NA,NA,54.9656123289795,37.610240428153,49.9688971829734,32.613525282147,30.6803209965265,13.3249490957001
"ES","ESP","Spain",2018,NA,NA,0,0,0,1026.15730337079,1,27.0786516853933,51,0,15.8,24.7191011235955,41.5,NA,NA,NA,NA,NA,NA,NA,NA,NA,NA,NA,NA
"ES","ESP","Spain",2019,NA,NA,NA,NA,NA,NA,NA,NA,NA,NA,NA,NA,NA,NA,NA,NA,NA,NA,NA,53.8037719855902,36.4484000847637,48.5390946502058,31.1934156378601,29.9401896804494,12.584817779623
"ES","ESP","Spain",2020,NA,NA,0,0,0,1077.4606741573,1,27.752808988764,51,0,15.8,26.4044943820225,41.5,NA,NA,NA,NA,NA,NA,NA,NA,NA,NA,NA,NA
"FI","FIN","Finland",2014,NA,NA,NA,NA,NA,NA,NA,NA,NA,NA,NA,NA,NA,1.04115896279594,13.56,52,19.35,84.91,6.89966178128523,NA,NA,NA,NA,NA,NA
"FI","FIN","Finland",2016,NA,NA,NA,NA,NA,NA,NA,NA,NA,NA,NA,NA,NA,1.0215796460177,13.56,52,19.35,84.91,6.76991150442478,NA,NA,NA,NA,NA,NA
"FI","FIN","Finland",2017,NA,NA,NA,NA,NA,NA,NA,NA,NA,NA,NA,NA,NA,NA,NA,NA,NA,NA,NA,67.328370554177,47.9735318444996,53.5563444940932,34.2015057844158,44.4128331947302,25.0579944850527
"FI","FIN","Finland",2018,39.9438202247191,8.98876404494382,430.337078651685,430.337078651685,NA,5376.40449438202,0,60.3932584269663,52,11.2359550561798,34,40.7303370786517,52,NA,NA,NA,NA,NA,NA,NA,NA,NA,NA,NA,NA
"FI","FIN","Finland",2019,NA,NA,NA,NA,NA,NA,NA,NA,NA,NA,NA,NA,NA,NA,NA,NA,NA,NA,NA,65.3701149167495,46.0152762070721,57.0467637329944,37.6919341962241,44.7412422005628,25.3864034908854
"FI","FIN","Finland",2020,41.0112359550562,8.98876404494382,446.067415730337,446.067415730337,NA,5483.14606741573,0,78.3707865168539,52,33.7078651685393,34,52.247191011236,52,NA,NA,NA,NA,NA,NA,NA,NA,NA,NA,NA,NA
"FR","FRA","France",2014,NA,NA,NA,NA,NA,NA,NA,NA,NA,NA,NA,NA,NA,1.55467869222097,13.93,49.7,16.67,80.3,7.89177001127396,NA,NA,NA,NA,NA,NA
"FR","FRA","France",2016,NA,NA,NA,NA,NA,NA,NA,NA,NA,NA,NA,NA,NA,1.52544247787611,13.93,49.7,16.67,80.3,7.74336283185841,NA,NA,NA,NA,NA,NA
"FR","FRA","France",2017,NA,NA,NA,NA,NA,NA,NA,NA,NA,NA,NA,NA,NA,NA,NA,NA,NA,NA,NA,63.881636205396,47.2149695387293,59.9146110056926,43.2479443390259,32.0413436692506,15.374677002584
"FR","FRA","France",2018,8.33707865168539,4.15730337078652,4.24719101123596,10.5056179775281,4.24719101123596,1956.22471910112,0,54.7752808988764,49.7,21.3483146067416,23,75.8426966292135,37.74,NA,NA,NA,NA,NA,NA,NA,NA,NA,NA,NA,NA
"FR","FRA","France",2019,NA,NA,NA,NA,NA,NA,NA,NA,NA,NA,NA,NA,NA,NA,NA,NA,NA,NA,NA,62.5196556213087,45.852988954642,58.910825815406,42.2693268563498,33.4408602150538,16.7741935483871
"FR","FRA","France",2020,8.41573033707865,4.21348314606742,4.29213483146067,10.6067415730337,4.29213483146067,1975.88764044944,0,69.6629213483146,52.7,39.6629213483146,32.3,85.6179775280899,46.7,NA,NA,NA,NA,NA,NA,NA,NA,NA,NA,NA,NA
"GB","GBR","United Kingdom",2014,NA,NA,NA,NA,NA,NA,NA,NA,NA,NA,NA,NA,NA,2.08301158301158,47.33,16.5,16.67,80.5,10.6821106821107,NA,NA,NA,NA,NA,NA
"GB","GBR","United Kingdom",2016,NA,NA,NA,NA,NA,NA,NA,NA,NA,NA,NA,NA,NA,2.18421052631579,47.33,16.5,16.67,80.5,11.2010796221323,NA,NA,NA,NA,NA,NA
"GB","GBR","United Kingdom",2017,NA,NA,NA,NA,NA,NA,NA,NA,NA,NA,NA,NA,NA,NA,NA,NA,NA,NA,NA,65.4882154882155,48.8215488215488,64.0987896630684,47.4321229964017,35.0198412698413,18.3531746031746
"GB","GBR","United Kingdom",2018,24.4615384615385,10.7948717948718,370.064102564103,474,114.012820512821,3684.61538461538,0,278.5,16.5,347.384615384615,0,283.564102564103,0,NA,NA,NA,NA,NA,NA,NA,NA,NA,NA,NA,NA
"GB","GBR","United Kingdom",2019,NA,NA,NA,NA,NA,NA,NA,NA,NA,NA,NA,NA,NA,NA,NA,NA,NA,NA,NA,63.0719582312337,46.405291564567,60.7433324079391,44.0766530646394,23.6394557823129,18.8775510204082
"GB","GBR","United Kingdom",2020,24.4615384615385,10.7948717948718,370.064102564103,474,114.012820512821,3684.61538461538,0,292.679487179487,16.5,365.076923076923,0,300.833333333333,0,NA,NA,NA,NA,NA,NA,NA,NA,NA,NA,NA,NA
"GR","GRC","Greece",2014,NA,NA,NA,NA,NA,NA,NA,NA,NA,NA,NA,NA,NA,0.874859075535513,41.25,20,19.35,80.6,4.50958286358512,NA,NA,NA,NA,NA,NA
"GR","GRC","Greece",2016,NA,NA,NA,NA,NA,NA,NA,NA,NA,NA,NA,NA,NA,0.653550884955752,40.24,26,19.35,85.59,4.53539823008849,NA,NA,NA,NA,NA,NA
"GR","GRC","Greece",2017,NA,NA,NA,NA,NA,NA,NA,NA,NA,NA,NA,NA,NA,NA,NA,NA,NA,NA,NA,65.7407161979484,46.385877488271,51.5187649052341,32.1639261955567,51.293516448419,31.9386777387416
"GR","GRC","Greece",2018,14.0449438202247,NA,22.4719101123595,22.4719101123595,22.4719101123595,2752.80898876404,0,92.6966292134831,26,0,35,191.011235955056,0,NA,NA,NA,NA,NA,NA,NA,NA,NA,NA,NA,NA
"GR","GRC","Greece",2019,NA,NA,NA,NA,NA,NA,NA,NA,NA,NA,NA,NA,NA,NA,NA,NA,NA,NA,NA,63.7145664950672,44.3597277853898,49.2097554155693,29.8548979144533,47.7581659565835,28.4033272469061
"GR","GRC","Greece",2020,14.0449438202247,NA,0,0,0,2752.80898876404,0,92.6966292134831,26,0,35,191.011235955056,0,NA,NA,NA,NA,NA,NA,NA,NA,NA,NA,NA,NA
"HU","HUN","Hungary",2014,NA,NA,NA,NA,NA,NA,NA,NA,NA,NA,NA,NA,NA,1.11157276275084,27.26,25,21.26,73.52,4.19778233667234,NA,NA,NA,NA,NA,NA
"HU","HUN","Hungary",2016,NA,NA,NA,NA,NA,NA,NA,NA,NA,NA,NA,NA,NA,1.08356901567545,27.26,25,21.26,73.52,4.09202800481666,NA,NA,NA,NA,NA,NA
"HU","HUN","Hungary",2017,NA,NA,NA,NA,NA,NA,NA,NA,NA,NA,NA,NA,NA,NA,NA,NA,NA,NA,NA,55.6759773953376,34.4161348756526,51.9769288457526,30.7170863260675,51.8109454723541,30.5511029526691
"HU","HUN","Hungary",2018,5.90206936753133,NA,0,59.9679393762751,0,1214.60580005829,1,57.1990673273098,25,0,14,51.0055377440979,0,NA,NA,NA,NA,NA,NA,NA,NA,NA,NA,NA,NA
"HU","HUN","Hungary",2019,NA,NA,NA,NA,NA,NA,NA,NA,NA,NA,NA,NA,NA,NA,NA,NA,NA,NA,NA,53.343552899918,32.083710380233,49.5177663633115,28.2566718138435,50.0295129205245,28.7696704008395
"HU","HUN","Hungary",2020,5.57352232849377,NA,0,56.6297392142022,0,1146.99305029932,1,70.5291405766187,23,0,14,69.1529622239042,0,NA,NA,NA,NA,NA,NA,NA,NA,NA,NA,NA,NA
"IE","IRL","Ireland",2014,NA,NA,NA,NA,NA,NA,NA,NA,NA,NA,NA,NA,NA,2.64703494926719,50.36,9.2,18.7,78.26,12.1758737316798,NA,NA,NA,NA,NA,NA
"IE","IRL","Ireland",2016,NA,NA,NA,NA,NA,NA,NA,NA,NA,NA,NA,NA,NA,2.59725663716814,50.36,9.2,18.7,78.26,11.9469026548673,NA,NA,NA,NA,NA,NA
"IE","IRL","Ireland",2017,NA,NA,NA,NA,NA,NA,NA,NA,NA,NA,NA,NA,NA,NA,NA,NA,NA,NA,NA,61.4202576342117,42.7210706423418,56.4347387659923,37.7355517741224,27.6882698605638,15.7939967328105
"IE","IRL","Ireland",2018,25.3370786516854,NA,477.348314606742,954.696629213483,159.067415730337,4783.14606741573,0,347.23595505618,9.04,NA,0,376.786516853933,0,NA,NA,NA,NA,NA,NA,NA,NA,NA,NA,NA,NA
"IE","IRL","Ireland",2019,NA,NA,NA,NA,NA,NA,NA,NA,NA,NA,NA,NA,NA,NA,NA,NA,NA,NA,NA,62.3,41.970920148183,54.854552323385,36.1919153758972,26.1816882962257,14.2874151684724
"IE","IRL","Ireland",2020,25.3370786516854,NA,477.348314606742,954.696629213483,159.067415730337,4783.14606741573,0,388.808988764045,9.04,NA,0,426.775280898876,0,NA,NA,NA,NA,NA,NA,NA,NA,NA,NA,NA,NA
"IL","ISR","Israel",2014,NA,NA,NA,NA,NA,NA,NA,NA,NA,NA,NA,NA,NA,1.691,22.19,46.18,14.53,82.9,9.88888888888889,NA,NA,NA,NA,NA,NA
"IL","ISR","Israel",2016,NA,NA,NA,NA,NA,NA,NA,NA,NA,NA,NA,NA,NA,1.58489976568602,22.19,46.18,14.53,82.9,9.26841968237438,NA,NA,NA,NA,NA,NA
"IL","ISR","Israel",2017,NA,NA,NA,NA,NA,NA,NA,NA,NA,NA,NA,NA,NA,NA,NA,NA,NA,NA,NA,63.6811941889911,50.2465680394509,62.2149622149622,47.6850476850477,63.9316239316239,49.4017094017094
"IL","ISR","Israel",2018,64.1666666666667,NA,0,NA,0,2340,0,109.722222222222,NA,0,NA,126.116666666667,0,NA,NA,NA,NA,NA,NA,NA,NA,NA,NA,NA,NA
"IL","ISR","Israel",2019,NA,NA,NA,NA,NA,NA,NA,NA,NA,NA,NA,NA,NA,NA,NA,NA,NA,NA,NA,64.2620823767899,49.7321678468754,58.5201793721973,44.0264573991031,58.5504464832901,44.0205319533756
"IL","ISR","Israel",2020,66.0112359550562,NA,0,NA,0,2401.96629213483,0,112.623595505618,NA,0,NA,319.674157303371,0,NA,NA,NA,NA,NA,NA,NA,NA,NA,NA,NA,NA
"IS","ISL","Iceland",2014,NA,NA,NA,NA,NA,NA,NA,NA,NA,NA,NA,NA,NA,5.29008367339298,36.18,0,19.35,55.53,11.8958481524466,NA,NA,NA,NA,NA,NA
"IS","ISL","Iceland",2016,NA,NA,NA,NA,NA,NA,NA,NA,NA,NA,NA,NA,NA,4.56434791245903,36.18,0,19.35,55.53,10.2638810714167,NA,NA,NA,NA,NA,NA
"IS","ISL","Iceland",2017,NA,NA,NA,NA,NA,NA,NA,NA,NA,NA,NA,NA,NA,NA,NA,NA,NA,NA,NA,55.7055453231484,36.350706613471,52.3056645645628,32.9508258548854,NA,NA
"IS","ISL","Iceland",2018,NA,NA,NA,NA,NA,13798.9140610373,0,229.849279161206,0,NA,0,255.570117955439,0,NA,NA,NA,NA,NA,NA,NA,NA,NA,NA,NA,NA
"IS","ISL","Iceland",2019,NA,NA,NA,NA,NA,NA,NA,NA,NA,NA,NA,NA,NA,NA,NA,NA,NA,NA,NA,59.6823164377444,40.3274777280669,55.813837730214,36.4609258337481,NA,NA
"IS","ISL","Iceland",2020,NA,NA,NA,NA,NA,12633.5535437566,0,210.402903515211,0,NA,0,234.075524019248,0,NA,NA,NA,NA,NA,NA,NA,NA,NA,NA,NA,NA
"IT","ITA","Italy",2014,NA,NA,NA,NA,NA,NA,NA,NA,NA,NA,NA,NA,NA,1.41050732807215,6.88,51.03,18.03,75.94,5.86245772266065,NA,NA,NA,NA,NA,NA
"IT","ITA","Italy",2016,NA,NA,NA,NA,NA,NA,NA,NA,NA,NA,NA,NA,NA,1.38398230088496,6.88,51.03,18.03,75.94,5.75221238938053,NA,NA,NA,NA,NA,NA
"IT","ITA","Italy",2017,NA,NA,NA,NA,NA,NA,NA,NA,NA,NA,NA,NA,NA,NA,NA,NA,NA,NA,NA,65.4292373598615,47.3964504746156,62.0099786172487,43.9771917320029,51.9822081444914,33.9494212592455
"IT","ITA","Italy",2018,8.48314606741573,NA,0,0,0,1160.13483146067,0,21.7491573033708,59.1,0,23,0,58.5,NA,NA,NA,NA,NA,NA,NA,NA,NA,NA,NA,NA
"IT","ITA","Italy",2019,NA,NA,NA,NA,NA,NA,NA,NA,NA,NA,NA,NA,NA,NA,NA,NA,NA,NA,NA,64.3024338101076,46.2696469248617,59.7625581269601,41.7297501892506,48.8757251534494,30.8429382682035
"IT","ITA","Italy",2020,8.39887640449438,NA,0,0,0,1160.13483146067,0,21.7491573033708,59.1,0,23,0,58.5,NA,NA,NA,NA,NA,NA,NA,NA,NA,NA,NA,NA
"JP","JPN","Japan",2014,NA,NA,NA,NA,NA,NA,NA,NA,NA,NA,NA,NA,NA,1.4490665620598,55.65,0,7.41,63.06,3.92275734179698,NA,NA,NA,NA,NA,NA
"JP","JPN","Japan",2016,NA,NA,NA,NA,NA,NA,NA,NA,NA,NA,NA,NA,NA,1.49399317970825,55.65,0,7.41,63.06,4.04437785519289,NA,NA,NA,NA,NA,NA
"JP","JPN","Japan",2017,NA,NA,NA,NA,NA,NA,NA,NA,NA,NA,NA,NA,NA,NA,NA,NA,NA,NA,NA,48.3187324717379,40.9113250643305,36.731195805606,29.3237883981986,10.8665497476556,3.45914234024816
"JP","JPN","Japan",2018,NA,NA,71.3139597076128,71.3139597076128,71.3139597076128,NA,0,109.146015332501,0,109.146015332501,0,109.146015332501,0,NA,NA,NA,NA,NA,NA,NA,NA,NA,NA,NA,NA
"JP","JPN","Japan",2019,NA,NA,NA,NA,NA,NA,NA,NA,NA,NA,NA,NA,NA,NA,NA,NA,NA,NA,NA,46.9934139375412,37.9025048466321,34,27.2258497351525,12.1288793795597,3.03797028865058
"JP","JPN","Japan",2020,NA,NA,73.3272227314391,73.3272227314391,73.3272227314391,NA,0,121.493440968718,0,112.319970644895,0,112.319970644895,0,NA,NA,NA,NA,NA,NA,NA,NA,NA,NA,NA,NA
"KR","KOR","Korea",2014,NA,NA,NA,NA,NA,NA,NA,NA,NA,NA,NA,NA,NA,1.04098016232833,64.76,0,9.09,73.85,3.98080368003185,NA,NA,NA,NA,NA,NA
"KR","KOR","Korea",2016,NA,NA,NA,NA,NA,NA,NA,NA,NA,NA,NA,NA,NA,1.01406113062969,64.76,0,9.03,73.85,3.8778628322359,NA,NA,NA,NA,NA,NA
"KR","KOR","Korea",2017,NA,NA,NA,NA,NA,NA,NA,NA,NA,NA,NA,NA,NA,NA,NA,NA,NA,NA,NA,51.4453453401399,42.3544362492308,49.3405903286582,40.2496812377491,17.4580304269877,8.36712133607857
"KR","KOR","Korea",2018,NA,NA,NA,NA,NA,NA,0,128.643953866836,64.64,NA,0,91.2757376353216,0,NA,NA,NA,NA,NA,NA,NA,NA,NA,NA,NA,NA
"KR","KOR","Korea",2019,NA,NA,NA,NA,NA,NA,NA,NA,NA,NA,NA,NA,NA,NA,NA,NA,NA,NA,NA,50.8437900727234,41.7528809818143,48.5345985140095,39.4436487333274,16.6247599462429,7.53385085533384
"KR","KOR","Korea",2020,NA,NA,NA,NA,NA,NA,0,125.027885027885,64.76,NA,0,88.5456885456885,0,NA,NA,NA,NA,NA,NA,NA,NA,NA,NA,NA,NA
"LT","LTU","Lithuania",2016,NA,NA,NA,NA,NA,NA,NA,NA,NA,NA,NA,NA,NA,0.859044444444444,32.7,25,17.36,75.06,3.44444444444444,NA,NA,NA,NA,NA,NA
"LT","LTU","Lithuania",2017,NA,NA,NA,NA,NA,NA,NA,NA,NA,NA,NA,NA,NA,NA,NA,NA,NA,NA,NA,55.7576937370591,38.4023218362327,49.5545776537512,32.1992057529248,21.0797006349094,3.72432873408293
"LT","LTU","Lithuania",2018,7.98876404494382,NA,185.022471910112,185.022471910112,73.5505617977528,1870.83146067416,0,62.9213483146067,25,37.0786516853933,NA,67.685393258427,NA,NA,NA,NA,NA,NA,NA,NA,NA,NA,NA,NA,NA
"LT","LTU","Lithuania",2019,NA,NA,NA,NA,NA,NA,NA,NA,NA,NA,NA,NA,NA,NA,NA,NA,NA,NA,NA,55.1109177903436,37.7555458895172,47.2413793103448,29.9137931034483,21.5073747479141,4.15200284708767
"LT","LTU","Lithuania",2020,7.98876404494382,NA,185.022471910112,185.022471910112,73.5505617977528,2058.42696629213,0,69.9438202247191,25,47.1910112359551,NA,77.0786516853933,NA,NA,NA,NA,NA,NA,NA,NA,NA,NA,NA,NA,NA
"LU","LUX","Luxembourg",2014,NA,NA,NA,NA,NA,NA,NA,NA,NA,NA,NA,NA,NA,1.71652762119504,7.07,46.65,17,70.72,5.86245772266065,NA,NA,NA,NA,NA,NA
"LU","LUX","Luxembourg",2016,NA,NA,NA,NA,NA,NA,NA,NA,NA,NA,NA,NA,NA,1.68424778761062,7.07,46.65,17,70.72,5.75221238938053,NA,NA,NA,NA,NA,NA
"LU","LUX","Luxembourg",2017,NA,NA,NA,NA,NA,NA,NA,NA,NA,NA,NA,NA,NA,NA,NA,NA,NA,NA,NA,53.9776462853386,39.4477317554241,47.2527472527472,32.7228327228327,14.0456775742172,1.76497581983127
"LU","LUX","Luxembourg",2018,2.2247191011236,NA,0,0,0,1169.83146067416,0,21.2247191011236,46.65,0,10,17.8089887640449,33.15,NA,NA,NA,NA,NA,NA,NA,NA,NA,NA,NA,NA
"LU","LUX","Luxembourg",2019,NA,NA,NA,NA,NA,NA,NA,NA,NA,NA,NA,NA,NA,NA,NA,NA,NA,NA,NA,51.4476727929027,36.9177582629882,46.1433756805808,32.2141560798548,13.8698194762268,1.58911772184083
"LU","LUX","Luxembourg",2020,2.2247191011236,NA,0,0,0,1169.83146067416,0,21.2247191011236,46.65,0,10,18.5393258426966,33.15,NA,NA,NA,NA,NA,NA,NA,NA,NA,NA,NA,NA
"LV","LVA","Latvia",2014,NA,NA,NA,NA,NA,NA,NA,NA,NA,NA,NA,NA,NA,0.682187147688838,37.47,25,17.36,79.83,3.38218714768884,NA,NA,NA,NA,NA,NA
"LV","LVA","Latvia",2016,NA,NA,NA,NA,NA,NA,NA,NA,NA,NA,NA,NA,NA,0.669358407079646,37.47,25,17.36,79.83,3.31858407079646,NA,NA,NA,NA,NA,NA
"LV","LVA","Latvia",2017,NA,NA,NA,NA,NA,NA,NA,NA,NA,NA,NA,NA,NA,NA,NA,NA,NA,NA,NA,54.8898071625344,37.534435261708,49.4165985013022,32.0612266004757,25.2328698969015,7.87749799607507
"LV","LVA","Latvia",2018,5.0561797752809,NA,87.6404494382022,87.6404494382022,NA,1629.21348314607,0,75.2808988764045,20,82.0224719101124,NA,74.1573033707865,NA,NA,NA,NA,NA,NA,NA,NA,NA,NA,NA,NA,NA
"LV","LVA","Latvia",2019,NA,NA,NA,NA,NA,NA,NA,NA,NA,NA,NA,NA,NA,NA,NA,NA,NA,NA,NA,56.9656503400725,39.6102784392461,50.8502024291498,33.5222672064777,24.4498655780145,7.09449367718809
"LV","LVA","Latvia",2020,8.31460674157303,NA,113.483146067416,113.483146067416,NA,1757.30337078652,1,88.4269662921348,20,106.966292134831,NA,84.2696629213483,NA,NA,NA,NA,NA,NA,NA,NA,NA,NA,NA,NA,NA
"MX","MEX","Mexico",2014,NA,NA,NA,NA,NA,NA,NA,NA,NA,NA,NA,NA,NA,0.819002958736197,14.77,38.73,13.79,67.29,2.50383050668357,NA,NA,NA,NA,NA,NA
"MX","MEX","Mexico",2016,NA,NA,NA,NA,NA,NA,NA,NA,NA,NA,NA,NA,NA,0.900478354050579,13.5,40.28,13.79,67.58,2.77753964852122,NA,NA,NA,NA,NA,NA
"MX","MEX","Mexico",2017,NA,NA,NA,NA,NA,NA,NA,NA,NA,NA,NA,NA,NA,NA,NA,NA,NA,NA,NA,13.7931034482759,0,13.7931034482759,0,NA,NA
"MX","MEX","Mexico",2018,NA,NA,NA,NA,NA,NA,0,18.5479597244303,40.28,NA,NA,NA,NA,NA,NA,NA,NA,NA,NA,NA,NA,NA,NA,NA,NA
"MX","MEX","Mexico",2019,NA,NA,NA,NA,NA,NA,NA,NA,NA,NA,NA,NA,NA,NA,NA,NA,NA,NA,NA,13.7931034482759,0,13.8048908756245,0,NA,NA
"MX","MEX","Mexico",2020,NA,NA,NA,NA,NA,NA,0,25.6697819314642,39.07,NA,NA,NA,NA,NA,NA,NA,NA,NA,NA,NA,NA,NA,NA,NA,NA
"NL","NLD","Netherlands",2014,NA,NA,NA,NA,NA,NA,NA,NA,NA,NA,NA,NA,NA,2.07794813979707,54.01,0.83,17.36,72.2,7.47463359639233,NA,NA,NA,NA,NA,NA
"NL","NLD","Netherlands",2016,NA,NA,NA,NA,NA,NA,NA,NA,NA,NA,NA,NA,NA,2.03887168141593,54.01,0.83,17.36,72.2,7.33407079646018,NA,NA,NA,NA,NA,NA
"NL","NLD","Netherlands",2017,NA,NA,NA,NA,NA,NA,NA,NA,NA,NA,NA,NA,NA,NA,NA,NA,NA,NA,NA,67.5165129710584,50.161141070232,56.8914187724772,39.5360468716507,65.4922430042047,48.1368711033783
"NL","NLD","Netherlands",2018,NA,NA,99.2134831460674,99.2134831460674,49.7078651685393,1894.38202247191,0,194.494382022472,5,0,6,119.831460674157,0,NA,NA,NA,NA,NA,NA,NA,NA,NA,NA,NA,NA
"NL","NLD","Netherlands",2019,NA,NA,NA,NA,NA,NA,NA,NA,NA,NA,NA,NA,NA,NA,NA,NA,NA,NA,NA,64.9273313868795,47.5719594860531,53.7688971983563,36.5668989942628,71.8980577820231,54.5426858811966
"NL","NLD","Netherlands",2020,NA,NA,99.2134831460674,99.2134831460674,49.7078651685393,1894.38202247191,0,246.348314606742,5,0,8,175.247191011236,0,NA,NA,NA,NA,NA,NA,NA,NA,NA,NA,NA,NA
"NO","NOR","Norway",2014,NA,NA,NA,NA,NA,NA,NA,NA,NA,NA,NA,NA,NA,4.43384912959381,46.04,0,20,66.04,13.0560928433269,NA,NA,NA,NA,NA,NA
"NO","NOR","Norway",2016,NA,NA,NA,NA,NA,NA,NA,NA,NA,NA,NA,NA,NA,4.39054285714286,46.04,0,20,66.04,12.9285714285714,NA,NA,NA,NA,NA,NA
"NO","NOR","Norway",2017,NA,NA,NA,NA,NA,NA,NA,NA,NA,NA,NA,NA,NA,NA,NA,NA,NA,NA,NA,63.0397236614853,43.0397236614853,57.2093023255814,37.2093023255814,50.0952892229231,30.0952892229231
"NO","NOR","Norway",2018,NA,NA,716.807738814994,716.807738814994,NA,9165.65900846433,0,313.180169286578,0,313.180169286578,0,313.180169286578,0,NA,NA,NA,NA,NA,NA,NA,NA,NA,NA,NA,NA
"NO","NOR","Norway",2019,NA,NA,NA,NA,NA,NA,NA,NA,NA,NA,NA,NA,NA,NA,NA,NA,NA,NA,NA,60.6576035409421,40.6576035409421,54.2895263509006,34.4229486324216,45.062656641604,25.062656641604
"NO","NOR","Norway",2020,NA,NA,696.818181818182,696.818181818182,NA,8909.09090909091,0,304.545454545455,0,304.545454545455,0,304.545454545455,0,NA,NA,NA,NA,NA,NA,NA,NA,NA,NA,NA,NA
"NZ","NZL","New Zealand",2014,NA,NA,NA,NA,NA,NA,NA,NA,NA,NA,NA,NA,NA,3.84716417910448,61.9,0,13.04,74.94,15.3518123667377,NA,NA,NA,NA,NA,NA
"NZ","NZL","New Zealand",2016,NA,NA,NA,NA,NA,NA,NA,NA,NA,NA,NA,NA,NA,5.5065866388309,58.81,0,13.04,71.85,19.5615866388309,NA,NA,NA,NA,NA,NA
"NZ","NZL","New Zealand",2017,NA,NA,NA,NA,NA,NA,NA,NA,NA,NA,NA,NA,NA,NA,NA,NA,NA,NA,NA,47.26009776177,34.2166195009004,13.5252318439118,0.481753583042274,NA,NA
"NZ","NZL","New Zealand",2018,20.6056737588652,NA,NA,NA,NA,NA,0,NA,0,NA,0,NA,0,NA,NA,NA,NA,NA,NA,NA,NA,NA,NA,NA,NA
"NZ","NZL","New Zealand",2019,NA,NA,NA,NA,NA,NA,NA,NA,NA,NA,NA,NA,NA,NA,NA,NA,NA,NA,NA,46.3828566506231,33.3393783897536,15.9741984050826,3.03410707785977,NA,NA
"NZ","NZL","New Zealand",2020,19.1144736842105,NA,191.144736842105,191.144736842105,191.144736842105,NA,0,NA,0,NA,0,NA,0,NA,NA,NA,NA,NA,NA,NA,NA,NA,NA,NA,NA
"PL","POL","Poland",2014,NA,NA,NA,NA,NA,NA,NA,NA,NA,NA,NA,NA,NA,0.846446149775073,28.13,31.41,18.7,78.24,3.88991796771633,NA,NA,NA,NA,NA,NA
"PL","POL","Poland",2016,NA,NA,NA,NA,NA,NA,NA,NA,NA,NA,NA,NA,NA,0.737777777777778,31.13,31.41,18.67,81.25,3.93481481481481,NA,NA,NA,NA,NA,NA
"PL","POL","Poland",2017,NA,NA,NA,NA,NA,NA,NA,NA,NA,NA,NA,NA,NA,NA,NA,NA,NA,NA,NA,54.6819652762956,35.9827782844256,51.0554025343854,32.3562155425155,26.4484838767862,7.74929688491626
"PL","POL","Poland",2018,5.15343915343915,NA,41.7989417989418,41.7989417989418,41.7989417989418,1508.99470899471,0,54.6984126984127,31.41,103.968253968254,NA,37.3783068783069,31.41,NA,NA,NA,NA,NA,NA,NA,NA,NA,NA,NA,NA
"PL","POL","Poland",2019,NA,NA,NA,NA,NA,NA,NA,NA,NA,NA,NA,NA,NA,NA,NA,NA,NA,NA,NA,52.1465166270645,33.4473296351946,47.7790846411868,29.0798889562122,25.5855647274983,6.8863777356284
"PL","POL","Poland",2020,5.58072916666667,NA,45.3125,45.3125,45.3125,1634.11458333333,0,59.4010416666667,32.05,112.760416666667,NA,40.546875,32.05,NA,NA,NA,NA,NA,NA,NA,NA,NA,NA,NA,NA
"PT","PRT","Portugal",2014,NA,NA,NA,NA,NA,NA,NA,NA,NA,NA,NA,NA,NA,1.43134160090192,37.85,17,18.7,73.55,5.41149943630214,NA,NA,NA,NA,NA,NA
"PT","PRT","Portugal",2016,NA,NA,NA,NA,NA,NA,NA,NA,NA,NA,NA,NA,NA,1.40442477876106,37.85,17,18.7,73.55,5.30973451327434,NA,NA,NA,NA,NA,NA
"PT","PRT","Portugal",2017,NA,NA,NA,NA,NA,NA,NA,NA,NA,NA,NA,NA,NA,NA,NA,NA,NA,NA,NA,62.8726287262873,44.1734417344173,55.4462081963206,36.7470212044507,46.5192076770164,35.0147828982553
"PT","PRT","Portugal",2018,NA,NA,0,0,0,1558.34831460674,1,106.61797752809,15,0,25,89.8876404494382,15,NA,NA,NA,NA,NA,NA,NA,NA,NA,NA,NA,NA
"PT","PRT","Portugal",2019,NA,NA,NA,NA,NA,NA,NA,NA,NA,NA,NA,NA,NA,NA,NA,NA,NA,NA,NA,61.7949483180497,43.0957613261798,54.3362008493952,35.6370317539982,44.5988444379434,33.0944196591823
"PT","PRT","Portugal",2020,NA,NA,0,0,0,1558.34831460674,1,108,15,0,25,91.0112359550562,15,NA,NA,NA,NA,NA,NA,NA,NA,NA,NA,NA,NA
"SE","SWE","Sweden",2014,NA,NA,NA,NA,NA,NA,NA,NA,NA,NA,NA,NA,NA,2.32721955784302,47.5,1,20,68.5,7.38799859632706,NA,NA,NA,NA,NA,NA
"SE","SWE","Sweden",2016,NA,NA,NA,NA,NA,NA,NA,NA,NA,NA,NA,NA,NA,2.32368605466013,47.5,1,20,68.5,7.37678112590516,NA,NA,NA,NA,NA,NA
"SE","SWE","Sweden",2017,NA,NA,NA,NA,NA,NA,NA,NA,NA,NA,NA,NA,NA,NA,NA,NA,NA,NA,NA,64.2533369165995,44.2533369165995,58.7024835276229,38.7024835276229,56.3652521661853,36.3652521661853
"SE","SWE","Sweden",2018,23.625730994152,NA,NA,NA,NA,6031.46198830409,0,180.116959064327,1,159.06432748538,0,220.350877192982,0,NA,NA,NA,NA,NA,NA,NA,NA,NA,NA,NA,NA
"SE","SWE","Sweden",2019,NA,NA,NA,NA,NA,NA,NA,NA,NA,NA,NA,NA,NA,NA,NA,NA,NA,NA,NA,61.760686477038,41.760686477038,49.7013679275576,29.7026523665789,57.1038549743366,37.1038549743366
"SE","SWE","Sweden",2020,21.353065539112,NA,NA,NA,NA,5451.26849894292,0,169.133192389006,1,149.048625792812,0,206.871035940803,0,NA,NA,NA,NA,NA,NA,NA,NA,NA,NA,NA,NA
"SI","SVN","Slovenia",2014,NA,NA,NA,NA,NA,NA,NA,NA,NA,NA,NA,NA,NA,0.846786922209696,39.33,21.18,18.03,78.54,3.94588500563698,NA,NA,NA,NA,NA,NA
"SI","SVN","Slovenia",2016,NA,NA,NA,NA,NA,NA,NA,NA,NA,NA,NA,NA,NA,1.09967920353982,35.292,21.18,18.03,74.51,4.3141592920354,NA,NA,NA,NA,NA,NA
"SI","SVN","Slovenia",2017,NA,NA,NA,NA,NA,NA,NA,NA,NA,NA,NA,NA,NA,NA,NA,NA,NA,NA,NA,62.6989783796626,44.6661914944167,58.7675051436915,40.7347182584456,45.0308897212628,26.9981028360169
"SI","SVN","Slovenia",2018,13.5955056179775,NA,0,0,0,1483.14606741573,1,80.1348314606741,22.61,0,6.3,46.62,37,NA,NA,NA,NA,NA,NA,NA,NA,NA,NA,NA,NA
"SI","SVN","Slovenia",2019,NA,NA,NA,NA,NA,NA,NA,NA,NA,NA,NA,NA,NA,NA,NA,NA,NA,NA,NA,60.1399058217224,42.1071189364765,55.0161812297735,36.9741100323625,41.6342412451362,23.6014543598903
"SI","SVN","Slovenia",2020,13.5955056179775,NA,0,0,0,1483.14606741573,1,82.7415730337079,21.88,0,6.3,46.62,37,NA,NA,NA,NA,NA,NA,NA,NA,NA,NA,NA,NA
"SK","SVK","Slovak Republic",2014,NA,NA,NA,NA,NA,NA,NA,NA,NA,NA,NA,NA,NA,0.766786922209695,38.39,23,16.67,78.06,3.49492671927847,NA,NA,NA,NA,NA,NA
"SK","SVK","Slovak Republic",2016,NA,NA,NA,NA,NA,NA,NA,NA,NA,NA,NA,NA,NA,0.712931415929204,39.54,23,16.67,79.21,3.42920353982301,NA,NA,NA,NA,NA,NA
"SK","SVK","Slovak Republic",2017,NA,NA,NA,NA,NA,NA,NA,NA,NA,NA,NA,NA,NA,NA,NA,NA,NA,NA,NA,55.8554437328454,39.1887770661787,47.9591836734694,31.2925170068027,NA,NA
"SK","SVK","Slovak Republic",2018,4.03033707865169,NA,0,89.4943820224719,0,1213.48314606742,0,69.438202247191,23,79.8988764044944,NA,83.0337078651685,0,NA,NA,NA,NA,NA,NA,NA,NA,NA,NA,NA,NA
"SK","SVK","Slovak Republic",2019,NA,NA,NA,NA,NA,NA,NA,NA,NA,NA,NA,NA,NA,NA,NA,NA,NA,NA,NA,55.8554437328454,39.1887770661787,46.8032786885246,30.1639344262295,NA,NA
"SK","SVK","Slovak Republic",2020,4.03033707865169,NA,0,89.4943820224719,0,1213.48314606742,0,72.0224719101124,23,86.1797752808989,NA,86.1797752808989,0,NA,NA,NA,NA,NA,NA,NA,NA,NA,NA,NA,NA
"TR","TUR","Turkey",2014,NA,NA,NA,NA,NA,NA,NA,NA,NA,NA,NA,NA,NA,0.651685855263158,1.89,65.25,15.25,82.39,3.70065789473684,NA,NA,NA,NA,NA,NA
"TR","TUR","Turkey",2016,NA,NA,NA,NA,NA,NA,NA,NA,NA,NA,NA,NA,NA,0.787201986754967,1.89,65.25,15.25,82.39,4.47019867549669,NA,NA,NA,NA,NA,NA
"TR","TUR","Turkey",2017,NA,NA,NA,NA,NA,NA,NA,NA,NA,NA,NA,NA,NA,NA,NA,NA,NA,NA,NA,58.0320410609327,42.7778037727971,51.233102961692,35.9788656735564,42.5119267374679,27.2576894493323
"TR","TUR","Turkey",2018,2.3680701754386,NA,181.816438356164,1228.35890410959,181.816438356164,5052.00547945205,0,66.5479452054795,65.25,66.5479452054795,40,66.5479452054795,65.25,NA,NA,NA,NA,NA,NA,NA,NA,NA,NA,NA,NA
"TR","TUR","Turkey",2019,NA,NA,NA,NA,NA,NA,NA,NA,NA,NA,NA,NA,NA,NA,NA,NA,NA,NA,NA,50.0119417907538,34.7577045026182,43.3194138162937,28.0658127277561,35.7511384162764,20.4969011281408
"TR","TUR","Turkey",2020,3.58631578947368,NA,177.268077601411,1197.66137566138,117.042328042328,4925.75308641975,0,85.5590828924162,67,88.3245149911817,80,85.5555555555556,40,NA,NA,NA,NA,NA,NA,NA,NA,NA,NA,NA,NA
"US","USA","United States",2014,NA,NA,NA,NA,NA,NA,NA,NA,NA,NA,NA,NA,NA,3.664457,37.81,0,5.2,43.01,6.43,NA,NA,NA,NA,NA,NA
"US","USA","United States",2016,NA,NA,NA,NA,NA,NA,NA,NA,NA,NA,NA,NA,NA,3.664457,37.81,0,5.2,43.01,6.43,NA,NA,NA,NA,NA,NA
"US","USA","United States",2017,NA,NA,NA,NA,NA,NA,NA,NA,NA,NA,NA,NA,NA,NA,NA,NA,NA,NA,NA,19.9186991869919,19.9186991869919,20.1846965699208,20.1846965699208,4.64190981432361,4.64190981432361
"US","USA","United States",2018,NA,NA,47,116,NA,995,0,135,NA,NA,NA,NA,NA,NA,NA,NA,NA,NA,NA,NA,NA,NA,NA,NA,NA
"US","USA","United States",2019,NA,NA,NA,NA,NA,NA,NA,NA,NA,NA,NA,NA,NA,NA,NA,NA,NA,NA,NA,18.5628037258748,15.4903396609024,20.098643649815,17.3859432799014,4.22705314009662,4.22705314009662
"US","USA","United States",2020,NA,NA,37,110,NA,909,0,141,NA,NA,NA,NA,NA,NA,NA,NA,NA,NA,NA,NA,NA,NA,NA,NA,NA
