"","category","1967","1968","1969","1970","1971","1972","1973","1974","1975","1976","1977","1978","1979","1980","1981","1982","1983","1984","1985","1986","1987","1988","1989","1990","1991","1992","1993","1994","1995","1996","1997","1998","1999","2000","2001","2002","2003","2004","2005","2006","2007","2008","2009","2010","2011","2012","2013","2014","2015","2016","2017","2018","2019","2020","reference"
"1","Australia",NA,NA,NA,NA,NA,NA,NA,NA,NA,NA,NA,NA,NA,NA,NA,NA,NA,NA,NA,NA,NA,NA,NA,NA,NA,NA,NA,NA,NA,NA,NA,NA,NA,NA,NA,NA,NA,NA,NA,NA,NA,NA,NA,NA,NA,NA,NA,NA,NA,NA,NA,NA,NA,NA,"1"
"2","Standard rate","-","-","-","-","-","-","-","-","-","-","-","-","-","-","-","-","-","-","-","-","-","-","-","-","-","-","-","-","-","-","-","-","-","10","10","10","10","10","10","10","10","10","10","10","10","10","10","10","10","10","10","10","10","10","2"
"3","Implementation dates",NA,NA,NA,NA,NA,NA,NA,NA,NA,NA,NA,NA,NA,NA,NA,NA,NA,NA,NA,NA,NA,NA,NA,NA,NA,NA,NA,NA,NA,NA,NA,NA,NA,"36708",NA,NA,NA,NA,NA,NA,NA,NA,NA,NA,NA,NA,NA,NA,NA,NA,NA,NA,NA,NA,"3"
"4","Reduced rates","-","-","-","-","-","-","-","-","-","-","-","-","-","-","-","-","-","-","-","-","-","-","-","-","-","-","-","-","-","-","-","-","-","0","0","0","0","0","0","0","0","0","0","0","0","0","0","0","0","0","0","0","0","0","4"
"5","Implementation dates",NA,NA,NA,NA,NA,NA,NA,NA,NA,NA,NA,NA,NA,NA,NA,NA,NA,NA,NA,NA,NA,NA,NA,NA,NA,NA,NA,NA,NA,NA,NA,NA,NA,"36708",NA,NA,NA,NA,NA,NA,NA,NA,NA,NA,NA,NA,NA,NA,NA,NA,NA,NA,NA,NA,"5"
"6","Austria",NA,NA,NA,NA,NA,NA,NA,NA,NA,NA,NA,NA,NA,NA,NA,NA,NA,NA,NA,NA,NA,NA,NA,NA,NA,NA,NA,NA,NA,NA,NA,NA,NA,NA,NA,NA,NA,NA,NA,NA,NA,NA,NA,NA,NA,NA,NA,NA,NA,NA,NA,NA,NA,NA,"6"
"7","Standard rate","-","-","-","-","-","-","16","16","16","18","18","18","18","18","18","18","18","20","20","20","20","20","20","20","20","20","20","20","20","20","20","20","20","20","20","20","20","20","20","20","20","20","20","20","20","20","20","20","20","20","20","20","20","20","7"
"8","Implementation dates",NA,NA,NA,NA,NA,NA,"26665",NA,NA,"27760",NA,NA,NA,NA,NA,NA,NA,"30682",NA,NA,NA,NA,NA,NA,NA,NA,NA,NA,NA,NA,NA,NA,NA,NA,NA,NA,NA,NA,NA,NA,NA,NA,NA,NA,NA,NA,NA,NA,NA,NA,NA,NA,NA,NA,"8"
"9","Reduced rates","-","-","-","-","-","-","8","8","8","8","8","8","8","8","13.0/8.0","13.0/8.0","13.0/8.0","10","10","10","10","10","10","10","10","10","10","10","10.0/12.0","10.0/12.0","10.0/12.0","10.0/12.0","10.0/12.0","10.0/12.0","10.0/12.0","10.0/12.0","10.0/12.0","10.0/12.0","10.0/12.0","10.0/12.0","10.0/12.0","10.0/12.0","10.0/12.0","10.0/12.0","10.0/12.0","10.0/12.0","10.0/12.0","10.0/12.0","10.0/12.0","10.0/13.0","10.0/13.0","10.0/13.0","10.0/13.0","10.0/13.0","9"
"10","Implementation dates",NA,NA,NA,NA,NA,NA,"26665",NA,NA,NA,NA,NA,NA,NA,"29587",NA,NA,"30682",NA,NA,NA,NA,NA,NA,NA,NA,NA,NA,"34700",NA,NA,NA,NA,NA,NA,NA,NA,NA,NA,NA,NA,NA,NA,NA,NA,NA,NA,NA,NA,"42370",NA,NA,NA,NA,"10"
"11","Higher rate","-","-","-","-","-","-","-","-","-","-","-","30","30","30","30","30","30","32","32","32","32","32","32","32","32","-","-","-","-","-","-","-","-","-","-","-","-","-","-","-",NA,"-","-","-","-","-",NA,NA,NA,NA,NA,NA,NA,NA,"11"
"12","Implementation dates",NA,NA,NA,NA,NA,NA,NA,NA,NA,NA,NA,"28491",NA,NA,NA,NA,NA,NA,NA,NA,NA,NA,NA,NA,NA,"33604",NA,NA,NA,NA,NA,NA,NA,NA,NA,NA,NA,NA,NA,NA,NA,NA,NA,NA,NA,NA,NA,NA,NA,NA,NA,NA,NA,NA,"12"
"13","Specific regional rates",NA,NA,NA,NA,NA,NA,NA,NA,NA,NA,NA,NA,NA,NA,NA,NA,NA,NA,NA,NA,NA,NA,NA,NA,NA,NA,NA,NA,NA,NA,NA,NA,NA,NA,NA,NA,NA,NA,NA,NA,NA,NA,NA,NA,NA,NA,NA,NA,NA,NA,NA,NA,NA,NA,"13"
"14","Jungholz and Mittleberg","-","-","-","-","-","-","11","11","11","11","11","12","13","13","13","13","14","14","14","14","14","14","14","14","14","14","15","15","15","15","15","16","16","16","16","16","16","16","16","19","19","19","19","19","19","19","19","19","19","19","19","19","19","19","14"
"15","Implementation dates",NA,NA,NA,NA,NA,NA,NA,NA,NA,NA,NA,"28491","29037",NA,NA,NA,"30498",NA,NA,NA,NA,NA,NA,NA,NA,NA,"33970",NA,NA,NA,NA,"35886",NA,NA,NA,NA,NA,NA,NA,"39083",NA,NA,NA,NA,NA,NA,NA,NA,NA,NA,NA,NA,NA,NA,"15"
"16","Belgium",NA,NA,NA,NA,NA,NA,NA,NA,NA,NA,NA,NA,NA,NA,NA,NA,NA,NA,NA,NA,NA,NA,NA,NA,NA,NA,NA,NA,NA,NA,NA,NA,NA,NA,NA,NA,NA,NA,NA,NA,NA,NA,NA,NA,NA,NA,NA,NA,NA,NA,NA,NA,NA,NA,"16"
"17","Standard rate","-","-","-","-","18","18","18","18","18","18","18","16","16","16","17","17","19","19","19","19","19","19","19","19","19","19.5","19.5","20.5","20.5","21","21","21","21","21","21","21","21","21","21","21","21","21","21","21","21","21","21","21","21","21","21","21","21","21","17"
"18","Implementation dates",NA,NA,NA,NA,"25934",NA,NA,NA,NA,NA,NA,"28491",NA,NA,"29768",NA,"30317",NA,NA,NA,NA,NA,NA,NA,NA,"33695",NA,"34335",NA,"35065",NA,NA,NA,NA,NA,NA,NA,NA,NA,NA,NA,NA,NA,NA,NA,NA,NA,NA,NA,NA,NA,NA,NA,NA,"18"
"19","Reduced rates","-","-","-","-","0.0/6.0/14.0","0.0/6.0/14.0","0.0/6.0/14.0","0.0/6.0/14.0","0.0/6.0/14.0","0.0/6.0/14.0","0.0/6.0/14.0","0.0/6.0","0.0/6.0","0.0/6.0","0.0/6.0","0.0/1.0/6.0","0.0/1.0/6.0/17.0","0.0/1.0/6.0/17.0","0.0/1.0/6.0/17.0","0.0/1.0/6.0/17.0","0.0/1.0/6.0/17.0","0.0/1.0/6.0/17.0","0.0/1.0/6.0/17.0","0.0/1.0/6.0/17.0","0.0/1.0/6.0/17.0","0.0/1.0/6.0/12.0","0.0/1.0/6.0/12.0","0.0/1.0/6.0/12.0","0.0/1.0/6.0/12.0","0.0/1.0/6.0/12.0","0.0/1.0/6.0/12.0","0.0/1.0/6.0/12.0","0.0/1.0/6.0/12.0","0.0/6.0/12.0","0.0/6.0/12.0","0.0/6.0/12.0","0.0/6.0/12.0","0.0/6.0/12.0","0.0/6.0/12.0","0.0/6.0/12.0","0.0/6.0/12.0","0.0/6.0/12.0","0.0/6.0/12.0","0.0/6.0/12.0","0.0/6.0/12.0","0.0/6.0/12.0","0.0/6.0/12.0","0.0/6.0/12.0","0.0/6.0/12.0","0.0/6.0/12.0","0.0/6.0/12.0","0.0/6.0/12.0","0.0/6.0/12.0","0.0/6.0/12.0","19"
"20","Implementation dates",NA,NA,NA,NA,"25934",NA,NA,NA,NA,NA,NA,"28491",NA,NA,NA,"30011","30317",NA,NA,NA,NA,NA,NA,NA,NA,"33695",NA,NA,NA,NA,NA,NA,NA,"36526",NA,NA,NA,NA,NA,NA,NA,NA,NA,NA,NA,NA,NA,NA,NA,NA,NA,NA,NA,NA,"20"
"21","Higher rate","-","-","-","-","25","25","25","25","25","25","25","25","25","25.0/30.0","25.0/33.0","25.0/33.0","25.0/33.0","25.0/33.0","25.0/33.0","25.0/33.0","25.0/33.0","25.0/33.0","25.0/33.0","25.0/33.0","25.0/33.0","-","-","-","-","-","-","-","-","-","-","-","-","-","-","-","-","-","-","-","-","-",NA,NA,NA,NA,NA,NA,NA,NA,"21"
"22","Implementation dates",NA,NA,NA,NA,"25934",NA,NA,NA,NA,NA,NA,NA,NA,NA,NA,NA,NA,NA,NA,NA,NA,NA,NA,NA,NA,"33695",NA,NA,NA,NA,NA,NA,NA,NA,NA,NA,NA,NA,NA,NA,NA,NA,NA,NA,NA,NA,NA,NA,NA,NA,NA,NA,NA,NA,"22"
"23","Canada",NA,NA,NA,NA,NA,NA,NA,NA,NA,NA,NA,NA,NA,NA,NA,NA,NA,NA,NA,NA,NA,NA,NA,NA,NA,NA,NA,NA,NA,NA,NA,NA,NA,NA,NA,NA,NA,NA,NA,NA,NA,NA,NA,NA,NA,NA,NA,NA,NA,NA,NA,NA,NA,NA,"23"
"24","Standard rate","-","-","-","-","-","-","-","-","-","-","-","-","-","-","-","-","-","-","-","-","-","-","-","-","7","7","7","7","7","7","7","7","7","7","7","7","7","7","7","6","6","5","5","5","5","5","5","5","5","5","5","5","5","5","24"
"25","Implementation dates",NA,NA,NA,NA,NA,NA,NA,NA,NA,NA,NA,NA,NA,NA,NA,NA,NA,NA,NA,NA,NA,NA,NA,NA,"33239",NA,NA,NA,NA,NA,NA,NA,NA,NA,NA,NA,NA,NA,NA,"38899",NA,"39448",NA,NA,NA,NA,NA,NA,NA,NA,NA,NA,NA,NA,"25"
"26","Reduced rates","-","-","-","-","-","-","-","-","-","-","-","-","-","-","-","-","-","-","-","-","-","-","-","-","0","0","0","0","0","0","0","0","0","0","0","0","0","0","0","0","0","0","0","0","0","0","0","0","0","0","0","0","0","0","26"
"27","Implementation dates",NA,NA,NA,NA,NA,NA,NA,NA,NA,NA,NA,NA,NA,NA,NA,NA,NA,NA,NA,NA,NA,NA,NA,NA,"33239",NA,NA,NA,NA,NA,NA,NA,NA,NA,NA,NA,NA,NA,NA,NA,NA,NA,NA,NA,NA,NA,NA,NA,NA,NA,NA,NA,NA,NA,"27"
"28","Specific GST/HST regional rates",NA,NA,NA,NA,NA,NA,NA,NA,NA,NA,NA,NA,NA,NA,NA,NA,NA,NA,NA,NA,NA,NA,NA,NA,NA,NA,NA,NA,NA,NA,NA,NA,NA,NA,NA,NA,NA,NA,NA,NA,NA,NA,NA,NA,NA,NA,NA,NA,NA,NA,NA,NA,NA,NA,"28"
"29","British Columbia","-","-","-","-","-","-","-","-","-","-","-","-","-","-","-","-","-","-","-","-","-","-","-","-","-","-","-","-","-","-","-","-","-","-","-","-","-","-","-","-","-","-","-","12","12","12","-","-",NA,NA,NA,NA,NA,NA,"29"
"30","Implementation dates",NA,NA,NA,NA,NA,NA,NA,NA,NA,NA,NA,NA,NA,NA,NA,NA,NA,NA,NA,NA,NA,NA,NA,NA,NA,NA,NA,NA,NA,NA,NA,NA,NA,NA,NA,NA,NA,NA,NA,NA,NA,NA,NA,"40330",NA,NA,"41365",NA,NA,NA,NA,NA,NA,NA,"30"
"31","New Brunswick","-","-","-","-","-","-","-","-","-","-","-","-","-","-","-","-","-","-","-","-","-","-","-","-","-","-","-","-","-","-","15","15","15","15","15","15","15","15","15","14","14","13","13","13","13","13","13","13","13","15","15","15","15","15","31"
"32","Implementation dates",NA,NA,NA,NA,NA,NA,NA,NA,NA,NA,NA,NA,NA,NA,NA,NA,NA,NA,NA,NA,NA,NA,NA,NA,NA,NA,NA,NA,NA,NA,"35521",NA,NA,NA,NA,NA,NA,NA,NA,"38899",NA,"39448",NA,NA,NA,NA,NA,NA,NA,"42522",NA,NA,NA,NA,"32"
"33","New Foundland & Labrador","-","-","-","-","-","-","-","-","-","-","-","-","-","-","-","-","-","-","-","-","-","-","-","-","-","-","-","-","-","-","15","15","15","15","15","15","15","15","15","14","14","13","13","13","13","13","13","13","13","15","15","15","15","15","33"
"34","Implementation dates",NA,NA,NA,NA,NA,NA,NA,NA,NA,NA,NA,NA,NA,NA,NA,NA,NA,NA,NA,NA,NA,NA,NA,NA,NA,NA,NA,NA,NA,NA,"35521",NA,NA,NA,NA,NA,NA,NA,NA,"38899",NA,"39448",NA,NA,NA,NA,NA,NA,NA,"42522",NA,NA,NA,NA,"34"
"35","Nova Scotia","-","-","-","-","-","-","-","-","-","-","-","-","-","-","-","-","-","-","-","-","-","-","-","-","-","-","-","-","-","-","15","15","15","15","15","15","15","15","15","14","14","13","13","15","15","15","15","15","15","15","15","15","15","15","35"
"36","Implementation dates",NA,NA,NA,NA,NA,NA,NA,NA,NA,NA,NA,NA,NA,NA,NA,NA,NA,NA,NA,NA,NA,NA,NA,NA,NA,NA,NA,NA,NA,NA,"35521",NA,NA,NA,NA,NA,NA,NA,NA,"38899",NA,"39448",NA,"40360",NA,NA,NA,NA,NA,NA,NA,NA,NA,NA,"36"
"37","Ontario","-","-","-","-","-","-","-","-","-","-","-","-","-","-","-","-","-","-","-","-","-","-","-","-","-","-","-","-","-","-","-","-","-","-","-","-","-","-","-","-","-","-","-","13","13","13","13","13","13","13","13","13","13","13","37"
"38","Implementation dates",NA,NA,NA,NA,NA,NA,NA,NA,NA,NA,NA,NA,NA,NA,NA,NA,NA,NA,NA,NA,NA,NA,NA,NA,NA,NA,NA,NA,NA,NA,NA,NA,NA,NA,NA,NA,NA,NA,NA,NA,NA,NA,NA,"40360",NA,NA,NA,NA,NA,NA,NA,NA,NA,NA,"38"
"39","Prince Edward Island",NA,NA,NA,NA,NA,NA,NA,NA,NA,NA,NA,NA,NA,NA,NA,NA,NA,NA,NA,NA,NA,NA,NA,NA,NA,NA,NA,NA,NA,NA,NA,NA,NA,NA,NA,NA,NA,NA,NA,NA,NA,NA,NA,NA,NA,NA,"14","14","14","15","15","15","15","15","39"
"40","Implementation dates",NA,NA,NA,NA,NA,NA,NA,NA,NA,NA,NA,NA,NA,NA,NA,NA,NA,NA,NA,NA,NA,NA,NA,NA,NA,NA,NA,NA,NA,NA,NA,NA,NA,NA,NA,NA,NA,NA,NA,NA,NA,NA,NA,NA,NA,NA,"41365",NA,NA,"42644",NA,NA,NA,NA,"40"
"41","Quebec","-","-","-","-","-","-","-","-","-","-","-","-","-","-","-","-","-","-","-","-","-","-","-","-","-","15.56","15.56","13.96","13.96","13.96","13.96","15.03","15.03","15.03","15.03","15.03","15.03","15.03","15.03","13.95","13.95","12.88","12.88","12.88","13.93","14.98","14.98","14.98","14.98","14.98","14.98","14.98","14.98","14.98","41"
"42","Implementation dates",NA,NA,NA,NA,NA,NA,NA,NA,NA,NA,NA,NA,NA,NA,NA,NA,NA,NA,NA,NA,NA,NA,NA,NA,NA,"33786",NA,"34467",NA,NA,NA,"35796",NA,NA,NA,NA,NA,NA,NA,"38899",NA,"39448",NA,NA,"40544","40909",NA,NA,NA,NA,NA,NA,NA,NA,"42"
"43","Chile",NA,NA,NA,NA,NA,NA,NA,NA,NA,NA,NA,NA,NA,NA,NA,NA,NA,NA,NA,NA,NA,NA,NA,NA,NA,NA,NA,NA,NA,NA,NA,NA,NA,NA,NA,NA,NA,NA,NA,NA,NA,NA,NA,NA,NA,NA,NA,NA,NA,NA,NA,NA,NA,NA,"43"
"44","Standard rate","-","-","-","-","-","-","-","-","20","20","20","20","20","20","20","20","20","20","20","20","20","16","16","18","18","18","18","18","18","18","18","18","18","18","18","18","19","19","19","19","19","19","19","19","19","19","19","19","19","19","19","19","19","19","44"
"45","Implementation dates",NA,NA,NA,NA,NA,NA,NA,NA,"27454",NA,NA,NA,NA,NA,NA,NA,NA,NA,NA,NA,NA,"32417",NA,"32933",NA,NA,NA,NA,NA,NA,NA,NA,NA,NA,NA,NA,"37895",NA,NA,NA,NA,NA,NA,NA,NA,NA,NA,NA,NA,NA,NA,NA,NA,NA,"45"
"46","Colombia",NA,NA,NA,NA,NA,NA,NA,NA,NA,NA,NA,NA,NA,NA,NA,NA,NA,NA,NA,NA,NA,NA,NA,NA,NA,NA,NA,NA,NA,NA,NA,NA,NA,NA,NA,NA,NA,NA,NA,NA,NA,NA,NA,NA,NA,NA,NA,NA,NA,NA,NA,NA,NA,NA,"46"
"47","Standard rate",NA,NA,NA,NA,NA,NA,NA,NA,NA,NA,NA,NA,NA,NA,NA,NA,"10","10","10","10","10","10","10","10","12","12","14","14","14","16","16","16","15","15","16","16","16","16","16","16","16","16","16","16","16","16","16","16","16","16","19","19","19","19","47"
"48","Implementation dates",NA,NA,NA,NA,NA,NA,NA,NA,NA,NA,NA,NA,NA,NA,NA,NA,"30317",NA,NA,NA,NA,NA,NA,NA,"33239",NA,"33970",NA,NA,"35065",NA,NA,"36465",NA,"36892",NA,NA,NA,NA,NA,NA,NA,NA,NA,NA,NA,NA,NA,NA,NA,"42736",NA,NA,NA,"48"
"49","Reduced rates",NA,NA,NA,NA,NA,NA,NA,NA,NA,NA,NA,NA,NA,NA,NA,NA,"0.0/1.6/10.0","0.0/1.6/10.0","0.0/1.6/10.0","0.0/1.6/10.0","0.0/1.6/10.0","0.0/1.6/10.0","0.0/1.6/10.0","0.0/1.6/10.0","0.0/1.6/10.0","0.0/1.6/10.0","0.0/1.6/10.0","0.0/1.6/10.0","0.0/1.6/10.0","0.0/1.6/10.0","0.0/1.6/10.0","0.0/1.6/10.0","0.0/1.6/10.0","0.0/1.6/10.0","0.0/1.6/10.0","0.0/1.6/10.0","0.0/1.6/10.0","0.0/1.6/10.21","0.0/1.6/10.0","0.0/1.6/10.0","0.0/1.6/10.0","0.0/1.6/10.0","0.0/1.6/10.0","0.0/1.6/10.0","0.0/1.6/10.0","0.0/1.6/10.0","0.0/5.0/8.0","0.0/5.0/8.0","0.0/5.0","0.0/5.0","0.0/5.0","0.0/5.0","0.0/5.0","0.0/5.0","49"
"50","Implementation dates",NA,NA,NA,NA,NA,NA,NA,NA,NA,NA,NA,NA,NA,NA,NA,NA,"30317",NA,NA,NA,NA,NA,NA,NA,NA,NA,NA,NA,NA,NA,NA,NA,NA,NA,NA,NA,NA,NA,NA,NA,NA,NA,NA,NA,NA,NA,"41275",NA,"42005",NA,NA,NA,NA,NA,"50"
"51","Higher rate",NA,NA,NA,NA,NA,NA,NA,NA,NA,NA,NA,NA,NA,NA,NA,NA,"20.0/25.0/35.0","20.0/25.0/35.0","20.0/25.0/35.0","20.0/25.0/35.0","20.0/25.0/35.0","20.0/25.0/35.0","20.0/25.0/35.0","20.0/25.0/35.0","20.0/25.0/35.0","20.0/25.0/35.0","20.0/25.0/35.0","20.0/25.0/35.0","20.0/25.0/35.0","20.0/25.0/35.0","20.0/25.0/35.0","20.0/25.0/35.0","20.0/25.0/35.0","20.0/25.0/35.0","20.0/25.0/35.0","20.0/25.0/35.0","20.0/25.0/35.0","20.0/25.0/35.0","20.0/25.0/35.0","20.0/25.0/35.0","20.0/25.0/35.0","20.0/25.0/35.0","20.0/25.0/35.0","20.0/25.0/35.0","20.0/25.0/35.0","20.0/25.0/35.0",NA,NA,NA,NA,NA,NA,NA,NA,"51"
"52","Implementation dates",NA,NA,NA,NA,NA,NA,NA,NA,NA,NA,NA,NA,NA,NA,NA,NA,"30317",NA,NA,NA,NA,NA,NA,NA,NA,NA,NA,NA,NA,NA,NA,NA,NA,NA,NA,NA,NA,NA,NA,NA,NA,NA,NA,NA,NA,NA,"41275",NA,NA,NA,NA,NA,NA,NA,"52"
"53","Czech Republic",NA,NA,NA,NA,NA,NA,NA,NA,NA,NA,NA,NA,NA,"-",NA,NA,NA,"-",NA,NA,NA,"-",NA,NA,NA,NA,NA,NA,NA,NA,NA,NA,NA,NA,NA,NA,NA,NA,NA,NA,NA,NA,NA,NA,NA,NA,NA,NA,NA,NA,NA,NA,NA,NA,"53"
"54","Standard rate","-","-","-","-","-","-","-","-","-","-","-","-","-","-","-","-","-","-","-","-","-","-","-","-","-","-","23","23","22","22","22","22","22","22","22","22","22","19","19","19","19","19","19","20","20","20","21","21","21","21","21","21","21","21","54"
"55","Implementation date",NA,NA,NA,NA,NA,NA,NA,NA,NA,NA,NA,NA,NA,NA,NA,NA,NA,NA,NA,NA,NA,NA,NA,NA,NA,NA,"33970",NA,"34700",NA,NA,NA,NA,NA,NA,NA,NA,"38108",NA,NA,NA,NA,NA,"40179",NA,NA,"41275",NA,NA,NA,NA,NA,NA,NA,"55"
"56","Reduced rates","-","-","-","-","-","-","-","-","-","-","-","-","-","-","-","-","-","-","-","-","-","-","-","-","-","-","5","5","5","5","5","5","5","5","5","5","5","5","5","5","5","9","9","10","10","14","15","15","10.0/15.0","10.0/15.0","10.0/15.0","10.0/15.0","10.0/15.0","10.0/15.0","56"
"57","Implementation dates",NA,NA,NA,NA,NA,NA,NA,NA,NA,NA,NA,NA,NA,NA,NA,NA,NA,NA,NA,NA,NA,NA,NA,NA,NA,NA,"33970",NA,NA,NA,NA,NA,NA,NA,NA,NA,NA,NA,NA,NA,NA,"39448",NA,"40179",NA,"40909","41275",NA,"42005",NA,NA,NA,NA,NA,"57"
"58","Denmark",NA,NA,NA,NA,NA,NA,NA,NA,NA,NA,NA,NA,NA,NA,NA,NA,NA,NA,NA,NA,NA,NA,NA,NA,NA,NA,NA,NA,NA,NA,NA,NA,NA,NA,NA,NA,NA,NA,NA,NA,NA,NA,NA,NA,NA,NA,NA,NA,NA,NA,NA,NA,NA,NA,"58"
"59","Standard rate","10","12.5","12.5","15","15","15","15","15","15","15","18","20.25","20.25","22","22","22","22","22","22","22","22","22","22","22","22","25","25","25","25","25","25","25","25","25","25","25","25","25","25","25","25","25","25","25","25","25","25","25","25","25","25","25","25","25","59"
"60","Implementation date","24683","24929",NA,"25748",NA,NA,NA,NA,NA,NA,"28401","28764",NA,"29402",NA,NA,NA,NA,NA,NA,NA,NA,NA,NA,NA,"33604",NA,NA,NA,NA,NA,NA,NA,NA,NA,NA,NA,NA,NA,NA,NA,NA,NA,NA,NA,NA,NA,NA,NA,NA,NA,NA,NA,NA,"60"
"61","Reduced rates","0","0","0","0","0","0","0","0","0","0","0","0","0","0","0","0","0","0","0","0","0","0","0","0","0","0","0","0","0","0","0","0","0","0","0","0","0","0","0","0","0","0","0","0","0","0","0","0","0","0","0","0","0","0","61"
"62","Implementation dates","24683",NA,NA,NA,NA,NA,NA,NA,NA,NA,NA,NA,NA,NA,NA,NA,NA,NA,NA,NA,NA,NA,NA,NA,NA,NA,NA,NA,NA,NA,NA,NA,NA,NA,NA,NA,NA,NA,NA,NA,NA,NA,NA,NA,NA,NA,NA,NA,NA,NA,NA,NA,NA,NA,"62"
"63","Estonia",NA,NA,NA,NA,NA,NA,NA,NA,NA,NA,NA,NA,NA,NA,NA,NA,NA,NA,NA,NA,NA,NA,NA,NA,NA,NA,NA,NA,NA,NA,NA,NA,NA,NA,NA,NA,NA,NA,NA,NA,NA,NA,NA,NA,NA,NA,NA,NA,NA,NA,NA,NA,NA,NA,"63"
"64","Standard rate","-","-","-","-","-","-","-","-","-","-","-","-","-","-","-","-","-","-","-","-","-","-","-","-","-","10","18","18","18","18","18","18","18","18","18","18","18","18","18","18","18","18","20","20","20","20","20","20","20","20","20","20","20","20","64"
"65","Implementation date",NA,NA,NA,NA,NA,NA,NA,NA,NA,NA,NA,NA,NA,NA,NA,NA,NA,NA,NA,NA,NA,NA,NA,NA,NA,"33604","33970",NA,NA,NA,NA,NA,NA,NA,NA,NA,NA,NA,NA,NA,NA,NA,"39995",NA,NA,NA,NA,NA,NA,NA,NA,NA,NA,NA,"65"
"66","Reduced rates","-","-","-","-","-","-","-","-","-","-","-","-","-","-","-","-","-","-","-","-","-","-","-","-","-","0","0","0","0","0","0","0","0","0.0/5.0","0.0/5.0","0.0/5.0","0.0/5.0","0.0/5.0","0.0/5.0","0.0/5.0","0.0/5.0","0.0/5.0","0.0/9.0","0.0/9.0","0.0/9.0","0.0/9.0","0.0/9.0","0.0/9.0","0.0/9.0","0.0/9.0","0.0/9.0","0.0/9.0","0.0/9.0","0.0/9.0","66"
"67","Implementation dates",NA,NA,NA,NA,NA,NA,NA,NA,NA,NA,NA,NA,NA,NA,NA,NA,NA,NA,NA,NA,NA,NA,NA,NA,NA,NA,NA,NA,NA,NA,NA,NA,NA,"36526",NA,NA,NA,NA,NA,NA,NA,NA,"39814",NA,NA,NA,NA,NA,NA,NA,NA,NA,NA,NA,"67"
"68","Finland",NA,NA,NA,NA,NA,NA,NA,NA,NA,NA,NA,NA,NA,NA,NA,NA,NA,"-",NA,NA,NA,"-",NA,"-",NA,NA,NA,NA,NA,NA,NA,NA,NA,NA,NA,NA,NA,NA,NA,NA,NA,NA,NA,NA,NA,NA,NA,NA,NA,NA,NA,NA,NA,NA,"68"
"69","Standard rate","-","-","-","-","-","-","-","-","-","-","-","-","-","-","-","-","-","-","-","-","-","-","-","-","-","-","-","22","22","22","22","22","22","22","22","22","22","22","22","22","22","22","22","23","23","23","24","24","24","24","24","24","24","24","69"
"70","Implementation date",NA,NA,NA,NA,NA,NA,NA,NA,NA,NA,NA,NA,NA,NA,NA,NA,NA,NA,NA,NA,NA,NA,NA,NA,NA,NA,NA,"34486",NA,NA,NA,NA,NA,NA,NA,NA,NA,NA,NA,NA,NA,NA,NA,"40360",NA,NA,"41275",NA,NA,NA,NA,NA,NA,NA,"70"
"71","Reduced rates","-","-","-","-","-","-","-","-","-","-","-","-","-","-","-","-","-","-","-","-","-","-","-","-","-","-","-","5.0/12.0","6.0/12.0/17.0","6.0/12.0/17.0","6.0/12.0/17.0","8.0/17.0","8.0/17.0","8.0/17.0","8.0/17.0","8.0/17.0","8.0/17.0","8.0/17.0","8.0/17.0","8.0/17.0","8.0/17.0","8.0/17.0","8.0/12.0","9.0/13.0","9.0/13.0","9.0/13.0","10.0/14.0","10.0/14.0","10.0/14.0","10.0/14.0","10.0/14.0","10.0/14.0","10.0/14.0","10.0/14.0","71"
"72","Implementation dates",NA,NA,NA,NA,NA,NA,NA,NA,NA,NA,NA,NA,NA,NA,NA,NA,NA,NA,NA,NA,NA,NA,NA,NA,NA,NA,NA,"34486","34700",NA,NA,"35796",NA,NA,NA,NA,NA,NA,NA,NA,NA,NA,"40087","40360",NA,NA,"41275",NA,NA,NA,NA,NA,NA,NA,"72"
"73","France",NA,NA,NA,NA,NA,NA,NA,NA,NA,NA,NA,NA,NA,NA,NA,NA,NA,NA,NA,NA,NA,NA,NA,NA,NA,NA,NA,NA,NA,NA,NA,NA,NA,NA,NA,NA,NA,NA,NA,NA,NA,NA,NA,NA,NA,NA,NA,NA,NA,NA,NA,NA,NA,NA,"73"
"74","Standard rate","-","19","19","23","23","23","20","20","20","20","17.600000000000001","17.600000000000001","17.600000000000001","17.600000000000001","17.600000000000001","18.600000000000001","18.600000000000001","18.600000000000001","18.600000000000001","18.600000000000001","18.600000000000001","18.600000000000001","18.600000000000001","18.600000000000001","18.600000000000001","18.600000000000001","18.600000000000001","18.600000000000001","20.6","20.6","20.6","20.6","20.6","19.600000000000001","19.600000000000001","19.600000000000001","19.600000000000001","19.600000000000001","19.600000000000001","19.600000000000001","19.600000000000001","19.600000000000001","19.600000000000001","19.600000000000001","19.600000000000001","19.600000000000001","19.600000000000001","20","20","20","20","20","20","20","74"
"75","Implementation dates",NA,"24838",NA,"25569",NA,NA,"26665",NA,NA,NA,"28126",NA,NA,NA,NA,"30133",NA,NA,NA,NA,NA,NA,NA,NA,NA,NA,NA,NA,"34912",NA,NA,NA,NA,"36617",NA,NA,NA,NA,NA,NA,NA,NA,NA,NA,NA,NA,NA,"41640",NA,NA,NA,NA,NA,NA,"75"
"76","Reduced rates","-","7.0/15.0","7.0/15.0","7.5/17.6",NA,NA,"7.0/17.6","7.0/17.6","7.0/17.6","7.0/17.6","7","7","7","7","7","4.0/5.5/7.0",NA,NA,NA,"2.1/4.0/5.5/7.0/13.0","2.1/4.0/5.5/7.0/13.0","2.1/4.0/5.5/7.0/13.0","2.1/5.5/13.0","2.1/5.5/13.0","2.1/5.5","2.1/5.5","2.1/5.5","2.1/5.5","2.1/5.5","2.1/5.5","2.1/5.5","2.1/5.5","2.1/5.5","2.1/5.5","2.1/5.5","2.1/5.5","2.1/5.5","2.1/5.5","2.1/5.5","2.1/5.5","2.1/5.5","2.1/5.5","2.1/5.5","2.1/5.5","2.1/5.5","2.1/5.5/7.0","2.1/5.5/7.0","2.1/5.5/10.0","2.1/5.5/10.0","2.1/5.5/10.0","2.1/5.5/10.0","2.1/5.5/10.0","2.1/5.5/10.0","2.1/5.5/10.0","76"
"77","Implementation dates",NA,"24838",NA,"25569",NA,NA,"26665",NA,NA,NA,"28126",NA,NA,NA,NA,"30133",NA,NA,NA,"31594",NA,NA,NA,NA,"33448",NA,NA,NA,NA,NA,NA,NA,NA,NA,NA,NA,NA,NA,NA,NA,NA,NA,NA,NA,NA,"40909",NA,"41640",NA,NA,NA,NA,NA,NA,"77"
"78","Higher rate","-","25","25","33.33","33.33","33.33","33.33","33.33","33.33","33.33","33.33","33.33","33.33","33.33","33.33","33.33","33.33","33.33","33.33","33.33","33.33/28.0","28","25/28.0","22","22","22","-","-","-","-","-","-","-","-","-","-","-","-","-","-","-","-","-","-","-","-","-","-",NA,NA,NA,NA,NA,NA,"78"
"79","Implementation dates",NA,"24838",NA,"25569",NA,NA,NA,NA,NA,NA,NA,NA,NA,NA,NA,NA,NA,NA,NA,NA,"32037","32478","32759","33129",NA,NA,"33970",NA,NA,NA,NA,NA,NA,NA,NA,NA,NA,NA,NA,NA,NA,NA,NA,NA,NA,NA,NA,NA,NA,NA,NA,NA,NA,NA,"79"
"80","Specific regional rates",NA,NA,NA,NA,NA,NA,NA,NA,NA,NA,NA,NA,NA,NA,NA,NA,NA,NA,NA,NA,NA,NA,NA,NA,NA,NA,NA,NA,NA,NA,NA,NA,NA,NA,NA,NA,NA,NA,NA,NA,NA,NA,NA,NA,NA,NA,NA,NA,NA,NA,NA,NA,NA,NA,"80"
"81","Corsica (see note)",NA,NA,NA,NA,NA,NA,NA,NA,NA,NA,NA,NA,NA,NA,NA,NA,NA,NA,NA,"0,9/2,1/3,15/5,5/8/13/25","0,9/2,1/3,15/5,5/8/13/25","0,9/2,1/3,15/5,5/8/13/21/25","0,9/2,1/5,5/8/13/21","0,9/2,1/5,5/8/13/21","0,9/2,1/5,5/8/13/21","0,9/2,1/5,5/8/13/21","0,9/2,1/8/13","0,9/2,1/8/13","0,9/2,1/8/13","0,9/2,1/8/13","0,9/2,1/8/13","0,9/2,1/8/13","0,9/2,1/8/13","0,9/2,1/8/13","0,9/2,1/8/13","0,9/2,1/8/13","0,9/2,1/8/13","0,9/2,1/8/13","0,9/2,1/8/13","0,9/2,1/8/13","0,9/2,1/8/13","0,9/2,1/8/13","0,9/2,1/8/13","0,9/2,1/8/13","0,9/2,1/8/13","0.9/2.1/8/13.0","0.9/2.1/8/13.0","0.9/2.1/10.0/13.0","0.9/2.1/10.0/13.0","0.9/2.1/10.0/13.0","0.9/2.1/10.0/13.0","0.9/2.1/10.0/13.0","0.9/2.1/10.0/13.0","0.9/2.1/10.0/13.1","81"
"82","Implementation dates",NA,NA,NA,NA,NA,NA,NA,NA,NA,NA,NA,NA,NA,NA,NA,NA,NA,NA,NA,"31594",NA,"32143","32509",NA,NA,NA,"33970",NA,NA,NA,NA,NA,NA,NA,NA,NA,NA,NA,NA,NA,NA,NA,NA,NA,NA,NA,NA,"41640",NA,NA,NA,NA,NA,NA,"82"
"83","Overseas Departments (DOM)",NA,NA,NA,NA,NA,NA,NA,NA,NA,NA,NA,NA,NA,NA,NA,NA,NA,NA,NA,NA,NA,NA,NA,NA,NA,NA,NA,NA,NA,NA,NA,NA,NA,"1.05/1.75/2.1/8.5","1.05/1.75/2.1/8.5","1.05/1.75/2.1/8.5","1.05/1.75/2.1/8.5","1.05/1.75/2.1/8.5","1.05/1.75/2.1/8.5","1.05/1.75/2.1/8.5","1.05/1.75/2.1/8.5","1.05/1.75/2.1/8.5","1.05/1.75/2.1/8.5","1.05/1.75/2.1/8.5","1.05/1.75/2.1/8.5","1.05/1.75/2.1/8.5","1.05/1.75/2.1/8.5","1.05/1.75/2.1/8.5","1.05/1.75/2.1/8.5","1.05/1.75/2.1/8.5","1.05/1.75/2.1/8.5","1.05/1.75/2.1/8.5","1.05/1.75/2.1/8.5","1.05/1.75/2.1/8.6","83"
"84","Implementation dates",NA,NA,NA,NA,NA,NA,NA,NA,NA,NA,NA,NA,NA,NA,NA,NA,NA,NA,NA,NA,NA,NA,NA,NA,NA,NA,NA,NA,NA,NA,NA,NA,NA,"36617",NA,NA,NA,NA,NA,NA,NA,NA,NA,NA,NA,NA,NA,NA,NA,NA,NA,NA,NA,NA,"84"
"85","Germany",NA,NA,NA,NA,NA,NA,NA,NA,NA,NA,NA,NA,NA,NA,NA,NA,NA,NA,NA,NA,NA,NA,NA,NA,NA,NA,NA,NA,NA,NA,NA,NA,NA,NA,NA,NA,NA,NA,NA,NA,NA,NA,NA,NA,NA,NA,NA,NA,NA,NA,NA,NA,NA,NA,"85"
"86","Standard rate","-","11","11","11","11","11","11","11","11","11","11","12","13","13","13","13","14","14","14","14","14","14","14","14","14","14","15","15","15","15","15","16","16","16","16","16","16","16","16","16","19","19","19","19","19","19","19","19","19","19","19","19","19","16","86"
"87","Implementation date",NA,"24838",NA,NA,NA,NA,NA,NA,NA,NA,NA,"28491","29037",NA,NA,NA,"30498",NA,NA,NA,NA,NA,NA,NA,NA,NA,"33970",NA,NA,NA,NA,"35886",NA,NA,NA,NA,NA,NA,NA,NA,"39083",NA,NA,NA,NA,NA,NA,NA,NA,NA,NA,NA,NA,"44013","87"
"88","Reduced rates","-","5.5","5.5","5.5","5.5","5.5","5.5","5.5","5.5","5.5","5.5","6","6.5","6.5","6.5","6.5","7","7","7","7","7","7","7","7","7","7","7","7","7","7","7","7","7","7","7","7","7","7","7","7","7","7","7","7","7","7","7","7","7","7","7","7","7","5","88"
"89","Implementation dates",NA,"24838",NA,NA,NA,NA,NA,NA,NA,NA,NA,"28491","01-0171979",NA,NA,NA,"30498",NA,NA,NA,NA,NA,NA,NA,NA,NA,NA,NA,NA,NA,NA,NA,NA,NA,NA,NA,NA,NA,NA,NA,NA,NA,NA,NA,NA,NA,NA,NA,NA,NA,NA,NA,NA,"44013","89"
"90","Greece",NA,NA,NA,NA,NA,NA,NA,NA,NA,NA,NA,NA,NA,NA,NA,NA,NA,"-",NA,NA,NA,NA,NA,NA,NA,NA,NA,"18",NA,NA,NA,NA,NA,NA,NA,NA,NA,NA,NA,NA,NA,NA,NA,NA,NA,NA,NA,NA,NA,NA,NA,NA,NA,NA,"90"
"91","Standard rate","-","-","-","-","-","-","-","-","-","-","-","-","-","-","-","-","-","-","-","-","18","16","16","18","18","18","18","18","18","18","18","18","18","18","18","18","18","18","19","19","19","19","19","23","23","23","23","23","23","24","24","24","24","24","91"
"92","Implementation date",NA,NA,NA,NA,NA,NA,NA,NA,NA,NA,NA,NA,NA,NA,NA,NA,NA,NA,NA,NA,"31778","32143",NA,"32874",NA,NA,NA,NA,NA,NA,NA,NA,NA,NA,NA,NA,NA,NA,"38443",NA,NA,NA,NA,"40360",NA,NA,NA,NA,NA,"42522",NA,NA,NA,NA,"92"
"93","Reduced rates","-","-","-","-","-","-","-","-","-","-","-","-","-","-","-","-","-","-","-","-","3.0/6.0","3.0/6.0","3.0/6.0","4.0/8.0","4.0/8.0","4.0/8.0","4.0/8.0","4.0/8.0","4.0/8.0","4.0/8.0","4.0/8.0","4.0/8.0","4.0/8.0","4.0/8.0","4.0/8.0","4.0/8.0","4.0/8.0","4.0/8.0","4.5/9.0","4.5/9.0","4.5/9.0","4.5/9.0","4.5/9.0","5.5/11.0","6.5/13.0","6.5/13.0","6.5/13.0","6.5/13.0","6.0/13.0","6.0/13.0","6.0/13.0","6.0/13.0","6.0/13.0","6.0/13.0","93"
"94","Implementation dates","-","-","-","-","-","-","-","-","-","-",NA,NA,NA,NA,NA,NA,NA,NA,NA,NA,"31778",NA,NA,"32874",NA,NA,NA,NA,NA,NA,NA,NA,NA,NA,NA,NA,NA,NA,"38443",NA,NA,NA,NA,"40360","40544",NA,NA,NA,"42205",NA,NA,NA,NA,NA,"94"
"95","Higher rate","-","-","-","-","-","-","-","-","-","-","-","-","-","-","-","-","-","-","-","-","36","36","36","36","-","-","-","-","-","-","-","-","-","-","-","-","-","-","-","-","-","-","-","-","-","-","-","-","-",NA,NA,NA,NA,NA,"95"
"96","Implementation dates","-","-","-","-","-","-","-","-","-","-",NA,NA,NA,NA,NA,NA,NA,NA,NA,NA,"31778",NA,NA,NA,"33824",NA,NA,NA,NA,NA,NA,NA,NA,NA,NA,NA,NA,NA,NA,NA,NA,NA,NA,NA,NA,NA,NA,NA,NA,NA,NA,NA,NA,NA,"96"
"97","Specific regional rates","-","-","-","-","-","-","-","-","-","-",NA,NA,NA,NA,NA,NA,NA,NA,NA,NA,NA,NA,NA,NA,NA,NA,NA,NA,NA,NA,NA,NA,NA,NA,NA,NA,NA,NA,NA,NA,NA,NA,NA,NA,NA,NA,NA,NA,NA,NA,NA,NA,NA,NA,"97"
"98","Islands of Chios, Kos, Leros, Lesbos, Samos (reduced rates were gradually removed for the other islands of the Aegeansince 2015)","-","-","-","-","-","-","-","-","-","-",NA,NA,NA,NA,NA,NA,NA,NA,NA,NA,NA,NA,NA,NA,NA,NA,NA,NA,NA,NA,NA,NA,NA,NA,NA,NA,NA,NA,NA,NA,NA,NA,NA,NA,NA,NA,NA,NA,NA,NA,NA,NA,NA,NA,"98"
"99","Standard rate",NA,NA,"-","-","-","-","-","-","-","-","-","-","-","-","-","-","-","-","-","-","13","11","11","13","13","13","13","13","13","13","13","13","13","13","13","13","13","13","13","13","13","13","13","16","16","16","16","16","16","17","17","17","17","17","99"
"100","Implementation date",NA,NA,NA,NA,NA,NA,NA,NA,NA,NA,NA,NA,NA,NA,NA,NA,NA,NA,NA,NA,"31778","32143",NA,NA,NA,NA,NA,NA,NA,NA,NA,NA,NA,NA,NA,NA,NA,NA,NA,NA,NA,NA,NA,"40360",NA,NA,NA,NA,"01-10-2015 See note","42522",NA,NA,NA,NA,"100"
"101","Reduced rates",NA,NA,"-","-","-","-","-","-","-","-","-","-","-","-","-","-","-","-","-","-","2.0/4.0","2.0/4.0","2.0/4.0","3.0/6.0","3.0/6.0","3.0/6.0","3.0/6.0","3.0/6.0","3.0/6.0","3.0/6.0","3.0/6.0","3.0/6.0","3.0/6.0","3.0/6.0","3.0/6.0","3.0/6.0","3.0/6.0","3.0/6.0","3.0/6.0","3.0/6.0","3.0/6.0","3.0/6.0","3.0/6.0","3.0/8.0","5.0/9.0","5.0/9.0","5.0/9.0","5.0/9.0","5.0/9.0","4.0/9.0","4.0/9.0","4.0/9.0","4.0/9.0","4.0/9.0","101"
"102","Implementation dates",NA,NA,NA,NA,NA,NA,NA,NA,NA,NA,NA,NA,NA,NA,NA,NA,NA,NA,NA,NA,"31778",NA,NA,NA,NA,NA,NA,NA,NA,NA,NA,NA,NA,NA,NA,NA,NA,NA,NA,NA,NA,NA,NA,"40360","40544",NA,NA,NA,"01-10-2015 See note","42522",NA,NA,NA,NA,"102"
"103","Higher rate",NA,NA,"-","-","-","-","-","-","-","-","-","-","-","-","-","-","-","-","-","-","25","25","25","25","-",NA,NA,NA,NA,NA,NA,NA,NA,NA,NA,NA,NA,NA,NA,NA,NA,NA,NA,NA,NA,NA,NA,NA,NA,NA,NA,NA,NA,NA,"103"
"104","Implementation dates",NA,NA,NA,NA,NA,NA,NA,NA,NA,NA,NA,NA,NA,NA,NA,NA,NA,NA,NA,NA,"31778",NA,NA,NA,"33824",NA,NA,NA,NA,NA,NA,NA,NA,NA,NA,NA,NA,NA,NA,NA,NA,NA,NA,NA,NA,NA,NA,NA,NA,NA,NA,NA,NA,NA,"104"
"105","Hungary",NA,NA,NA,NA,NA,NA,NA,NA,NA,NA,NA,NA,NA,NA,NA,NA,NA,NA,NA,NA,NA,NA,NA,NA,NA,NA,NA,NA,NA,NA,NA,NA,NA,NA,NA,NA,NA,NA,NA,NA,NA,NA,NA,NA,NA,NA,NA,NA,NA,NA,NA,NA,NA,NA,"105"
"106","Standard rate","-","-","-","-","-","-","-","-","-","-","-","-","-","-","-","-","-","-","-","-","-","25","25","25","25","25","25","25","25","25","25","25","25","25","25","25","25","25","25","20","20","20","25","25","25","27","27","27","27","27","27","27","27","27","106"
"107","Implementation date",NA,NA,NA,NA,NA,NA,NA,NA,NA,NA,NA,NA,NA,NA,NA,NA,NA,NA,NA,NA,NA,"32143",NA,NA,NA,NA,NA,NA,NA,NA,NA,NA,NA,NA,NA,NA,NA,NA,NA,"38718",NA,NA,"39995",NA,NA,"40909",NA,NA,NA,NA,NA,NA,NA,NA,"107"
"108","Reduced rates","-","-","-","-","-","-","-","-","-","-","-","-","-","-","-","-","-","-","-","-","-","0.0/15.0","0.0/15.0","0.0/15.0","0.0/15.0","0.0/15.0","10","10","0.0/12.0","0.0/12.0","0.0/12.0","0.0/12.0","0.0/12.0","0.0/12.0","0.0/12.0","0.0/12.0","0.0/12.0","5.0/15.0","5.0/15.0","5","5","5","5.0/18.0","5.0/18.0","5.0/18.0","5.0/18.0","5.0/18.0","5.0/18.0","5.0/18.0","5.0/18.0","5.0/18.0","5.0/18.0","5.0/18.0","5.0/18.0","108"
"109","Implementation dates",NA,NA,NA,NA,NA,NA,NA,NA,NA,NA,NA,NA,NA,NA,NA,NA,NA,NA,NA,NA,NA,"32143",NA,NA,NA,NA,"34182",NA,"34700",NA,NA,NA,NA,NA,NA,NA,NA,"37987",NA,"38961",NA,NA,"39995",NA,NA,NA,NA,NA,NA,NA,NA,NA,NA,NA,"109"
"110","Iceland",NA,NA,NA,NA,NA,NA,NA,NA,NA,NA,NA,NA,NA,NA,NA,NA,NA,NA,NA,NA,NA,NA,NA,NA,NA,NA,NA,NA,NA,NA,NA,NA,NA,NA,NA,NA,NA,NA,NA,NA,NA,NA,NA,NA,NA,NA,NA,NA,NA,NA,NA,NA,NA,NA,"110"
"111","Standard rate","-","-","-","-","-","-","-","-","-","-","-","-","-","-","-","-","-","-","-","-","-","-","-","24.5","24.5","24.5","24.5","24.5","24.5","24.5","24.5","24.5","24.5","24.5","24.5","24.5","24.5","24.5","24.5","24.5","24.5","24.5","24.5","25.5","25.5","25.5","25.5","25.5","24","24","24","24","24","24","111"
"112","Implementation date",NA,NA,NA,NA,NA,NA,NA,NA,NA,NA,NA,NA,NA,NA,NA,NA,NA,NA,NA,NA,NA,NA,NA,"32874",NA,NA,NA,NA,NA,NA,NA,NA,NA,NA,NA,NA,NA,NA,NA,NA,NA,NA,NA,"40179",NA,NA,NA,NA,"42005",NA,NA,NA,NA,NA,"112"
"113","Reduced rates","-","-","-","-","-","-","-","-","-","-","-","-","-","-","-","-","-","-","-","-","-","-","-","-","-","-","14","14","14","14","14","14","14","14","14","14","14","14","14","14","7","7","7","7","7","7","7","7","11","11","11","11","11","11","113"
"114","Implementation dates",NA,NA,NA,NA,NA,NA,NA,NA,NA,NA,NA,NA,NA,NA,NA,NA,NA,NA,NA,NA,NA,NA,NA,NA,NA,NA,"33970",NA,NA,NA,NA,NA,NA,NA,NA,NA,NA,NA,NA,NA,"39142",NA,NA,NA,NA,NA,NA,NA,"42005",NA,NA,NA,NA,NA,"114"
"115","Ireland",NA,NA,NA,NA,NA,NA,NA,NA,NA,NA,NA,NA,NA,NA,NA,NA,NA,NA,NA,NA,NA,NA,NA,NA,NA,NA,NA,NA,NA,NA,NA,NA,NA,NA,NA,NA,NA,NA,NA,NA,NA,NA,NA,NA,NA,NA,NA,NA,NA,NA,NA,NA,NA,NA,"115"
"116","Standard rate","-","-","-","-","-","16.37","19.5","19.5","19.5","20","20","20","20","25","25","30","35","35","23","25","25","25","25","23","21","21","21","21","21","21","21","21","21","21","20","21","21","21","21","21","21","21.5","21.5","21","21","23","23","23","23","23","23","23","23","23","116"
"117","Implementation date",NA,NA,NA,NA,NA,"26299","26910",NA,NA,"27820",NA,NA,NA,"29342",NA,"30072","30376",NA,"31107","31472",NA,NA,NA,"32933","33298",NA,NA,NA,NA,NA,NA,NA,NA,NA,"36892","37316",NA,NA,NA,NA,NA,"39783",NA,"40179",NA,"40909",NA,NA,NA,NA,NA,NA,NA,NA,"117"
"118","Reduced rates","-","-","-","-","-","1.0/5.26/11.11","1.0/5.26/11.11","1.0/5.26/11.11","1.0/5.26/11.11","10","10","10","1.0/10.0","1.0/10.0","1.5/15.0","1.8/18.0","2.3/5.0/18.0","2.0/5.0/8.0/18.0","2.2/10.0","2.4/10.0","1.7/10.0","1.4/5.0/10.0","2.0/5.0/10.0","2.3/10.0","2.3/10.0/12.5","2.7/10.0/12.5/16.0","2.5/12.5","2.5/12.5","2.5/12.5","2.8/12.5","3.3/12.5","3.6/12.5","4.0/12.5","4.2/12.5","4.3/12.5","4.3/12.5","4.3/12.5","4.4/13.5","4.8/13.5","4.8/13.5","4.8/13.5","4.8/13.5","4.8/13.5","4.8/13.5","4.8/9.0/13.5","0.0/4.8/9.0/13.5","0.0/4.8/9.0/13.5","0.0/4.8/9.0/13.5","0.0/4.8/9.0/13.5","0.0/4.8/9.0/13.5","0.0/4.8/9.0/13.5","0.0/4.8/9.0/13.5","0.0/4.8/9.0/13.5","0.0/4.8/9.0/13.5","118"
"119","Implementation dates",NA,NA,NA,NA,NA,"26299",NA,NA,NA,"27820",NA,NA,"28915",NA,"29830","30072","30376","30803","31107","31472","31898","32203","32568","32933","33298","33664","34029",NA,NA,"35065","35490","35855","36220","36586","36892",NA,"37622","37987","38353",NA,NA,NA,NA,NA,"40725",NA,NA,NA,NA,NA,NA,NA,NA,NA,"119"
"120","Higher rate","-","-","-","-","-","30.26","36.75","36.75","36.75","35.0/40.0","35.0/40.0","35.0/40.0","-","-","-","-","-","-","-","-","-","-","-","-","-","-","-","-","-","-","-","-","-","-","-","-","-","-","-","-",NA,NA,NA,NA,NA,NA,NA,NA,NA,NA,NA,NA,NA,NA,"120"
"121","Implementation dates",NA,NA,NA,NA,NA,"26299","26910",NA,NA,"27820",NA,NA,"28915",NA,NA,NA,NA,NA,NA,NA,NA,NA,NA,NA,NA,NA,NA,NA,NA,NA,NA,NA,NA,NA,NA,NA,NA,NA,NA,NA,NA,NA,NA,NA,NA,NA,NA,NA,NA,NA,NA,NA,NA,NA,"121"
"122","Israel",NA,NA,NA,NA,NA,NA,NA,NA,NA,NA,NA,NA,NA,NA,NA,NA,NA,NA,NA,NA,NA,NA,NA,NA,NA,NA,NA,NA,NA,NA,NA,NA,NA,NA,NA,NA,NA,NA,NA,NA,NA,NA,NA,NA,NA,NA,NA,NA,NA,NA,NA,NA,NA,NA,"122"
"123","Standard rate","-","-","-","-","-","-","-","-","-","8","12","12","12","12","12","15","15","15","15","15","15","15","15","16","18","18","17","17","17","17","17","17","17","17","17","18","18","17","16.5","15.5","15.5","15.5","16.5","16","16","17","18","18","17","17","17","17","17","17","123"
"124","Implementation date",NA,NA,NA,NA,NA,NA,NA,NA,NA,"27942","28430",NA,NA,NA,NA,"30164",NA,NA,NA,NA,NA,NA,NA,"32933","33239",NA,"33970",NA,NA,NA,NA,NA,NA,NA,NA,"37412",NA,"38047","38596","38899",NA,NA,"39995","40179",NA,"41153","41427",NA,"42278",NA,NA,NA,NA,NA,"124"
"125","Reduced rate","-","-","-","-","-","-","-","-","-","0","0","0","0","0","0","0","0","0","0","0","0","0","0","0","0","0","0","0","0","0","0","0","0","0","0","0","0","0","0","0","0","0","0","0","0","0","0","0","0","0","0","0","0","0","125"
"126","Implementation date",NA,NA,NA,NA,NA,NA,NA,NA,NA,"27942",NA,NA,NA,NA,NA,NA,NA,NA,NA,NA,NA,NA,NA,NA,NA,NA,NA,NA,NA,NA,NA,NA,NA,NA,NA,NA,NA,NA,NA,NA,NA,NA,NA,NA,NA,NA,NA,NA,NA,NA,NA,NA,NA,NA,"126"
"127","Italy",NA,NA,NA,NA,NA,NA,NA,NA,NA,NA,NA,NA,NA,NA,NA,NA,NA,NA,NA,NA,NA,NA,NA,NA,NA,NA,NA,NA,NA,NA,NA,NA,NA,NA,NA,NA,NA,NA,NA,NA,NA,NA,NA,NA,NA,NA,NA,NA,NA,NA,NA,NA,NA,NA,"127"
"128","Standard rate","-","-","-","-","-","-","12","12","12","12","14","14","14","14","15","18","18","18","18","18","18","19","19","19","19","19","19","19","19","19","20","20","20","20","20","20","20","20","20","20","20","20","20","20","21","21","22","22","22","22","22","22","22","22","128"
"129","Implementation date",NA,NA,NA,NA,NA,NA,"26665",NA,NA,NA,"28164",NA,NA,NA,"29587","30168",NA,NA,NA,NA,NA,"32356",NA,NA,NA,NA,NA,NA,NA,NA,"35704",NA,NA,NA,NA,NA,NA,NA,NA,NA,NA,NA,NA,NA,"40803",NA,"41548",NA,NA,NA,NA,NA,NA,NA,"129"
"130","Reduced rates","-","-","-","-","-","-","6","6","6","1.0/3.0/6.0/9.0","1.0/3.0/6.0/9.0/12.0","1.0/3.0/6.0/9.0/12.0","1.0/3.0/6.0/9.0/12.0","1.0/2.0/3.0/6.0/9.0/12.0","2.0/8.0","2.0/8.0/10.0/15.0","2.0/8.0/10.0/15.0","2.0/9.0","2.0/9.0","2.0/9.0","2.0/9.0","2.0/9.0","4.0/9.0","4.0/9.0","4.0/9.0/12","4.0/9.0/12","4.0/9.012.0","4.0/9.013.0","4.0/10.0/16.0","4.0/10.0/16.0","4.0/10.0","4.0/10.0","4.0/10.0","4.0/10.0","4.0/10.0","4.0/10.0","4.0/10.0","4.0/10.0","4.0/10.0","4.0/10.0","4.0/10.0","4.0/10.0","4.0/10.0","4.0/10.0","4.0/10.0","4.0/10.0","4.0/10.0","4.0/10.0","4.0/10.0","4.0/5.0/10.0","4.0/5.0/10.0","4.0/5.0/10.0","4.0/5.0/10.0","4.0/5.0/10.0","130"
"131","Implementation dates",NA,NA,NA,NA,NA,NA,"26665",NA,NA,"28117","28164",NA,NA,"29526","29587","30168",NA,"31036",NA,NA,NA,NA,"32509",NA,"33361",NA,NA,"34335","34754",NA,"35704",NA,NA,NA,NA,NA,NA,NA,NA,NA,NA,NA,NA,NA,NA,NA,NA,NA,NA,"42370",NA,NA,NA,NA,"131"
"132","Higher rate","-","-","-","-","-","-","18","18","18.0/30.0","18.0/30.0","18.0/35.0","18.0/35.0","18.0/35.0","15.0/18.0/35.0","18.0/35.0","20.0/38.0","20.0/38.0","30","30","30","30","38","38","38","38","38","-","-","-","-","-","-","-","-","-","-","-","-","-","-","-","-","-","-","-","-","-","-",NA,NA,NA,NA,NA,NA,"132"
"133","Implementation dates",NA,NA,NA,NA,NA,NA,"26665",NA,"27395",NA,"28164",NA,NA,"29526",NA,"30168",NA,"31036",NA,NA,NA,"32356",NA,NA,NA,NA,"33970",NA,NA,NA,NA,NA,NA,NA,NA,NA,NA,NA,NA,NA,NA,NA,NA,NA,NA,NA,NA,NA,NA,NA,NA,NA,NA,NA,"133"
"134","Japan",NA,NA,NA,NA,NA,NA,NA,NA,NA,NA,NA,NA,NA,NA,NA,NA,NA,NA,NA,NA,NA,NA,NA,NA,NA,NA,NA,NA,NA,NA,NA,NA,NA,NA,NA,NA,NA,NA,NA,NA,NA,NA,NA,NA,NA,NA,NA,NA,NA,NA,NA,NA,NA,NA,"134"
"135","Standard rate","-","-","-","-","-","-","-","-","-","-","-","-","-","-","-","-","-","-","-","-","-","-","3","3","3","3","3","3","3","3","5","5","5","5","5","5","5","5","5","5","5","5","5","5","5","5","5","8","8","8","8","8","10","10","135"
"136","Implementation date",NA,NA,NA,NA,NA,NA,NA,NA,NA,NA,NA,NA,NA,NA,NA,NA,NA,NA,NA,NA,NA,NA,"32599",NA,NA,NA,NA,NA,NA,NA,"35521",NA,NA,NA,NA,NA,NA,NA,NA,NA,NA,NA,NA,NA,NA,NA,NA,"41730",NA,NA,NA,NA,"43739",NA,"136"
"137","Reduced rate",NA,NA,NA,NA,NA,NA,NA,NA,NA,NA,NA,NA,NA,NA,NA,NA,NA,NA,NA,NA,NA,NA,NA,NA,NA,NA,NA,NA,NA,NA,NA,NA,NA,NA,NA,NA,NA,NA,NA,NA,NA,NA,NA,NA,NA,NA,NA,NA,NA,NA,NA,NA,"8","8","137"
"138","Implementation dates",NA,NA,NA,NA,NA,NA,NA,NA,NA,NA,NA,NA,NA,NA,NA,NA,NA,NA,NA,NA,NA,NA,NA,NA,NA,NA,NA,NA,NA,NA,NA,NA,NA,NA,NA,NA,NA,NA,NA,NA,NA,NA,NA,NA,NA,NA,NA,NA,NA,NA,NA,NA,"43739",NA,"138"
"139","Korea",NA,NA,NA,NA,NA,NA,NA,NA,NA,NA,NA,NA,NA,NA,NA,NA,NA,NA,NA,NA,NA,NA,NA,NA,NA,NA,NA,NA,NA,NA,NA,NA,NA,NA,NA,NA,NA,NA,NA,NA,NA,NA,NA,NA,NA,NA,NA,NA,NA,NA,NA,NA,NA,NA,"139"
"140","Standard rate","-","-","-","-","-","-","-","-","-","-","10","10","10","10","10","10","10","10","10","10","10","10","10","10","10","10","10","10","10","10","10","10","10","10","10","10","10","10","10","10","10","10","10","10","10","10","10","10","10","10","10","10","10","10","140"
"141","Implementation date",NA,NA,NA,NA,NA,NA,NA,NA,NA,NA,"28314",NA,NA,NA,NA,NA,NA,NA,NA,NA,NA,NA,NA,NA,NA,NA,NA,NA,NA,NA,NA,NA,NA,NA,NA,NA,NA,NA,NA,NA,NA,NA,NA,NA,NA,NA,NA,NA,NA,NA,NA,NA,NA,NA,"141"
"142","Reduced rate","-","-","-","-","-","-","-","-","-","-","0","0","0","0","0","0","0","0","0","0","0","0","0","0","0","0","0","0","0","0","0","0","0","0","0","0","0","0","0","0","0","0","0","0","0","0","0","0","0","0","0","0","0","0","142"
"143","Implementation dates",NA,NA,NA,NA,NA,NA,NA,NA,NA,NA,"28314",NA,NA,NA,NA,NA,NA,NA,NA,NA,NA,NA,NA,NA,NA,NA,NA,NA,NA,NA,NA,NA,NA,NA,NA,NA,NA,NA,NA,NA,NA,NA,NA,NA,NA,NA,NA,NA,NA,NA,NA,NA,NA,NA,"143"
"144","Latvia",NA,NA,NA,NA,NA,NA,NA,NA,NA,NA,NA,NA,NA,NA,NA,NA,NA,NA,NA,NA,NA,NA,NA,NA,NA,NA,NA,NA,NA,NA,NA,NA,NA,NA,NA,NA,NA,NA,NA,NA,NA,NA,NA,NA,NA,NA,NA,NA,NA,NA,NA,NA,NA,NA,"144"
"145","Standard rate","-","-","-","-","-","-","-","-","-","-","-","-","-","-","-","-","-","-","-","-",NA,NA,NA,NA,NA,NA,NA,NA,"18","18","18","18","18","18","18","18","18","18","18","18","18","18","21","21","22","21","21","21","21","21","21","21","21","21","145"
"146","Implementation date",NA,NA,NA,NA,NA,NA,NA,NA,NA,NA,NA,NA,NA,NA,NA,NA,NA,NA,NA,NA,NA,NA,NA,NA,NA,NA,NA,NA,"34820",NA,NA,NA,NA,NA,NA,NA,NA,NA,NA,NA,NA,NA,"39814",NA,"40544","41091",NA,NA,NA,NA,NA,NA,NA,NA,"146"
"147","Reduced rates","-","-","-","-","-","-","-","-","-","-","-","-","-","-","-","-","-","-","-","-",NA,NA,NA,NA,NA,NA,NA,NA,"-","-","-","-","-","-","-","-","9","5","5","5","5","5","10","10","12","12","12","12","12","12","12","5.00/12.00","5.00/12.00","5.00/12.0","147"
"148","Implementation dates",NA,NA,NA,NA,NA,NA,NA,NA,NA,NA,NA,NA,NA,NA,NA,NA,NA,NA,NA,NA,NA,NA,NA,NA,NA,NA,NA,NA,NA,NA,NA,NA,NA,NA,NA,NA,"37622","38108",NA,NA,NA,NA,"39814",NA,"40544",NA,NA,NA,NA,NA,NA,"43101",NA,NA,"148"
"149","Lithuania",NA,NA,NA,NA,NA,NA,NA,NA,NA,NA,NA,NA,NA,NA,NA,NA,NA,NA,NA,NA,NA,NA,NA,NA,NA,NA,NA,NA,NA,NA,NA,NA,NA,NA,NA,NA,NA,NA,NA,NA,NA,NA,NA,NA,NA,NA,NA,NA,NA,NA,NA,NA,NA,NA,"149"
"150","Standard rate","-","-","-","-","-","-","-","-","-","-","-","-","-","-","-","-","-","-","-","-",NA,NA,NA,NA,NA,NA,NA,"18","18","18","18","18","18","18","18","18","18","18","18","18","18","18","19.0 - 21.0","21","21","21","21","21","21","21","21","21","21","21","150"
"151","Implementation date",NA,NA,NA,NA,NA,NA,NA,NA,NA,NA,NA,NA,NA,NA,NA,NA,NA,NA,NA,NA,NA,NA,NA,NA,NA,NA,NA,"34455",NA,NA,NA,NA,NA,NA,NA,NA,NA,NA,NA,NA,NA,NA,"01-01-2009 / 01-09-2009",NA,NA,NA,NA,NA,NA,NA,NA,NA,NA,NA,"151"
"152","Reduced rates","-","-","-","-","-","-","-","-","-","-","-","-","-","-","-","-","-","-","-","-",NA,NA,NA,NA,NA,NA,NA,"9","9","9","-","-","-","5","5.0/9.0","5.0/9.0","5.0/9.0","5.0/9.0","5.0/9.0","5.0/9.0","5.0/9.0","5.0/9.0","5.0/9.0","5.0/9.0","5.0/9.0","5.0/9.0","5.0/9.0","5.0/9.0","5.0/9.0","5.0/9.0","5.0/9.0","5.0/9.0","5.0/9.0","5.0/9.0","152"
"153","Implementation dates",NA,NA,NA,NA,NA,NA,NA,NA,NA,NA,NA,NA,NA,NA,NA,NA,NA,NA,NA,NA,NA,NA,NA,NA,NA,NA,NA,"34547",NA,NA,"35431",NA,NA,"36647","36892",NA,NA,NA,NA,NA,NA,NA,NA,NA,NA,NA,NA,NA,NA,NA,NA,NA,NA,NA,"153"
"154","Luxembourg",NA,NA,NA,NA,NA,NA,NA,NA,NA,NA,NA,NA,NA,NA,NA,NA,NA,NA,NA,NA,NA,NA,NA,NA,NA,NA,NA,NA,NA,NA,NA,NA,NA,NA,NA,NA,NA,NA,NA,NA,NA,NA,NA,NA,NA,NA,NA,NA,NA,NA,NA,NA,NA,NA,"154"
"155","Standard rate","-","-","-","8","10","10","10","10","10","10","10","10","10","10","10","10","12","12","12","12","12","12","12","12","12","15","15","15","15","15","15","15","15","15","15","15","15","15","15","15","15","15","15","15","15","15","15","15","17","17","17","17","17","17","155"
"156","Implementation date",NA,NA,NA,"25569","25934",NA,NA,NA,NA,NA,NA,NA,NA,NA,NA,NA,"30498",NA,NA,NA,NA,NA,NA,NA,NA,"33604",NA,NA,NA,NA,NA,NA,NA,NA,NA,NA,NA,NA,NA,NA,NA,NA,NA,NA,NA,NA,NA,NA,"42005",NA,NA,NA,NA,NA,"156"
"157","Reduced rates","-","-","-","4","2.0/5.0","2.0/5.0","2.0/5.0","2.0/5.0","2.0/5.0","2.0/5.0","2.0/5.0","2.0/5.0","2.0/5.0","2.0/5.0","2.0/5.0","2.0/5.0","3.0/6.0","3.0/6.0","3.0/6.0","3.0/6.0","3.0/6.0","3.0/6.0","3.0/6.0","3.0/6.0","3.0/6.0","3.0/6.0","3.0/6.0/12","3.0/6.0/12","3.0/6.0/12","3.0/6.0/12","3.0/6.0/12","3.0/6.0/12","3.0/6.0/12","3.0/6.0/12","3.0/6.0/12","3.0/6.0/12","3.0/6.0/12","3.0/6.0/12","3.0/6.0/12","3.0/6.0/12","3.0/6.0/12","3.0/6.0/12","3.0/6.0/12","3.0/6.0/12","3.0/6.0/12","3.0/6.0/12","3.0/6.0/12","3.0/6.0/12","3.0/8.0/14.0","3.0/8.0/14.0","3.0/8.0/14.0","3.0/8.0/14.0","3.0/8.0/14.0","3.0/8.0/14.0","157"
"158","Implementation dates",NA,NA,NA,NA,NA,NA,NA,NA,NA,NA,NA,NA,NA,NA,NA,NA,"30498",NA,NA,NA,NA,NA,NA,NA,NA,NA,"33970",NA,NA,NA,NA,NA,NA,NA,NA,NA,NA,NA,NA,NA,NA,NA,NA,NA,NA,NA,NA,NA,"42005",NA,NA,NA,NA,NA,"158"
"159","Mexico",NA,NA,NA,NA,NA,NA,NA,NA,NA,NA,NA,NA,NA,NA,NA,NA,NA,NA,NA,NA,NA,NA,NA,NA,NA,NA,NA,NA,NA,NA,NA,NA,NA,NA,NA,NA,NA,NA,NA,NA,NA,NA,NA,NA,NA,NA,NA,NA,NA,NA,NA,NA,NA,NA,"159"
"160","Standard rate","-","-","-","-","-","-","-","-","-","-","-","-","-","10","10","10","15","15","15","15","15","15","15","15","10","10","10","10","15","15","15","15","15","15","15","15","15","15","15","15","15","15","15","16","16","16","16","16","16","16","16","16","16","16","160"
"161","Implementation date",NA,NA,NA,NA,NA,NA,NA,NA,NA,NA,NA,NA,NA,"29221",NA,NA,"30317",NA,NA,NA,NA,NA,NA,NA,"33564",NA,NA,NA,"34790",NA,NA,NA,NA,NA,NA,NA,NA,NA,NA,NA,NA,NA,NA,"40179",NA,NA,NA,NA,NA,NA,NA,NA,NA,NA,"161"
"162","Reduced rates","-","-","-","-","-","-","-","-","-","-","-","-","-","0","0","0","0.0/6.0","0.0/6.0","0.0/6.0","0.0/6.0","0.0/6.0","0","0","0","0","0","0","0","0","0","0","0","0","0","0","0","0","0","0","0","0","0","0","0","0","0","0","0","0","0","0","0","0","0","162"
"163","Implementation dates",NA,NA,NA,NA,NA,NA,NA,NA,NA,NA,NA,NA,NA,"29465",NA,NA,"30317",NA,NA,NA,NA,"32387",NA,NA,NA,NA,NA,NA,NA,NA,NA,NA,NA,NA,NA,NA,NA,NA,NA,NA,NA,NA,NA,NA,NA,NA,NA,NA,NA,NA,NA,NA,NA,NA,"163"
"164","Higher rate","-","-","-","-","-","-","-","-","-","-","-","-","-","-","-","-","20","20","20","20","20","20","20","20","-","-","-","-","-","-","-","-","-","-","-","-","-","-","-","-","-","-","-","-","-","-","-","-",NA,NA,NA,NA,NA,NA,"164"
"165","Implementation dates",NA,NA,NA,NA,NA,NA,NA,NA,NA,NA,NA,NA,NA,NA,NA,NA,"30317",NA,NA,NA,NA,NA,NA,NA,"33564",NA,NA,NA,NA,NA,NA,NA,NA,NA,NA,NA,NA,NA,NA,NA,NA,NA,NA,NA,NA,NA,NA,NA,NA,NA,NA,NA,NA,NA,"165"
"166","Specific Regional rate (see note)","-","-","-","-","-","-","-","-","-","-","-","-","-","6","6","6","6","6","6","6","6","6","6","6","-","-","-","-","10","10","10","10","10","10","10","10","10","10","10","10","10","10","10","11","11","11","11","-","-",NA,NA,NA,"8","8","166"
"167","Implementation dates",NA,NA,NA,NA,NA,NA,NA,NA,NA,NA,NA,NA,NA,"29221",NA,NA,NA,NA,NA,NA,NA,NA,NA,NA,"33564",NA,NA,NA,"34790",NA,NA,NA,NA,NA,NA,NA,NA,NA,NA,NA,NA,NA,NA,"40179",NA,NA,NA,"41640","41640",NA,NA,NA,"43466",NA,"167"
"168","Netherlands",NA,NA,NA,NA,NA,NA,NA,NA,NA,NA,NA,NA,NA,NA,NA,NA,NA,NA,NA,NA,NA,NA,NA,NA,NA,NA,NA,NA,NA,NA,NA,NA,NA,NA,NA,NA,NA,NA,NA,NA,NA,NA,NA,NA,NA,NA,NA,NA,NA,NA,NA,NA,NA,NA,"168"
"169","Standard rate","-","-","12","12","14","14","16","16","16","18","18","18","18","18","18","18","18","19","19","20","20","20","18.5","18.5","18.5","17.5","17.5","17.5","17.5","17.5","17.5","17.5","17.5","17.5","19","19","19","19","19","19","19","19","19","19","19","21","21","21","21","21","21","21","21","21","169"
"170","Implementation date",NA,NA,"25204",NA,"25934",NA,"26665",NA,NA,"27760",NA,NA,NA,NA,NA,NA,NA,"30701",NA,"31686",NA,NA,"32509",NA,NA,"33604",NA,NA,NA,NA,NA,NA,NA,NA,"36892",NA,NA,NA,NA,NA,NA,NA,NA,NA,NA,"41183",NA,NA,NA,NA,NA,NA,NA,NA,"170"
"171","Reduced rates","-","-","4","4","4","4","4","4","4","4","4","4","4","4","4","4","4","5","5","6","6","6","6","6","6","6","6","6","6","6","6","6","6","6","6","6","6","6","6","6","6","6","6","6","6","6","6","6","6","6","6","6","9","9","171"
"172","Implementation dates",NA,NA,"25204",NA,NA,NA,NA,NA,NA,NA,NA,NA,NA,NA,NA,NA,NA,"30701",NA,"31686",NA,NA,NA,NA,NA,NA,NA,NA,NA,NA,NA,NA,NA,NA,NA,NA,NA,NA,NA,NA,NA,NA,NA,NA,NA,NA,NA,NA,NA,NA,NA,NA,"43466",NA,"172"
"173","New Zealand",NA,NA,NA,NA,NA,NA,NA,NA,NA,NA,NA,NA,NA,NA,NA,NA,NA,NA,NA,NA,NA,NA,NA,NA,NA,NA,NA,NA,NA,NA,NA,NA,NA,NA,NA,NA,NA,NA,NA,NA,NA,NA,NA,NA,NA,NA,NA,NA,NA,NA,NA,NA,NA,NA,"173"
"174","Standard rate","-","-","-","-","-","-","-","-","-","-","-","-","-","-","-","-","-","-","-","10","10","10","12.5","12.5","12.5","12.5","12.5","12.5","12.5","12.5","12.5","12.5","12.5","12.5","12.5","12.5","12.5","12.5","12.5","12.5","12.5","12.5","12.5","15","15","15","15","15","15","15","15","15","15","15","174"
"175","Implementation date",NA,NA,NA,NA,NA,NA,NA,NA,NA,NA,NA,NA,NA,NA,NA,NA,NA,NA,NA,"31686",NA,NA,"32660",NA,NA,NA,NA,NA,NA,NA,NA,NA,NA,NA,NA,NA,NA,NA,NA,NA,NA,NA,NA,"40452",NA,NA,NA,NA,NA,NA,NA,NA,NA,NA,"175"
"176","Norway",NA,NA,NA,NA,NA,NA,NA,NA,NA,NA,NA,NA,NA,NA,NA,NA,NA,NA,NA,NA,NA,NA,NA,NA,NA,NA,NA,NA,NA,NA,NA,"23",NA,NA,NA,NA,NA,NA,NA,NA,NA,NA,NA,NA,NA,NA,NA,NA,NA,NA,NA,NA,NA,NA,"176"
"177","Standard rate","-","-","-","20","20","20","20","20","20","20","20","20","20","20","20","20","20","20","20","20","20","20","20","20","20","20","22","22","23","23","23","23","23","23","24","24","24","24","25","25","25","25","25","25","25","25","25","25","25","25","25","25","25","25","177"
"178","Implementation date",NA,NA,NA,"25569",NA,NA,NA,NA,NA,NA,NA,NA,NA,NA,NA,NA,NA,NA,NA,NA,NA,NA,NA,NA,NA,NA,"34151",NA,"34700",NA,NA,NA,NA,NA,"36892",NA,NA,NA,"38353",NA,NA,NA,NA,NA,NA,NA,NA,NA,NA,NA,NA,NA,NA,NA,"178"
"179","Reduced rates","-","-","-","0","0","0","0","0","0","0","0","0","0","0","0","0","0","0","0","0","0","0","0","0","0","0","0","0","0","0","0","0","0","0","0.0/12.0","0.0/12.0","0.0/12.0","0.0/12.0","0.0/7.0/11.0","0.0/8.0/13.0","0.0/8.0/13.0","0.0/8.0/13.0","0.0/8.0/13.0","0.0/8.0/13.0","0.0/8.0/14.0","0.0/8.0/15.0","0.0/8.0/15.0","0.0/8.0/15.0","0.0/8.0/15.0","0.0/10.0/15.0","0.0/10.0/15.0","0.0/12.0/15.0","0.0/12.0/15.0","0.0/12.0/15.0","179"
"180","Implementation dates",NA,NA,NA,"25569",NA,NA,NA,NA,NA,NA,NA,NA,NA,NA,NA,NA,NA,NA,NA,NA,NA,NA,NA,NA,NA,NA,NA,NA,NA,NA,NA,NA,NA,NA,"36892",NA,NA,NA,"38353","38718",NA,NA,NA,NA,"40544","40909",NA,NA,NA,"42370",NA,"43101",NA,NA,"180"
"181","Poland",NA,NA,NA,NA,NA,NA,NA,NA,NA,NA,NA,NA,NA,NA,NA,NA,NA,NA,NA,NA,NA,NA,NA,NA,NA,NA,NA,NA,NA,NA,NA,NA,NA,NA,NA,NA,NA,NA,NA,NA,NA,NA,NA,NA,NA,NA,NA,NA,NA,NA,NA,NA,NA,NA,"181"
"182","Standard rate","-","-","-","-","-","-","-","-","-","-","-","-","-","-","-","-","-","-","-","-","-","-","-","-","-","-","22","22","22","22","22","22","22","22","22","22","22","22","22","22","22","22","22","22","23","23","23","23","23","23","23","23","23","23","182"
"183","Implementation date",NA,NA,NA,NA,NA,NA,NA,NA,NA,NA,NA,NA,NA,NA,NA,NA,NA,NA,NA,NA,NA,NA,NA,NA,NA,NA,"34158",NA,NA,NA,NA,NA,NA,NA,NA,NA,NA,NA,NA,NA,NA,NA,NA,NA,"40544",NA,NA,NA,NA,NA,NA,NA,NA,NA,"183"
"184","Reduced rates","-","-","-","-","-","-","-","-","-","-","-","-","-","-","-","-","-","-","-","-","-","-","-","-","-","-","7","7","7","7","7","7","7","3.0/7.0","3.0/7.0","3.0/7.0","3.0/7.0","3.0/7.0","3.0/7.0","3.0/7.0","3.0/7.0","3.0/7.0","3.0/7.0","3.0/7.0","5.0/8.0","5.0/8.0","5.0/8.0","5.0/8.0","5.0/8.0","5.0/8.0","5.0/8.0","5.0/8.0","5.0/8.0","5.0/8.0","184"
"185","Implementation dates",NA,NA,NA,NA,NA,NA,NA,NA,NA,NA,NA,NA,NA,NA,NA,NA,NA,NA,NA,NA,NA,NA,NA,NA,NA,NA,"34151",NA,NA,NA,NA,NA,NA,"36773",NA,NA,NA,NA,NA,NA,NA,NA,NA,NA,"40544",NA,NA,NA,NA,NA,NA,NA,NA,NA,"185"
"186","Portugal",NA,NA,NA,NA,NA,NA,NA,NA,NA,NA,NA,NA,NA,NA,NA,NA,NA,NA,NA,NA,NA,NA,NA,NA,NA,NA,NA,NA,NA,NA,NA,NA,NA,NA,NA,NA,NA,NA,NA,NA,NA,NA,NA,NA,NA,NA,NA,NA,NA,NA,NA,NA,NA,NA,"186"
"187","Standard rate","-","-","-","-","-","-","-","-","-","-","-","-","-","-","-","-","-","-","-","16","16","17","17","17","17","16","16","16","17","17","17","17","17","17","17","19","19","19","21","21","21","20","20","21","23","23","23","23","23","23","23","23","23","23","187"
"188","Implementation date",NA,NA,NA,NA,NA,NA,NA,NA,NA,NA,NA,NA,NA,NA,NA,NA,NA,NA,NA,"31413",NA,"32174",NA,NA,NA,"33687",NA,NA,"34700",NA,NA,NA,NA,NA,NA,"37412",NA,NA,"38534",NA,NA,"39630",NA,"40360","40544",NA,NA,NA,NA,NA,NA,NA,NA,NA,"188"
"189","Reduced rates","-","-","-","-","-","-","-","-","-","-","-","-","-","-","-","-","-","-","-","0.0/8.0","0.0/8.0","0.0/8.0","0.0/8.0","0.0/8.0","0.0/8.0","8","8","8","5","5.0/12.0","5.0/12.0","5.0/12.0","5.0/12.0","5.0/12.0","5.0/12.0","5.0/12.0","5.0/12.0","5.0/12.0","5.0/12.0","5.0/12.0","5.0/12.0","5.0/12.0","5.0/12.0","6.0/13.0","6.0/13.0","6.0/13.0","6.0/13.0","6.0/13.0","6.0/13.0","6.0/13.0","6.0/13.0","6.0/13.0","6.0/13.0","6.0/13.0","189"
"190","Implementation dates",NA,NA,NA,NA,NA,NA,NA,NA,NA,NA,NA,NA,NA,NA,NA,NA,NA,NA,NA,"31413",NA,NA,NA,NA,NA,"33687",NA,NA,"34700","35247",NA,NA,NA,NA,NA,NA,NA,NA,NA,NA,NA,NA,NA,NA,NA,NA,NA,NA,NA,NA,NA,NA,NA,NA,"190"
"191","Higher rate","-","-","-","-","-","-","-","-","-","-","-","-","-","-","-","-","-","-","-","30","30","30","30","30","30","30","30","30","-","-","-","-","-","-","-","-","-","-","-","-","-","-","-","-","-","-","-","-",NA,NA,NA,NA,NA,NA,"191"
"192","Implementation dates",NA,NA,NA,NA,NA,NA,NA,NA,NA,NA,NA,NA,NA,NA,NA,NA,NA,NA,NA,"31413",NA,NA,NA,NA,NA,NA,NA,NA,"34700",NA,NA,NA,NA,NA,NA,NA,NA,NA,NA,NA,NA,NA,NA,NA,NA,NA,NA,NA,NA,NA,NA,NA,NA,NA,"192"
"193","Specific Regional rate",NA,NA,NA,NA,NA,NA,NA,NA,NA,NA,NA,NA,NA,NA,NA,NA,NA,NA,NA,NA,NA,NA,NA,NA,NA,NA,NA,NA,NA,NA,NA,NA,NA,NA,NA,NA,NA,NA,NA,NA,NA,NA,NA,NA,NA,NA,NA,NA,NA,NA,NA,NA,NA,NA,"193"
"194","Azores","-","-","-","-","-","-","-","-","-","-","-","-","-","-","-","-","-","-","-",NA,NA,NA,NA,NA,NA,NA,NA,NA,NA,NA,NA,NA,NA,NA,NA,NA,NA,NA,NA,NA,NA,NA,NA,NA,NA,NA,NA,NA,NA,NA,NA,NA,NA,NA,"194"
"195","Standard rate","-","-","-","-","-","-","-","-","-","-","-","-","-","-","-","-",NA,NA,NA,"12","12","13","13","13","13","12","12","12","13","13","13","13","13","13","13","14","14","14","15","15","15","14","14","15","16","16","16","18","18","18","18","18","18","18","195"
"196","Implementation date",NA,NA,NA,NA,NA,NA,NA,NA,NA,NA,NA,NA,NA,NA,NA,NA,NA,NA,NA,"31413",NA,"32174",NA,NA,NA,"33687",NA,NA,"34700",NA,NA,NA,NA,NA,NA,"37412",NA,NA,"38534",NA,NA,"39630",NA,"40360",NA,NA,NA,"41640",NA,NA,NA,NA,NA,NA,"196"
"197","Reduced rates","-","-","-","-","-","-","-","-","-","-","-","-","-","-","-","-","-","-","-","0.0/6.0","0.0/6.0","0.0/6.0","0.0/6.0","0.0/6.0","0.0/6.0","6","6","6","4","4.0/8.0","4.0/8.0","4.0/8.0","4.0/8.0","4.0/8.0","4.0/8.0","4.0/8.0","4.0/8.0","4.0/8.0","4.0/8.0","4.0/8.0","4.0/8.0","4.0/8.0","4.0/8.0","4.0/9.0","4.0/9.0","4.0/9.0","4.0/9.0","5.0/10.0","4.0/9.0","4.0/9.0","4.0/9.0","4.0/9.0","4.0/9.0","4.0/9.0","197"
"198","Implementation dates",NA,NA,NA,NA,NA,NA,NA,NA,NA,NA,NA,NA,NA,NA,NA,NA,NA,NA,NA,"31413",NA,NA,NA,NA,NA,"33687",NA,NA,"34700","35247",NA,NA,NA,NA,NA,NA,NA,NA,NA,NA,NA,NA,NA,"40360",NA,NA,NA,"41640","42186",NA,NA,NA,NA,NA,"198"
"199","Higher rate","-","-","-","-","-","-","-","-","-","-","-","-","-","-","-","-","-","-","-","21","21","21","21","21","21","21","21","21","-","-","-","-","-","-","-","-","-","-","-","-","-","-","-","-","-","-","-","-","-",NA,NA,NA,NA,NA,"199"
"200","Implementation dates",NA,NA,NA,NA,NA,NA,NA,NA,NA,NA,NA,NA,NA,NA,NA,NA,NA,NA,NA,"31413",NA,NA,NA,NA,NA,NA,NA,NA,"34700",NA,NA,NA,NA,NA,NA,NA,NA,NA,NA,NA,NA,NA,NA,NA,NA,NA,NA,NA,NA,NA,NA,NA,NA,NA,"200"
"201","Madeira",NA,NA,NA,NA,NA,NA,NA,NA,NA,NA,NA,NA,NA,NA,NA,NA,NA,NA,NA,NA,NA,NA,NA,NA,NA,NA,NA,NA,NA,NA,NA,NA,NA,NA,NA,NA,NA,NA,NA,NA,NA,NA,NA,NA,NA,NA,NA,NA,NA,NA,NA,NA,NA,NA,"201"
"202","Standard rate","-","-","-","-","-","-","-","-","-","-","-","-","-","-","-","-","-","-","-","12","12","13","13","13","13","12","12","12","13","13","13","13","13","13","13","14","14","14","15","15","15","14","14","15","16","22","22","22","22","22","22","22","22","22","202"
"203","Implementation date",NA,NA,NA,NA,NA,NA,NA,NA,NA,NA,NA,NA,NA,NA,NA,NA,NA,NA,NA,"31413",NA,"32174",NA,NA,NA,"33687",NA,NA,"34700",NA,NA,NA,NA,NA,NA,"37412",NA,NA,"38534",NA,NA,"39630",NA,"40360","40544","41000",NA,NA,NA,NA,NA,NA,NA,NA,"203"
"204","Reduced rates","-","-","-","-","-","-","-","-","-","-","-","-","-","-","-","-","-","-","-","0.0/6.0","0.0/6.0","0.0/6.0","0.0/6.0","0.0/6.0","0.0/6.0","6","6","6","4","4.0/8.0","4.0/8.0","4.0/8.0","4.0/8.0","4.0/8.0","4.0/8.0","4.0/8.0","4.0/8.0","4.0/8.0","4.0/8.0","4.0/8.0","4.0/8.0","4.0/8.0","4.0/8.0","4.0/9.0","4.0/9.0","5.0/12.0","5.0/12.0","5.0/12.0","5.0/12.0","5.0/12.0","5.0/12.0","5.0/12.0","5.0/12.0","5.0/12.0","204"
"205","Implementation dates",NA,NA,NA,NA,NA,NA,NA,NA,NA,NA,NA,NA,NA,NA,NA,NA,NA,NA,NA,"31413",NA,NA,NA,NA,NA,"33687",NA,NA,"34700","35247",NA,NA,NA,NA,NA,NA,NA,NA,NA,NA,NA,NA,NA,"40360",NA,"41000",NA,NA,NA,NA,NA,NA,NA,NA,"205"
"206","Higher rate","-","-","-","-","-","-","-","-","-","-","-","-","-","-","-","-","-","-","-","21","21","21","21","21","21","21","21","21","-","-","-","-","-","-","-","-","-","-","-","-","-","-","-","-","-","-","-","-","-",NA,NA,NA,NA,NA,"206"
"207","Implementation dates",NA,NA,NA,NA,NA,NA,NA,NA,NA,NA,NA,NA,NA,NA,NA,NA,NA,NA,NA,"31413",NA,NA,NA,NA,NA,NA,NA,NA,"34700",NA,NA,NA,NA,NA,NA,NA,NA,NA,NA,NA,NA,NA,NA,NA,NA,NA,NA,NA,NA,NA,NA,NA,NA,NA,"207"
"208","Slovak Republic",NA,NA,NA,NA,NA,NA,NA,NA,NA,NA,NA,NA,NA,NA,NA,NA,NA,NA,NA,NA,NA,NA,NA,NA,NA,NA,NA,NA,NA,NA,NA,NA,NA,NA,NA,NA,NA,NA,NA,NA,NA,NA,NA,NA,NA,NA,NA,NA,NA,NA,NA,NA,NA,NA,"208"
"209","Standard rate","-","-","-","-","-","-","-","-","-","-","-","-","-","-","-","-","-","-","-","-","-","-","-","-","-","-","25","25","25","23","23","23","23","23","23","23","20","19","19","19","19","19","19","19","20","20","20","20","20","20","20","20","20","20","209"
"210","Implementation date",NA,NA,NA,NA,NA,NA,NA,NA,NA,NA,NA,NA,NA,NA,NA,NA,NA,NA,NA,NA,NA,NA,NA,NA,NA,NA,"33970",NA,NA,"35065",NA,NA,NA,NA,NA,NA,"37622","37987",NA,NA,NA,NA,NA,NA,"40544",NA,NA,NA,NA,NA,NA,NA,NA,NA,"210"
"211","Reduced rates","-","-","-","-","-","-","-","-","-","-","-","-","-","-","-","-","-","-","-","-","-","-","-","-","-","-","6","6","6","6","6","6","10","10","10","10","14","-","-","-","10","10","10","6.0/10.0","10","10","10","10","10","10","10","10","10","10","211"
"212","Implementation dates",NA,NA,NA,NA,NA,NA,NA,NA,NA,NA,NA,NA,NA,NA,NA,NA,NA,NA,NA,NA,NA,NA,NA,NA,NA,NA,"33970",NA,NA,NA,NA,NA,"36342",NA,NA,NA,"37622","37987",NA,NA,"39083",NA,NA,"40299","40544",NA,NA,NA,NA,NA,NA,NA,NA,NA,"212"
"213","Slovenia",NA,NA,NA,NA,NA,NA,NA,NA,NA,NA,NA,NA,NA,NA,NA,NA,NA,NA,NA,NA,NA,NA,NA,NA,NA,NA,NA,NA,NA,NA,NA,NA,NA,NA,NA,NA,NA,NA,NA,NA,NA,NA,NA,NA,NA,NA,NA,NA,NA,NA,NA,NA,NA,NA,"213"
"214","Standard rate","-","-","-","-","-","-","-","-","-","-","-","-","-","-","-","-","-","-","-","-","-","-","-","-","-","-","-","-","-","-","-","-","19","19","19","20","20","20","20","20","20","20","20","20","20","20","22","22","22","22","22","22","22","22","214"
"215","Implementation date",NA,NA,NA,NA,NA,NA,NA,NA,NA,NA,NA,NA,NA,NA,NA,NA,NA,NA,NA,NA,NA,NA,NA,NA,NA,NA,NA,NA,NA,NA,NA,NA,"36342",NA,NA,"37257",NA,NA,NA,NA,NA,NA,NA,NA,NA,NA,"41456",NA,NA,NA,NA,NA,NA,NA,"215"
"216","Reduced rates","-","-","-","-","-","-","-","-","-","-","-","-","-","-","-","-","-","-","-","-","-","-","-","-","-","-","-","-","-","-","-","-","8","8","8","8.5","8.5","8.5","8.5","8.5","8.5","8.5","8.5","8.5","8.5","8.5","9.5","9.5","9.5","9.5","9.5","9.5","9.5","5.0/9.5","216"
"217","Implementation dates",NA,NA,NA,NA,NA,NA,NA,NA,NA,NA,NA,NA,NA,NA,NA,NA,NA,NA,NA,NA,NA,NA,NA,NA,NA,NA,NA,NA,NA,NA,NA,NA,"36342",NA,NA,"37257",NA,NA,NA,NA,NA,NA,NA,NA,NA,NA,"41456",NA,NA,NA,NA,NA,NA,"43831","217"
"218","Spain",NA,NA,NA,NA,NA,NA,NA,NA,NA,NA,NA,NA,NA,NA,NA,NA,NA,NA,NA,NA,NA,NA,NA,NA,NA,NA,NA,NA,NA,NA,NA,NA,NA,NA,NA,NA,NA,NA,NA,NA,NA,NA,NA,NA,NA,NA,NA,NA,NA,NA,NA,NA,NA,NA,"218"
"219","Standard rate","-","-","-","-","-","-","-","-","-","-","-","-","-","-","-","-","-","-","-","12","12","12","12","12","12","15","15","15","16","16","16","16","16","16","16","16","16","16","16","16","16","16","16","18","18","21","21","21","21","21","21","21","21","21","219"
"220","Implementation date",NA,NA,NA,NA,NA,NA,NA,NA,NA,NA,NA,NA,NA,NA,NA,NA,NA,NA,NA,"31413",NA,NA,NA,NA,NA,"33817",NA,NA,"34700",NA,NA,NA,NA,NA,NA,NA,NA,NA,NA,NA,NA,NA,NA,"40360",NA,"41153",NA,NA,NA,NA,NA,NA,NA,NA,"220"
"221","Reduced rates","-","-","-","-","-","-","-","-","-","-","-","-","-","-","-","-","-","-","-","6","6","6","6","6","6","6","3.0/6.0","3.0/6.0","4.0/7.0","4.0/7.0","4.0/7.0","4.0/7.0","4.0/7.0","4.0/7.0","4.0/7.0","4.0/7.0","4.0/7.0","4.0/7.0","4.0/7.0","4.0/7.0","4.0/7.0","4.0/7.0","4.0/7.0","4.0/8.0","4.0/8.0","4.0/10.0","4.0/10.0","4.0/10.0","4.0/10.0","4.0/10.0","4.0/10.0","4.0/10.0","4.0/10.0","4.0/10.0","221"
"222","Implementation dates",NA,NA,NA,NA,NA,NA,NA,NA,NA,NA,NA,NA,NA,NA,NA,NA,NA,NA,NA,"31413",NA,NA,NA,NA,NA,NA,"33970",NA,NA,NA,NA,NA,NA,NA,NA,NA,NA,NA,NA,NA,NA,NA,NA,NA,NA,NA,NA,NA,NA,NA,NA,NA,NA,NA,"222"
"223","Higher rate","-","-","-","-","-","-","-","-","-","-","-","-","-","-","-","-","-","-","-","33","33","33","33","33","33","28","-","-","-","-","-","-","-","-","-","-","-","-","-","-","-","-","-","-","-","-","-","-",NA,NA,NA,NA,NA,NA,"223"
"224","Implementation dates",NA,NA,NA,NA,NA,NA,NA,NA,NA,NA,NA,NA,NA,NA,NA,NA,NA,NA,NA,"31413",NA,NA,NA,NA,NA,"33604","33970",NA,NA,NA,NA,NA,NA,NA,NA,NA,NA,NA,NA,NA,NA,NA,NA,NA,NA,NA,NA,NA,NA,NA,NA,NA,NA,NA,"224"
"225","Specific Regional rates",NA,NA,NA,NA,NA,NA,NA,NA,NA,NA,NA,NA,NA,NA,NA,NA,NA,NA,NA,NA,NA,NA,NA,NA,NA,NA,NA,NA,NA,NA,NA,NA,NA,NA,NA,NA,NA,NA,NA,NA,NA,NA,NA,NA,NA,NA,NA,NA,NA,NA,NA,NA,NA,NA,"225"
"226","Canary Islands",NA,NA,NA,NA,NA,NA,NA,NA,NA,NA,NA,NA,NA,NA,NA,NA,NA,NA,NA,NA,NA,NA,NA,NA,NA,NA,NA,NA,NA,NA,NA,NA,NA,NA,NA,NA,NA,NA,NA,NA,NA,NA,NA,NA,NA,NA,NA,NA,NA,NA,NA,NA,NA,NA,"226"
"227","Standard rate","-","-","-","-","-","-","-","-","-","-","-","-","-","-","-","-","-","-","-",NA,NA,NA,NA,NA,NA,"12.0","12.0","12.0","12.0","12.0","13.0","13.0","13.0","13.0","13.0","13.0","13.0","13.0","13.0","13.0","13.0","13.0","13.0","13","13","13.5","13","13","13","13","13","13","13","13","227"
"228","Implementation date",NA,NA,NA,NA,NA,NA,NA,NA,NA,NA,NA,NA,NA,NA,NA,NA,NA,NA,NA,NA,NA,NA,NA,NA,NA,"33604",NA,NA,NA,NA,"35431",NA,NA,NA,NA,NA,NA,NA,NA,NA,NA,NA,NA,NA,NA,"41091",NA,NA,NA,NA,NA,NA,NA,NA,"228"
"229","Reduced rates","-","-","-","-","-","-","-","-","-","-","-","-","-","-","-","-","-","-","-",NA,NA,NA,NA,NA,NA,"2.0/4.0/","2.0/4.0/","2.0/4.0/","2.0/4.0/","2.0/4.0/","2.0/4.5/","2.0/4.5/","2.0/4.5/","2.0/4.5/","2.0/5.0/9.0","2.0/5.0/9.0","2.0/5.0/9.0","2.0/5.0/9.0","2.0/5.0/9.0","2.0/5.0/9.0","2.0/5.0/9.0","2.0/5.0/9.0","2.0/5.0/9.0","2.0/5.0/9.0","2.0/5.0/9.0","2.75/3.0/7.0/9.5","2.75/3.0/7.0/9.5","2.75/3.0/7.0/9.5","2.75/3.0/7.0/9.5","2.75/3.0/7.0/9.5","2.75/3.0/7.0/9.5","2.75/3.0/7.0/9.5","2.75/3.0/7.0/9.5","2.75/3.0/7.0/9.5","229"
"230","Implementation dates",NA,NA,NA,NA,NA,NA,NA,NA,NA,NA,NA,NA,NA,NA,NA,NA,NA,NA,NA,NA,NA,NA,NA,NA,NA,"33604",NA,NA,NA,NA,"35431",NA,NA,NA,"36892",NA,NA,NA,NA,NA,NA,NA,NA,NA,NA,"41091",NA,NA,NA,NA,NA,NA,NA,NA,"230"
"231","Ceuta and Melila",NA,NA,NA,NA,NA,NA,NA,NA,NA,NA,NA,NA,NA,NA,NA,NA,NA,NA,NA,NA,NA,NA,NA,NA,NA,NA,NA,NA,NA,NA,NA,NA,NA,NA,NA,NA,NA,NA,NA,NA,NA,NA,NA,NA,NA,NA,NA,NA,NA,NA,NA,NA,NA,NA,"231"
"232","Standard rate","-","-","-","-","-","-","-","-","-","-","-","-","-","-","-","-","-","-","-",NA,NA,NA,NA,NA,NA,"5","5","5","5","5","5","5","5","5","5","5","5","5","5","5","5","5","5","5","5","5","5","5","5","5","5","5","5","5","232"
"233","Implementation date",NA,NA,NA,NA,NA,NA,NA,NA,NA,NA,NA,NA,NA,NA,NA,NA,NA,NA,NA,NA,NA,NA,NA,NA,NA,"33604",NA,NA,NA,NA,NA,NA,NA,NA,NA,NA,NA,NA,NA,NA,NA,NA,NA,NA,NA,NA,NA,NA,NA,NA,NA,NA,NA,NA,"233"
"234","Reduced rates","-","-","-","-","-","-","-","-","-","-","-","-","-","-","-","-","-","-","-",NA,NA,NA,NA,NA,NA,"0,5/2.0/3.0/4.0","0,5/2.0/3.0/4.0","0,5/2.0/3.0/4.0","0,5/2.0/3.0/4.0","0,5/2.0/3.0/4.0","0,5/2.0/3.0/4.0","0,5/2.0/3.0/4.0","0,5/2.0/3.0/4.0","0,5/2.0/3.0/4.0","0,5/2.0/3.0/4.0","0,5/2.0/3.0/4.0","0,5/2.0/3.0/4.0","0,5/2.0/3.0/4.0","0,5/2.0/3.0/4.0","0,5/2.0/3.0/4.0","0,5/2.0/3.0/4.0","0,5/2.0/3.0/4.0","0,5/2.0/3.0/4.0","0,5/2.0/3.0/4.0","0,5/2.0/3.0/4.0","0,5/2.0/3.0/4.0","0,5/2.0/3.0/4.0","0,5/2.0/3.0/4.0","0,5/2.0/3.0/4.0","0,5/2.0/3.0/4.0","0,5/2.0/3.0/4.0","0,5/2.0/3.0/4.0","0,5/2.0/3.0/4.0","0,5/2.0/3.0/4.0","234"
"235","Implementation dates",NA,NA,NA,NA,NA,NA,NA,NA,NA,NA,NA,NA,NA,NA,NA,NA,NA,NA,NA,NA,NA,NA,NA,NA,NA,"33604",NA,NA,NA,NA,NA,NA,NA,NA,NA,NA,NA,NA,NA,NA,NA,NA,NA,NA,NA,NA,NA,NA,NA,NA,NA,NA,NA,NA,"235"
"236","Sweden",NA,NA,NA,NA,NA,NA,NA,NA,NA,NA,NA,NA,NA,NA,NA,NA,NA,NA,NA,NA,NA,NA,NA,NA,NA,NA,NA,NA,NA,NA,NA,NA,NA,NA,NA,NA,NA,NA,NA,NA,NA,NA,NA,NA,NA,NA,NA,NA,NA,NA,NA,NA,NA,NA,"236"
"237","Standard rate","-","-","11.11","11.11","17.649999999999999","17.649999999999999","17.649999999999999","17.649999999999999","17.649999999999999","17.649999999999999","20.63","20.63","20.63","23.46","21.51","21.51","23.46","23.46","23.46","23.46","23.46","23.46","23.46","25","25","25","25","25","25","25","25","25","25","25","25","25","25","25","25","25","25","25","25","25","25","25","25","25","25","25","25","25","25","25","237"
"238","Implementation date",NA,NA,"25204",NA,"25934",NA,NA,NA,NA,NA,"28277",NA,NA,"29472","29906",NA,"30317",NA,NA,NA,NA,NA,NA,"33055",NA,NA,NA,NA,NA,NA,NA,NA,NA,NA,NA,NA,NA,NA,NA,NA,NA,NA,NA,NA,NA,NA,NA,NA,NA,NA,NA,NA,NA,NA,"238"
"239","Reduced rates","-","-","6.38/2.04","6.38/2.04","9.89/3.09","9.89/3.09","9.89/3.09","9.89/3.09","9.89/3.09","9.89/3.09","11.43/3.54","11.43/3.54","11.43/3.54","12.87/3.95","11.88/3.67","11.88/3.67","12.87/3.95","12.87/3.95","12.87/3.95","12.87/3.95","12.87/3.95","12.87/3.95","12.87/3.95","13.64/4.17","13.64/4.17","18","12.0/21.0","12.0/21.0","12.0/21.0","0.0/6.0/12.0","0.0/6.0/12.0","0.0/6.0/12.0","0.0/6.0/12.0","0.0/6.0/12.0","0.0/6.0/12.0","0.0/6.0/12.0","0.0/6.0/12.0","0.0/6.0/12.0","0.0/6.0/12.0","0.0/6.0/12.0","0.0/6.0/12.0","0.0/6.0/12.0","0.0/6.0/12.0","0.0/6.0/12.0","0.0/6.0/12.0","0.0/6.0/12.0","0.0/6.0/12.0","0.0/6.0/12.0","0.0/6.0/12.0","0.0/6.0/12.0","0.0/6.0/12.0","0.0/6.0/12.0","0.0/6.0/12.0","0.0/6.0/12.0","239"
"240","Implementation dates",NA,NA,"25204",NA,"25934",NA,NA,NA,NA,NA,"28277",NA,NA,"29472","29906",NA,"30317",NA,NA,NA,NA,NA,NA,"33055",NA,"33604","34151",NA,NA,"35065",NA,NA,NA,NA,NA,NA,NA,NA,NA,NA,NA,NA,NA,NA,NA,NA,NA,NA,NA,NA,NA,NA,NA,NA,"240"
"241","Switzerland",NA,NA,NA,NA,NA,NA,NA,NA,NA,NA,NA,NA,NA,NA,NA,NA,NA,NA,NA,NA,NA,NA,NA,NA,NA,NA,NA,NA,NA,NA,NA,NA,NA,NA,NA,NA,NA,NA,NA,NA,NA,NA,NA,NA,NA,NA,NA,NA,NA,NA,NA,NA,NA,NA,"241"
"242","Standard rate","-","-","-","-","-","-","-","-","-","-","-","-","-","-","-","-","-","-","-","-","-","-","-","-","-","-","-","-","6.5","6.5","6.5","7.5","7.5","7.5","7.6","7.6","7.6","7.6","7.6","7.6","7.6","7.6","7.6","7.6","8","8","8","8","8","8","8","7.7","7.7","7.7","242"
"243","Implementation date",NA,NA,NA,NA,NA,NA,NA,NA,NA,NA,NA,NA,NA,NA,NA,NA,NA,NA,NA,NA,NA,NA,NA,NA,NA,NA,NA,NA,"34700",NA,NA,"36161",NA,NA,"36892",NA,NA,NA,NA,NA,NA,NA,NA,NA,"40544",NA,NA,NA,NA,NA,NA,"43101",NA,NA,"243"
"244","Reduced rates","-","-","-","-","-","-","-","-","-","-","-","-","-","-","-","-","-","-","-","-","-","-","-","-","-","-","-","-","2","2.0/3.0","2.0/3.0","0.0/2.0/3.0","0.0/2.3/3.5","0.0/2.3/3.5","0.0/2.4/3.6","0.0/2.4/3.6","0.0/2.4/3.6","0.0/2.4/3.6","0.0/2.4/3.6","0.0/2.4/3.6","0.0/2.4/3.6","0.0/2.4/3.6","0.0/2.4/3.6","0.0/2.4/3.6","0.0/2.5/3.8","0.0/2.5/3.8","0.0/2.5/3.8","0.0/2.5/3.8","0.0/2.5/3.8","0.0/2.5/3.8","0.0/2.5/3.8","0.0/2.5/3.7","0.0/2.5/3.7","0.0/2.5/3.7","244"
"245","Implementation dates",NA,NA,NA,NA,NA,NA,NA,NA,NA,NA,NA,NA,NA,NA,NA,NA,NA,NA,NA,NA,NA,NA,NA,NA,NA,NA,NA,NA,"34700","35339",NA,"36161",NA,NA,"36892",NA,NA,NA,NA,NA,NA,NA,NA,NA,"40544",NA,NA,NA,NA,NA,NA,"43101",NA,NA,"245"
"246","Turkey",NA,NA,NA,NA,NA,NA,NA,NA,NA,NA,NA,NA,NA,NA,NA,NA,NA,NA,NA,NA,NA,NA,NA,NA,NA,NA,NA,NA,NA,NA,NA,NA,NA,NA,NA,NA,NA,NA,NA,NA,NA,NA,NA,NA,NA,NA,NA,NA,NA,NA,NA,NA,NA,NA,"246"
"247","Standard rate","-","-","-","-","-","-","-","-","-","-","-","-","-","-","-","-","-","-","10","12","12","10","10","12","12","12","15","15","15","15","15","15","17","17","18","18","18","18","18","18","18","18","18","18","18","18","18","18","18","18","18","18","18","18","247"
"248","Implementation date",NA,NA,NA,NA,NA,NA,NA,NA,NA,NA,NA,NA,NA,NA,NA,NA,NA,NA,"31048","31747",NA,"32448",NA,"33208",NA,NA,"34274",NA,NA,NA,NA,NA,"36507",NA,"37026",NA,NA,NA,NA,NA,NA,NA,NA,NA,NA,NA,NA,NA,NA,NA,NA,NA,NA,NA,"248"
"249","Reduced rates","-","-","-","-","-","-","-","-","-","-","-","-","-","-","-","-","-","-","-","0.0/1.0/5.0","0.0/1.0/5.0","1.0/3.0/5.0","1.0/3.0/5.0","1.0/6.0","1.0/6.0","1.0/6.0","1.0/8.0","1.0/8.0","1.0/8.0","1.0/8.0","1.0/8.0","1.0/8.0","1.0/8.0","1.0/8.0","1.0/8.0","1.0/8.0","1.0/8.0","1.0/8.0","1.0/8.0","1.0/8.0","1.0/8.0","1.0/8.0","1.0/8.0","1.0/8.0","1.0/8.0","1.0/8.0","1.0/8.0","1.0/8.0","1.0/8.0","1.0/8.0","1.0/8.0","1.0/8.0","1.0/8.0","1.0/8.0","249"
"250","Implementation dates",NA,NA,NA,NA,NA,NA,NA,NA,NA,NA,NA,NA,NA,NA,NA,NA,NA,NA,NA,"31747",NA,"32448",NA,"33208",NA,NA,"34274",NA,NA,NA,NA,NA,NA,NA,NA,NA,NA,NA,NA,NA,NA,NA,NA,NA,NA,NA,NA,NA,NA,NA,NA,NA,NA,NA,"250"
"251","Higher rate",NA,NA,NA,NA,NA,NA,NA,NA,NA,NA,NA,NA,NA,NA,NA,NA,NA,NA,"-","-","-","15","15","20","20","13.0/20.0","23","23","23","23.0/40.0","23.0/40.0","23.0/40.0","25.0/40.0","25.0/40.0","26.0/40.0","-",NA,NA,NA,NA,NA,NA,NA,NA,NA,NA,NA,NA,NA,NA,NA,NA,NA,NA,"251"
"252","Implementation dates",NA,NA,NA,NA,NA,NA,NA,NA,NA,NA,NA,NA,NA,NA,NA,NA,NA,NA,NA,NA,NA,"32448",NA,"33161",NA,"33663","34274",NA,NA,NA,NA,NA,"36507",NA,"37026","37469",NA,NA,NA,NA,NA,NA,NA,NA,NA,NA,NA,NA,NA,NA,NA,NA,NA,NA,"252"
"253","United Kingdom",NA,NA,NA,NA,NA,NA,NA,NA,NA,NA,NA,NA,NA,NA,NA,NA,NA,NA,NA,NA,NA,NA,NA,NA,NA,NA,NA,NA,NA,NA,NA,NA,NA,NA,NA,NA,NA,NA,NA,NA,NA,NA,NA,NA,NA,NA,NA,NA,NA,NA,NA,NA,NA,NA,"253"
"254","Standard rate","-","-","-","-","-","-","10","8","8","8","8","8","15","15","15","15","15","15","15","15","15","15","15","15","17.5","17.5","17.5","17.5","17.5","17.5","17.5","17.5","17.5","17.5","17.5","17.5","17.5","17.5","17.5","17.5","17.5","15","15","17.5","20","20","20","20","20","20","20","20","20","20","254"
"255","Implementation date",NA,NA,NA,NA,NA,NA,"26755","27239",NA,NA,NA,NA,"29024",NA,NA,NA,NA,NA,NA,NA,NA,NA,NA,NA,"33329",NA,NA,NA,NA,NA,NA,NA,NA,NA,NA,NA,NA,NA,NA,NA,NA,"39783",NA,"40179","40547",NA,NA,NA,NA,NA,NA,NA,NA,NA,"255"
"256","Reduced rates","-","-","-","-","-","-","0","0","0","0","0","0","0","0","0","0","0","0","0","0","0","0","0","0","0","0","0","0","0.0/8.0","0.0/8.0","0.0/5.0","0.0/5.0","0.0/5.0","0.0/5.0","0.0/5.0","0.0/5.0","0.0/5.0","0.0/5.0","0.0/5.0","0.0/5.0","0.0/5.0","0.0/5.0","0.0/5.0","0.0/5.0","0.0/5.0","0.0/5.0","0.0/5.0","0.0/5.0","0.0/5.0","0.0/5.0","0.0/5.0","0.0/5.0","0.0/5.0","0.0/5.0","256"
"257","Implementation dates",NA,NA,NA,NA,NA,NA,"26755",NA,NA,NA,NA,NA,NA,NA,NA,NA,NA,NA,NA,NA,NA,NA,NA,NA,NA,NA,NA,NA,"34700",NA,NA,NA,NA,NA,NA,NA,NA,NA,NA,NA,NA,NA,NA,NA,NA,NA,NA,NA,NA,NA,NA,NA,NA,NA,"257"
"258","Higher rate","-","-","-","-","-","-","-","25","25","12.5","12.5","12.5","-","-","-","-","-","-","-","-","-","-","-","-","-","-","-","-","-","-","-","-","-","-","-","-","-","-","-","-","-","-","-","-","-","-","-","-",NA,NA,NA,NA,NA,NA,"258"
"259","Implementation dates",NA,NA,NA,NA,NA,NA,NA,"27351",NA,"27862",NA,NA,"29024",NA,NA,NA,NA,NA,NA,NA,NA,NA,NA,NA,NA,NA,NA,NA,NA,NA,NA,NA,NA,NA,NA,NA,NA,NA,NA,NA,NA,NA,NA,NA,NA,NA,NA,NA,NA,NA,NA,NA,NA,NA,"259"
