"country","year","higher_1","higher_2","higher_3","reduced_1","reduced_2","reduced_3","reduced_4","reduced_5","reduced_6","standard"
"Australia","1967",NA,NA,NA,NA,NA,NA,NA,NA,NA,NA
"Australia","1968",NA,NA,NA,NA,NA,NA,NA,NA,NA,NA
"Australia","1969",NA,NA,NA,NA,NA,NA,NA,NA,NA,NA
"Australia","1970",NA,NA,NA,NA,NA,NA,NA,NA,NA,NA
"Australia","1971",NA,NA,NA,NA,NA,NA,NA,NA,NA,NA
"Australia","1972",NA,NA,NA,NA,NA,NA,NA,NA,NA,NA
"Australia","1973",NA,NA,NA,NA,NA,NA,NA,NA,NA,NA
"Australia","1974",NA,NA,NA,NA,NA,NA,NA,NA,NA,NA
"Australia","1975",NA,NA,NA,NA,NA,NA,NA,NA,NA,NA
"Australia","1976",NA,NA,NA,NA,NA,NA,NA,NA,NA,NA
"Australia","1977",NA,NA,NA,NA,NA,NA,NA,NA,NA,NA
"Australia","1978",NA,NA,NA,NA,NA,NA,NA,NA,NA,NA
"Australia","1979",NA,NA,NA,NA,NA,NA,NA,NA,NA,NA
"Australia","1980",NA,NA,NA,NA,NA,NA,NA,NA,NA,NA
"Australia","1981",NA,NA,NA,NA,NA,NA,NA,NA,NA,NA
"Australia","1982",NA,NA,NA,NA,NA,NA,NA,NA,NA,NA
"Australia","1983",NA,NA,NA,NA,NA,NA,NA,NA,NA,NA
"Australia","1984",NA,NA,NA,NA,NA,NA,NA,NA,NA,NA
"Australia","1985",NA,NA,NA,NA,NA,NA,NA,NA,NA,NA
"Australia","1986",NA,NA,NA,NA,NA,NA,NA,NA,NA,NA
"Australia","1987",NA,NA,NA,NA,NA,NA,NA,NA,NA,NA
"Australia","1988",NA,NA,NA,NA,NA,NA,NA,NA,NA,NA
"Australia","1989",NA,NA,NA,NA,NA,NA,NA,NA,NA,NA
"Australia","1990",NA,NA,NA,NA,NA,NA,NA,NA,NA,NA
"Australia","1991",NA,NA,NA,NA,NA,NA,NA,NA,NA,NA
"Australia","1992",NA,NA,NA,NA,NA,NA,NA,NA,NA,NA
"Australia","1993",NA,NA,NA,NA,NA,NA,NA,NA,NA,NA
"Australia","1994",NA,NA,NA,NA,NA,NA,NA,NA,NA,NA
"Australia","1995",NA,NA,NA,NA,NA,NA,NA,NA,NA,NA
"Australia","1996",NA,NA,NA,NA,NA,NA,NA,NA,NA,NA
"Australia","1997",NA,NA,NA,NA,NA,NA,NA,NA,NA,NA
"Australia","1998",NA,NA,NA,NA,NA,NA,NA,NA,NA,NA
"Australia","1999",NA,NA,NA,NA,NA,NA,NA,NA,NA,NA
"Australia","2000",NA,NA,NA,0,NA,NA,NA,NA,NA,10
"Australia","2001",NA,NA,NA,0,NA,NA,NA,NA,NA,10
"Australia","2002",NA,NA,NA,0,NA,NA,NA,NA,NA,10
"Australia","2003",NA,NA,NA,0,NA,NA,NA,NA,NA,10
"Australia","2004",NA,NA,NA,0,NA,NA,NA,NA,NA,10
"Australia","2005",NA,NA,NA,0,NA,NA,NA,NA,NA,10
"Australia","2006",NA,NA,NA,0,NA,NA,NA,NA,NA,10
"Australia","2007",NA,NA,NA,0,NA,NA,NA,NA,NA,10
"Australia","2008",NA,NA,NA,0,NA,NA,NA,NA,NA,10
"Australia","2009",NA,NA,NA,0,NA,NA,NA,NA,NA,10
"Australia","2010",NA,NA,NA,0,NA,NA,NA,NA,NA,10
"Australia","2011",NA,NA,NA,0,NA,NA,NA,NA,NA,10
"Australia","2012",NA,NA,NA,0,NA,NA,NA,NA,NA,10
"Australia","2013",NA,NA,NA,0,NA,NA,NA,NA,NA,10
"Australia","2014",NA,NA,NA,0,NA,NA,NA,NA,NA,10
"Australia","2015",NA,NA,NA,0,NA,NA,NA,NA,NA,10
"Australia","2016",NA,NA,NA,0,NA,NA,NA,NA,NA,10
"Australia","2017",NA,NA,NA,0,NA,NA,NA,NA,NA,10
"Australia","2018",NA,NA,NA,0,NA,NA,NA,NA,NA,10
"Australia","2019",NA,NA,NA,0,NA,NA,NA,NA,NA,10
"Australia","2020",NA,NA,NA,0,NA,NA,NA,NA,NA,10
"Austria","1967",NA,NA,NA,NA,NA,NA,NA,NA,NA,NA
"Austria","1968",NA,NA,NA,NA,NA,NA,NA,NA,NA,NA
"Austria","1969",NA,NA,NA,NA,NA,NA,NA,NA,NA,NA
"Austria","1970",NA,NA,NA,NA,NA,NA,NA,NA,NA,NA
"Austria","1971",NA,NA,NA,NA,NA,NA,NA,NA,NA,NA
"Austria","1972",NA,NA,NA,NA,NA,NA,NA,NA,NA,NA
"Austria","1973",NA,NA,NA,8,NA,NA,NA,NA,NA,16
"Austria","1974",NA,NA,NA,8,NA,NA,NA,NA,NA,16
"Austria","1975",NA,NA,NA,8,NA,NA,NA,NA,NA,16
"Austria","1976",NA,NA,NA,8,NA,NA,NA,NA,NA,18
"Austria","1977",NA,NA,NA,8,NA,NA,NA,NA,NA,18
"Austria","1978",30,NA,NA,8,NA,NA,NA,NA,NA,18
"Austria","1979",30,NA,NA,8,NA,NA,NA,NA,NA,18
"Austria","1980",30,NA,NA,8,NA,NA,NA,NA,NA,18
"Austria","1981",30,NA,NA,13,8,NA,NA,NA,NA,18
"Austria","1982",30,NA,NA,13,8,NA,NA,NA,NA,18
"Austria","1983",30,NA,NA,13,8,NA,NA,NA,NA,18
"Austria","1984",32,NA,NA,10,NA,NA,NA,NA,NA,20
"Austria","1985",32,NA,NA,10,NA,NA,NA,NA,NA,20
"Austria","1986",32,NA,NA,10,NA,NA,NA,NA,NA,20
"Austria","1987",32,NA,NA,10,NA,NA,NA,NA,NA,20
"Austria","1988",32,NA,NA,10,NA,NA,NA,NA,NA,20
"Austria","1989",32,NA,NA,10,NA,NA,NA,NA,NA,20
"Austria","1990",32,NA,NA,10,NA,NA,NA,NA,NA,20
"Austria","1991",32,NA,NA,10,NA,NA,NA,NA,NA,20
"Austria","1992",NA,NA,NA,10,NA,NA,NA,NA,NA,20
"Austria","1993",NA,NA,NA,10,NA,NA,NA,NA,NA,20
"Austria","1994",NA,NA,NA,10,NA,NA,NA,NA,NA,20
"Austria","1995",NA,NA,NA,10,12,NA,NA,NA,NA,20
"Austria","1996",NA,NA,NA,10,12,NA,NA,NA,NA,20
"Austria","1997",NA,NA,NA,10,12,NA,NA,NA,NA,20
"Austria","1998",NA,NA,NA,10,12,NA,NA,NA,NA,20
"Austria","1999",NA,NA,NA,10,12,NA,NA,NA,NA,20
"Austria","2000",NA,NA,NA,10,12,NA,NA,NA,NA,20
"Austria","2001",NA,NA,NA,10,12,NA,NA,NA,NA,20
"Austria","2002",NA,NA,NA,10,12,NA,NA,NA,NA,20
"Austria","2003",NA,NA,NA,10,12,NA,NA,NA,NA,20
"Austria","2004",NA,NA,NA,10,12,NA,NA,NA,NA,20
"Austria","2005",NA,NA,NA,10,12,NA,NA,NA,NA,20
"Austria","2006",NA,NA,NA,10,12,NA,NA,NA,NA,20
"Austria","2007",NA,NA,NA,10,12,NA,NA,NA,NA,20
"Austria","2008",NA,NA,NA,10,12,NA,NA,NA,NA,20
"Austria","2009",NA,NA,NA,10,12,NA,NA,NA,NA,20
"Austria","2010",NA,NA,NA,10,12,NA,NA,NA,NA,20
"Austria","2011",NA,NA,NA,10,12,NA,NA,NA,NA,20
"Austria","2012",NA,NA,NA,10,12,NA,NA,NA,NA,20
"Austria","2013",NA,NA,NA,10,12,NA,NA,NA,NA,20
"Austria","2014",NA,NA,NA,10,12,NA,NA,NA,NA,20
"Austria","2015",NA,NA,NA,10,12,NA,NA,NA,NA,20
"Austria","2016",NA,NA,NA,10,13,NA,NA,NA,NA,20
"Austria","2017",NA,NA,NA,10,13,NA,NA,NA,NA,20
"Austria","2018",NA,NA,NA,10,13,NA,NA,NA,NA,20
"Austria","2019",NA,NA,NA,10,13,NA,NA,NA,NA,20
"Austria","2020",NA,NA,NA,10,13,NA,NA,NA,NA,20
"Belgium","1967",NA,NA,NA,NA,NA,NA,NA,NA,NA,NA
"Belgium","1968",NA,NA,NA,NA,NA,NA,NA,NA,NA,NA
"Belgium","1969",NA,NA,NA,NA,NA,NA,NA,NA,NA,NA
"Belgium","1970",NA,NA,NA,NA,NA,NA,NA,NA,NA,NA
"Belgium","1971",25,NA,NA,0,6,14,NA,NA,NA,18
"Belgium","1972",25,NA,NA,0,6,14,NA,NA,NA,18
"Belgium","1973",25,NA,NA,0,6,14,NA,NA,NA,18
"Belgium","1974",25,NA,NA,0,6,14,NA,NA,NA,18
"Belgium","1975",25,NA,NA,0,6,14,NA,NA,NA,18
"Belgium","1976",25,NA,NA,0,6,14,NA,NA,NA,18
"Belgium","1977",25,NA,NA,0,6,14,NA,NA,NA,18
"Belgium","1978",25,NA,NA,0,6,NA,NA,NA,NA,16
"Belgium","1979",25,NA,NA,0,6,NA,NA,NA,NA,16
"Belgium","1980",25,30,NA,0,6,NA,NA,NA,NA,16
"Belgium","1981",25,33,NA,0,6,NA,NA,NA,NA,17
"Belgium","1982",25,33,NA,0,1,6,NA,NA,NA,17
"Belgium","1983",25,33,NA,0,1,6,17,NA,NA,19
"Belgium","1984",25,33,NA,0,1,6,17,NA,NA,19
"Belgium","1985",25,33,NA,0,1,6,17,NA,NA,19
"Belgium","1986",25,33,NA,0,1,6,17,NA,NA,19
"Belgium","1987",25,33,NA,0,1,6,17,NA,NA,19
"Belgium","1988",25,33,NA,0,1,6,17,NA,NA,19
"Belgium","1989",25,33,NA,0,1,6,17,NA,NA,19
"Belgium","1990",25,33,NA,0,1,6,17,NA,NA,19
"Belgium","1991",25,33,NA,0,1,6,17,NA,NA,19
"Belgium","1992",NA,NA,NA,0,1,6,12,NA,NA,19.5
"Belgium","1993",NA,NA,NA,0,1,6,12,NA,NA,19.5
"Belgium","1994",NA,NA,NA,0,1,6,12,NA,NA,20.5
"Belgium","1995",NA,NA,NA,0,1,6,12,NA,NA,20.5
"Belgium","1996",NA,NA,NA,0,1,6,12,NA,NA,21
"Belgium","1997",NA,NA,NA,0,1,6,12,NA,NA,21
"Belgium","1998",NA,NA,NA,0,1,6,12,NA,NA,21
"Belgium","1999",NA,NA,NA,0,1,6,12,NA,NA,21
"Belgium","2000",NA,NA,NA,0,6,12,NA,NA,NA,21
"Belgium","2001",NA,NA,NA,0,6,12,NA,NA,NA,21
"Belgium","2002",NA,NA,NA,0,6,12,NA,NA,NA,21
"Belgium","2003",NA,NA,NA,0,6,12,NA,NA,NA,21
"Belgium","2004",NA,NA,NA,0,6,12,NA,NA,NA,21
"Belgium","2005",NA,NA,NA,0,6,12,NA,NA,NA,21
"Belgium","2006",NA,NA,NA,0,6,12,NA,NA,NA,21
"Belgium","2007",NA,NA,NA,0,6,12,NA,NA,NA,21
"Belgium","2008",NA,NA,NA,0,6,12,NA,NA,NA,21
"Belgium","2009",NA,NA,NA,0,6,12,NA,NA,NA,21
"Belgium","2010",NA,NA,NA,0,6,12,NA,NA,NA,21
"Belgium","2011",NA,NA,NA,0,6,12,NA,NA,NA,21
"Belgium","2012",NA,NA,NA,0,6,12,NA,NA,NA,21
"Belgium","2013",NA,NA,NA,0,6,12,NA,NA,NA,21
"Belgium","2014",NA,NA,NA,0,6,12,NA,NA,NA,21
"Belgium","2015",NA,NA,NA,0,6,12,NA,NA,NA,21
"Belgium","2016",NA,NA,NA,0,6,12,NA,NA,NA,21
"Belgium","2017",NA,NA,NA,0,6,12,NA,NA,NA,21
"Belgium","2018",NA,NA,NA,0,6,12,NA,NA,NA,21
"Belgium","2019",NA,NA,NA,0,6,12,NA,NA,NA,21
"Belgium","2020",NA,NA,NA,0,6,12,NA,NA,NA,21
"Canada","1967",NA,NA,NA,NA,NA,NA,NA,NA,NA,NA
"Canada","1968",NA,NA,NA,NA,NA,NA,NA,NA,NA,NA
"Canada","1969",NA,NA,NA,NA,NA,NA,NA,NA,NA,NA
"Canada","1970",NA,NA,NA,NA,NA,NA,NA,NA,NA,NA
"Canada","1971",NA,NA,NA,NA,NA,NA,NA,NA,NA,NA
"Canada","1972",NA,NA,NA,NA,NA,NA,NA,NA,NA,NA
"Canada","1973",NA,NA,NA,NA,NA,NA,NA,NA,NA,NA
"Canada","1974",NA,NA,NA,NA,NA,NA,NA,NA,NA,NA
"Canada","1975",NA,NA,NA,NA,NA,NA,NA,NA,NA,NA
"Canada","1976",NA,NA,NA,NA,NA,NA,NA,NA,NA,NA
"Canada","1977",NA,NA,NA,NA,NA,NA,NA,NA,NA,NA
"Canada","1978",NA,NA,NA,NA,NA,NA,NA,NA,NA,NA
"Canada","1979",NA,NA,NA,NA,NA,NA,NA,NA,NA,NA
"Canada","1980",NA,NA,NA,NA,NA,NA,NA,NA,NA,NA
"Canada","1981",NA,NA,NA,NA,NA,NA,NA,NA,NA,NA
"Canada","1982",NA,NA,NA,NA,NA,NA,NA,NA,NA,NA
"Canada","1983",NA,NA,NA,NA,NA,NA,NA,NA,NA,NA
"Canada","1984",NA,NA,NA,NA,NA,NA,NA,NA,NA,NA
"Canada","1985",NA,NA,NA,NA,NA,NA,NA,NA,NA,NA
"Canada","1986",NA,NA,NA,NA,NA,NA,NA,NA,NA,NA
"Canada","1987",NA,NA,NA,NA,NA,NA,NA,NA,NA,NA
"Canada","1988",NA,NA,NA,NA,NA,NA,NA,NA,NA,NA
"Canada","1989",NA,NA,NA,NA,NA,NA,NA,NA,NA,NA
"Canada","1990",NA,NA,NA,NA,NA,NA,NA,NA,NA,NA
"Canada","1991",NA,NA,NA,0,NA,NA,NA,NA,NA,7
"Canada","1992",NA,NA,NA,0,NA,NA,NA,NA,NA,7
"Canada","1993",NA,NA,NA,0,NA,NA,NA,NA,NA,7
"Canada","1994",NA,NA,NA,0,NA,NA,NA,NA,NA,7
"Canada","1995",NA,NA,NA,0,NA,NA,NA,NA,NA,7
"Canada","1996",NA,NA,NA,0,NA,NA,NA,NA,NA,7
"Canada","1997",NA,NA,NA,0,NA,NA,NA,NA,NA,7
"Canada","1998",NA,NA,NA,0,NA,NA,NA,NA,NA,7
"Canada","1999",NA,NA,NA,0,NA,NA,NA,NA,NA,7
"Canada","2000",NA,NA,NA,0,NA,NA,NA,NA,NA,7
"Canada","2001",NA,NA,NA,0,NA,NA,NA,NA,NA,7
"Canada","2002",NA,NA,NA,0,NA,NA,NA,NA,NA,7
"Canada","2003",NA,NA,NA,0,NA,NA,NA,NA,NA,7
"Canada","2004",NA,NA,NA,0,NA,NA,NA,NA,NA,7
"Canada","2005",NA,NA,NA,0,NA,NA,NA,NA,NA,7
"Canada","2006",NA,NA,NA,0,NA,NA,NA,NA,NA,6
"Canada","2007",NA,NA,NA,0,NA,NA,NA,NA,NA,6
"Canada","2008",NA,NA,NA,0,NA,NA,NA,NA,NA,5
"Canada","2009",NA,NA,NA,0,NA,NA,NA,NA,NA,5
"Canada","2010",NA,NA,NA,0,NA,NA,NA,NA,NA,5
"Canada","2011",NA,NA,NA,0,NA,NA,NA,NA,NA,5
"Canada","2012",NA,NA,NA,0,NA,NA,NA,NA,NA,5
"Canada","2013",NA,NA,NA,0,NA,NA,NA,NA,NA,5
"Canada","2014",NA,NA,NA,0,NA,NA,NA,NA,NA,5
"Canada","2015",NA,NA,NA,0,NA,NA,NA,NA,NA,5
"Canada","2016",NA,NA,NA,0,NA,NA,NA,NA,NA,5
"Canada","2017",NA,NA,NA,0,NA,NA,NA,NA,NA,5
"Canada","2018",NA,NA,NA,0,NA,NA,NA,NA,NA,5
"Canada","2019",NA,NA,NA,0,NA,NA,NA,NA,NA,5
"Canada","2020",NA,NA,NA,0,NA,NA,NA,NA,NA,5
"Chile","1967",NA,NA,NA,NA,NA,NA,NA,NA,NA,NA
"Chile","1968",NA,NA,NA,NA,NA,NA,NA,NA,NA,NA
"Chile","1969",NA,NA,NA,NA,NA,NA,NA,NA,NA,NA
"Chile","1970",NA,NA,NA,NA,NA,NA,NA,NA,NA,NA
"Chile","1971",NA,NA,NA,NA,NA,NA,NA,NA,NA,NA
"Chile","1972",NA,NA,NA,NA,NA,NA,NA,NA,NA,NA
"Chile","1973",NA,NA,NA,NA,NA,NA,NA,NA,NA,NA
"Chile","1974",NA,NA,NA,NA,NA,NA,NA,NA,NA,NA
"Chile","1975",NA,NA,NA,NA,NA,NA,NA,NA,NA,20
"Chile","1976",NA,NA,NA,NA,NA,NA,NA,NA,NA,20
"Chile","1977",NA,NA,NA,NA,NA,NA,NA,NA,NA,20
"Chile","1978",NA,NA,NA,NA,NA,NA,NA,NA,NA,20
"Chile","1979",NA,NA,NA,NA,NA,NA,NA,NA,NA,20
"Chile","1980",NA,NA,NA,NA,NA,NA,NA,NA,NA,20
"Chile","1981",NA,NA,NA,NA,NA,NA,NA,NA,NA,20
"Chile","1982",NA,NA,NA,NA,NA,NA,NA,NA,NA,20
"Chile","1983",NA,NA,NA,NA,NA,NA,NA,NA,NA,20
"Chile","1984",NA,NA,NA,NA,NA,NA,NA,NA,NA,20
"Chile","1985",NA,NA,NA,NA,NA,NA,NA,NA,NA,20
"Chile","1986",NA,NA,NA,NA,NA,NA,NA,NA,NA,20
"Chile","1987",NA,NA,NA,NA,NA,NA,NA,NA,NA,20
"Chile","1988",NA,NA,NA,NA,NA,NA,NA,NA,NA,16
"Chile","1989",NA,NA,NA,NA,NA,NA,NA,NA,NA,16
"Chile","1990",NA,NA,NA,NA,NA,NA,NA,NA,NA,18
"Chile","1991",NA,NA,NA,NA,NA,NA,NA,NA,NA,18
"Chile","1992",NA,NA,NA,NA,NA,NA,NA,NA,NA,18
"Chile","1993",NA,NA,NA,NA,NA,NA,NA,NA,NA,18
"Chile","1994",NA,NA,NA,NA,NA,NA,NA,NA,NA,18
"Chile","1995",NA,NA,NA,NA,NA,NA,NA,NA,NA,18
"Chile","1996",NA,NA,NA,NA,NA,NA,NA,NA,NA,18
"Chile","1997",NA,NA,NA,NA,NA,NA,NA,NA,NA,18
"Chile","1998",NA,NA,NA,NA,NA,NA,NA,NA,NA,18
"Chile","1999",NA,NA,NA,NA,NA,NA,NA,NA,NA,18
"Chile","2000",NA,NA,NA,NA,NA,NA,NA,NA,NA,18
"Chile","2001",NA,NA,NA,NA,NA,NA,NA,NA,NA,18
"Chile","2002",NA,NA,NA,NA,NA,NA,NA,NA,NA,18
"Chile","2003",NA,NA,NA,NA,NA,NA,NA,NA,NA,19
"Chile","2004",NA,NA,NA,NA,NA,NA,NA,NA,NA,19
"Chile","2005",NA,NA,NA,NA,NA,NA,NA,NA,NA,19
"Chile","2006",NA,NA,NA,NA,NA,NA,NA,NA,NA,19
"Chile","2007",NA,NA,NA,NA,NA,NA,NA,NA,NA,19
"Chile","2008",NA,NA,NA,NA,NA,NA,NA,NA,NA,19
"Chile","2009",NA,NA,NA,NA,NA,NA,NA,NA,NA,19
"Chile","2010",NA,NA,NA,NA,NA,NA,NA,NA,NA,19
"Chile","2011",NA,NA,NA,NA,NA,NA,NA,NA,NA,19
"Chile","2012",NA,NA,NA,NA,NA,NA,NA,NA,NA,19
"Chile","2013",NA,NA,NA,NA,NA,NA,NA,NA,NA,19
"Chile","2014",NA,NA,NA,NA,NA,NA,NA,NA,NA,19
"Chile","2015",NA,NA,NA,NA,NA,NA,NA,NA,NA,19
"Chile","2016",NA,NA,NA,NA,NA,NA,NA,NA,NA,19
"Chile","2017",NA,NA,NA,NA,NA,NA,NA,NA,NA,19
"Chile","2018",NA,NA,NA,NA,NA,NA,NA,NA,NA,19
"Chile","2019",NA,NA,NA,NA,NA,NA,NA,NA,NA,19
"Chile","2020",NA,NA,NA,NA,NA,NA,NA,NA,NA,19
"Colombia","1967",NA,NA,NA,NA,NA,NA,NA,NA,NA,NA
"Colombia","1968",NA,NA,NA,NA,NA,NA,NA,NA,NA,NA
"Colombia","1969",NA,NA,NA,NA,NA,NA,NA,NA,NA,NA
"Colombia","1970",NA,NA,NA,NA,NA,NA,NA,NA,NA,NA
"Colombia","1971",NA,NA,NA,NA,NA,NA,NA,NA,NA,NA
"Colombia","1972",NA,NA,NA,NA,NA,NA,NA,NA,NA,NA
"Colombia","1973",NA,NA,NA,NA,NA,NA,NA,NA,NA,NA
"Colombia","1974",NA,NA,NA,NA,NA,NA,NA,NA,NA,NA
"Colombia","1975",NA,NA,NA,NA,NA,NA,NA,NA,NA,NA
"Colombia","1976",NA,NA,NA,NA,NA,NA,NA,NA,NA,NA
"Colombia","1977",NA,NA,NA,NA,NA,NA,NA,NA,NA,NA
"Colombia","1978",NA,NA,NA,NA,NA,NA,NA,NA,NA,NA
"Colombia","1979",NA,NA,NA,NA,NA,NA,NA,NA,NA,NA
"Colombia","1980",NA,NA,NA,NA,NA,NA,NA,NA,NA,NA
"Colombia","1981",NA,NA,NA,NA,NA,NA,NA,NA,NA,NA
"Colombia","1982",NA,NA,NA,NA,NA,NA,NA,NA,NA,NA
"Colombia","1983",20,25,35,0,1.6,10,NA,NA,NA,10
"Colombia","1984",20,25,35,0,1.6,10,NA,NA,NA,10
"Colombia","1985",20,25,35,0,1.6,10,NA,NA,NA,10
"Colombia","1986",20,25,35,0,1.6,10,NA,NA,NA,10
"Colombia","1987",20,25,35,0,1.6,10,NA,NA,NA,10
"Colombia","1988",20,25,35,0,1.6,10,NA,NA,NA,10
"Colombia","1989",20,25,35,0,1.6,10,NA,NA,NA,10
"Colombia","1990",20,25,35,0,1.6,10,NA,NA,NA,10
"Colombia","1991",20,25,35,0,1.6,10,NA,NA,NA,12
"Colombia","1992",20,25,35,0,1.6,10,NA,NA,NA,12
"Colombia","1993",20,25,35,0,1.6,10,NA,NA,NA,14
"Colombia","1994",20,25,35,0,1.6,10,NA,NA,NA,14
"Colombia","1995",20,25,35,0,1.6,10,NA,NA,NA,14
"Colombia","1996",20,25,35,0,1.6,10,NA,NA,NA,16
"Colombia","1997",20,25,35,0,1.6,10,NA,NA,NA,16
"Colombia","1998",20,25,35,0,1.6,10,NA,NA,NA,16
"Colombia","1999",20,25,35,0,1.6,10,NA,NA,NA,15
"Colombia","2000",20,25,35,0,1.6,10,NA,NA,NA,15
"Colombia","2001",20,25,35,0,1.6,10,NA,NA,NA,16
"Colombia","2002",20,25,35,0,1.6,10,NA,NA,NA,16
"Colombia","2003",20,25,35,0,1.6,10,NA,NA,NA,16
"Colombia","2004",20,25,35,0,1.6,10.21,NA,NA,NA,16
"Colombia","2005",20,25,35,0,1.6,10,NA,NA,NA,16
"Colombia","2006",20,25,35,0,1.6,10,NA,NA,NA,16
"Colombia","2007",20,25,35,0,1.6,10,NA,NA,NA,16
"Colombia","2008",20,25,35,0,1.6,10,NA,NA,NA,16
"Colombia","2009",20,25,35,0,1.6,10,NA,NA,NA,16
"Colombia","2010",20,25,35,0,1.6,10,NA,NA,NA,16
"Colombia","2011",20,25,35,0,1.6,10,NA,NA,NA,16
"Colombia","2012",20,25,35,0,1.6,10,NA,NA,NA,16
"Colombia","2013",NA,NA,NA,0,5,8,NA,NA,NA,16
"Colombia","2014",NA,NA,NA,0,5,8,NA,NA,NA,16
"Colombia","2015",NA,NA,NA,0,5,NA,NA,NA,NA,16
"Colombia","2016",NA,NA,NA,0,5,NA,NA,NA,NA,16
"Colombia","2017",NA,NA,NA,0,5,NA,NA,NA,NA,19
"Colombia","2018",NA,NA,NA,0,5,NA,NA,NA,NA,19
"Colombia","2019",NA,NA,NA,0,5,NA,NA,NA,NA,19
"Colombia","2020",NA,NA,NA,0,5,NA,NA,NA,NA,19
"Czech Republic","1967",NA,NA,NA,NA,NA,NA,NA,NA,NA,NA
"Czech Republic","1968",NA,NA,NA,NA,NA,NA,NA,NA,NA,NA
"Czech Republic","1969",NA,NA,NA,NA,NA,NA,NA,NA,NA,NA
"Czech Republic","1970",NA,NA,NA,NA,NA,NA,NA,NA,NA,NA
"Czech Republic","1971",NA,NA,NA,NA,NA,NA,NA,NA,NA,NA
"Czech Republic","1972",NA,NA,NA,NA,NA,NA,NA,NA,NA,NA
"Czech Republic","1973",NA,NA,NA,NA,NA,NA,NA,NA,NA,NA
"Czech Republic","1974",NA,NA,NA,NA,NA,NA,NA,NA,NA,NA
"Czech Republic","1975",NA,NA,NA,NA,NA,NA,NA,NA,NA,NA
"Czech Republic","1976",NA,NA,NA,NA,NA,NA,NA,NA,NA,NA
"Czech Republic","1977",NA,NA,NA,NA,NA,NA,NA,NA,NA,NA
"Czech Republic","1978",NA,NA,NA,NA,NA,NA,NA,NA,NA,NA
"Czech Republic","1979",NA,NA,NA,NA,NA,NA,NA,NA,NA,NA
"Czech Republic","1980",NA,NA,NA,NA,NA,NA,NA,NA,NA,NA
"Czech Republic","1981",NA,NA,NA,NA,NA,NA,NA,NA,NA,NA
"Czech Republic","1982",NA,NA,NA,NA,NA,NA,NA,NA,NA,NA
"Czech Republic","1983",NA,NA,NA,NA,NA,NA,NA,NA,NA,NA
"Czech Republic","1984",NA,NA,NA,NA,NA,NA,NA,NA,NA,NA
"Czech Republic","1985",NA,NA,NA,NA,NA,NA,NA,NA,NA,NA
"Czech Republic","1986",NA,NA,NA,NA,NA,NA,NA,NA,NA,NA
"Czech Republic","1987",NA,NA,NA,NA,NA,NA,NA,NA,NA,NA
"Czech Republic","1988",NA,NA,NA,NA,NA,NA,NA,NA,NA,NA
"Czech Republic","1989",NA,NA,NA,NA,NA,NA,NA,NA,NA,NA
"Czech Republic","1990",NA,NA,NA,NA,NA,NA,NA,NA,NA,NA
"Czech Republic","1991",NA,NA,NA,NA,NA,NA,NA,NA,NA,NA
"Czech Republic","1992",NA,NA,NA,NA,NA,NA,NA,NA,NA,NA
"Czech Republic","1993",NA,NA,NA,5,NA,NA,NA,NA,NA,23
"Czech Republic","1994",NA,NA,NA,5,NA,NA,NA,NA,NA,23
"Czech Republic","1995",NA,NA,NA,5,NA,NA,NA,NA,NA,22
"Czech Republic","1996",NA,NA,NA,5,NA,NA,NA,NA,NA,22
"Czech Republic","1997",NA,NA,NA,5,NA,NA,NA,NA,NA,22
"Czech Republic","1998",NA,NA,NA,5,NA,NA,NA,NA,NA,22
"Czech Republic","1999",NA,NA,NA,5,NA,NA,NA,NA,NA,22
"Czech Republic","2000",NA,NA,NA,5,NA,NA,NA,NA,NA,22
"Czech Republic","2001",NA,NA,NA,5,NA,NA,NA,NA,NA,22
"Czech Republic","2002",NA,NA,NA,5,NA,NA,NA,NA,NA,22
"Czech Republic","2003",NA,NA,NA,5,NA,NA,NA,NA,NA,22
"Czech Republic","2004",NA,NA,NA,5,NA,NA,NA,NA,NA,19
"Czech Republic","2005",NA,NA,NA,5,NA,NA,NA,NA,NA,19
"Czech Republic","2006",NA,NA,NA,5,NA,NA,NA,NA,NA,19
"Czech Republic","2007",NA,NA,NA,5,NA,NA,NA,NA,NA,19
"Czech Republic","2008",NA,NA,NA,9,NA,NA,NA,NA,NA,19
"Czech Republic","2009",NA,NA,NA,9,NA,NA,NA,NA,NA,19
"Czech Republic","2010",NA,NA,NA,10,NA,NA,NA,NA,NA,20
"Czech Republic","2011",NA,NA,NA,10,NA,NA,NA,NA,NA,20
"Czech Republic","2012",NA,NA,NA,14,NA,NA,NA,NA,NA,20
"Czech Republic","2013",NA,NA,NA,15,NA,NA,NA,NA,NA,21
"Czech Republic","2014",NA,NA,NA,15,NA,NA,NA,NA,NA,21
"Czech Republic","2015",NA,NA,NA,10,15,NA,NA,NA,NA,21
"Czech Republic","2016",NA,NA,NA,10,15,NA,NA,NA,NA,21
"Czech Republic","2017",NA,NA,NA,10,15,NA,NA,NA,NA,21
"Czech Republic","2018",NA,NA,NA,10,15,NA,NA,NA,NA,21
"Czech Republic","2019",NA,NA,NA,10,15,NA,NA,NA,NA,21
"Czech Republic","2020",NA,NA,NA,10,15,NA,NA,NA,NA,21
"Denmark","1967",NA,NA,NA,0,NA,NA,NA,NA,NA,10
"Denmark","1968",NA,NA,NA,0,NA,NA,NA,NA,NA,12.5
"Denmark","1969",NA,NA,NA,0,NA,NA,NA,NA,NA,12.5
"Denmark","1970",NA,NA,NA,0,NA,NA,NA,NA,NA,15
"Denmark","1971",NA,NA,NA,0,NA,NA,NA,NA,NA,15
"Denmark","1972",NA,NA,NA,0,NA,NA,NA,NA,NA,15
"Denmark","1973",NA,NA,NA,0,NA,NA,NA,NA,NA,15
"Denmark","1974",NA,NA,NA,0,NA,NA,NA,NA,NA,15
"Denmark","1975",NA,NA,NA,0,NA,NA,NA,NA,NA,15
"Denmark","1976",NA,NA,NA,0,NA,NA,NA,NA,NA,15
"Denmark","1977",NA,NA,NA,0,NA,NA,NA,NA,NA,18
"Denmark","1978",NA,NA,NA,0,NA,NA,NA,NA,NA,20.25
"Denmark","1979",NA,NA,NA,0,NA,NA,NA,NA,NA,20.25
"Denmark","1980",NA,NA,NA,0,NA,NA,NA,NA,NA,22
"Denmark","1981",NA,NA,NA,0,NA,NA,NA,NA,NA,22
"Denmark","1982",NA,NA,NA,0,NA,NA,NA,NA,NA,22
"Denmark","1983",NA,NA,NA,0,NA,NA,NA,NA,NA,22
"Denmark","1984",NA,NA,NA,0,NA,NA,NA,NA,NA,22
"Denmark","1985",NA,NA,NA,0,NA,NA,NA,NA,NA,22
"Denmark","1986",NA,NA,NA,0,NA,NA,NA,NA,NA,22
"Denmark","1987",NA,NA,NA,0,NA,NA,NA,NA,NA,22
"Denmark","1988",NA,NA,NA,0,NA,NA,NA,NA,NA,22
"Denmark","1989",NA,NA,NA,0,NA,NA,NA,NA,NA,22
"Denmark","1990",NA,NA,NA,0,NA,NA,NA,NA,NA,22
"Denmark","1991",NA,NA,NA,0,NA,NA,NA,NA,NA,22
"Denmark","1992",NA,NA,NA,0,NA,NA,NA,NA,NA,25
"Denmark","1993",NA,NA,NA,0,NA,NA,NA,NA,NA,25
"Denmark","1994",NA,NA,NA,0,NA,NA,NA,NA,NA,25
"Denmark","1995",NA,NA,NA,0,NA,NA,NA,NA,NA,25
"Denmark","1996",NA,NA,NA,0,NA,NA,NA,NA,NA,25
"Denmark","1997",NA,NA,NA,0,NA,NA,NA,NA,NA,25
"Denmark","1998",NA,NA,NA,0,NA,NA,NA,NA,NA,25
"Denmark","1999",NA,NA,NA,0,NA,NA,NA,NA,NA,25
"Denmark","2000",NA,NA,NA,0,NA,NA,NA,NA,NA,25
"Denmark","2001",NA,NA,NA,0,NA,NA,NA,NA,NA,25
"Denmark","2002",NA,NA,NA,0,NA,NA,NA,NA,NA,25
"Denmark","2003",NA,NA,NA,0,NA,NA,NA,NA,NA,25
"Denmark","2004",NA,NA,NA,0,NA,NA,NA,NA,NA,25
"Denmark","2005",NA,NA,NA,0,NA,NA,NA,NA,NA,25
"Denmark","2006",NA,NA,NA,0,NA,NA,NA,NA,NA,25
"Denmark","2007",NA,NA,NA,0,NA,NA,NA,NA,NA,25
"Denmark","2008",NA,NA,NA,0,NA,NA,NA,NA,NA,25
"Denmark","2009",NA,NA,NA,0,NA,NA,NA,NA,NA,25
"Denmark","2010",NA,NA,NA,0,NA,NA,NA,NA,NA,25
"Denmark","2011",NA,NA,NA,0,NA,NA,NA,NA,NA,25
"Denmark","2012",NA,NA,NA,0,NA,NA,NA,NA,NA,25
"Denmark","2013",NA,NA,NA,0,NA,NA,NA,NA,NA,25
"Denmark","2014",NA,NA,NA,0,NA,NA,NA,NA,NA,25
"Denmark","2015",NA,NA,NA,0,NA,NA,NA,NA,NA,25
"Denmark","2016",NA,NA,NA,0,NA,NA,NA,NA,NA,25
"Denmark","2017",NA,NA,NA,0,NA,NA,NA,NA,NA,25
"Denmark","2018",NA,NA,NA,0,NA,NA,NA,NA,NA,25
"Denmark","2019",NA,NA,NA,0,NA,NA,NA,NA,NA,25
"Denmark","2020",NA,NA,NA,0,NA,NA,NA,NA,NA,25
"Estonia","1967",NA,NA,NA,NA,NA,NA,NA,NA,NA,NA
"Estonia","1968",NA,NA,NA,NA,NA,NA,NA,NA,NA,NA
"Estonia","1969",NA,NA,NA,NA,NA,NA,NA,NA,NA,NA
"Estonia","1970",NA,NA,NA,NA,NA,NA,NA,NA,NA,NA
"Estonia","1971",NA,NA,NA,NA,NA,NA,NA,NA,NA,NA
"Estonia","1972",NA,NA,NA,NA,NA,NA,NA,NA,NA,NA
"Estonia","1973",NA,NA,NA,NA,NA,NA,NA,NA,NA,NA
"Estonia","1974",NA,NA,NA,NA,NA,NA,NA,NA,NA,NA
"Estonia","1975",NA,NA,NA,NA,NA,NA,NA,NA,NA,NA
"Estonia","1976",NA,NA,NA,NA,NA,NA,NA,NA,NA,NA
"Estonia","1977",NA,NA,NA,NA,NA,NA,NA,NA,NA,NA
"Estonia","1978",NA,NA,NA,NA,NA,NA,NA,NA,NA,NA
"Estonia","1979",NA,NA,NA,NA,NA,NA,NA,NA,NA,NA
"Estonia","1980",NA,NA,NA,NA,NA,NA,NA,NA,NA,NA
"Estonia","1981",NA,NA,NA,NA,NA,NA,NA,NA,NA,NA
"Estonia","1982",NA,NA,NA,NA,NA,NA,NA,NA,NA,NA
"Estonia","1983",NA,NA,NA,NA,NA,NA,NA,NA,NA,NA
"Estonia","1984",NA,NA,NA,NA,NA,NA,NA,NA,NA,NA
"Estonia","1985",NA,NA,NA,NA,NA,NA,NA,NA,NA,NA
"Estonia","1986",NA,NA,NA,NA,NA,NA,NA,NA,NA,NA
"Estonia","1987",NA,NA,NA,NA,NA,NA,NA,NA,NA,NA
"Estonia","1988",NA,NA,NA,NA,NA,NA,NA,NA,NA,NA
"Estonia","1989",NA,NA,NA,NA,NA,NA,NA,NA,NA,NA
"Estonia","1990",NA,NA,NA,NA,NA,NA,NA,NA,NA,NA
"Estonia","1991",NA,NA,NA,NA,NA,NA,NA,NA,NA,NA
"Estonia","1992",NA,NA,NA,0,NA,NA,NA,NA,NA,10
"Estonia","1993",NA,NA,NA,0,NA,NA,NA,NA,NA,18
"Estonia","1994",NA,NA,NA,0,NA,NA,NA,NA,NA,18
"Estonia","1995",NA,NA,NA,0,NA,NA,NA,NA,NA,18
"Estonia","1996",NA,NA,NA,0,NA,NA,NA,NA,NA,18
"Estonia","1997",NA,NA,NA,0,NA,NA,NA,NA,NA,18
"Estonia","1998",NA,NA,NA,0,NA,NA,NA,NA,NA,18
"Estonia","1999",NA,NA,NA,0,NA,NA,NA,NA,NA,18
"Estonia","2000",NA,NA,NA,0,5,NA,NA,NA,NA,18
"Estonia","2001",NA,NA,NA,0,5,NA,NA,NA,NA,18
"Estonia","2002",NA,NA,NA,0,5,NA,NA,NA,NA,18
"Estonia","2003",NA,NA,NA,0,5,NA,NA,NA,NA,18
"Estonia","2004",NA,NA,NA,0,5,NA,NA,NA,NA,18
"Estonia","2005",NA,NA,NA,0,5,NA,NA,NA,NA,18
"Estonia","2006",NA,NA,NA,0,5,NA,NA,NA,NA,18
"Estonia","2007",NA,NA,NA,0,5,NA,NA,NA,NA,18
"Estonia","2008",NA,NA,NA,0,5,NA,NA,NA,NA,18
"Estonia","2009",NA,NA,NA,0,9,NA,NA,NA,NA,20
"Estonia","2010",NA,NA,NA,0,9,NA,NA,NA,NA,20
"Estonia","2011",NA,NA,NA,0,9,NA,NA,NA,NA,20
"Estonia","2012",NA,NA,NA,0,9,NA,NA,NA,NA,20
"Estonia","2013",NA,NA,NA,0,9,NA,NA,NA,NA,20
"Estonia","2014",NA,NA,NA,0,9,NA,NA,NA,NA,20
"Estonia","2015",NA,NA,NA,0,9,NA,NA,NA,NA,20
"Estonia","2016",NA,NA,NA,0,9,NA,NA,NA,NA,20
"Estonia","2017",NA,NA,NA,0,9,NA,NA,NA,NA,20
"Estonia","2018",NA,NA,NA,0,9,NA,NA,NA,NA,20
"Estonia","2019",NA,NA,NA,0,9,NA,NA,NA,NA,20
"Estonia","2020",NA,NA,NA,0,9,NA,NA,NA,NA,20
"Finland","1967",NA,NA,NA,NA,NA,NA,NA,NA,NA,NA
"Finland","1968",NA,NA,NA,NA,NA,NA,NA,NA,NA,NA
"Finland","1969",NA,NA,NA,NA,NA,NA,NA,NA,NA,NA
"Finland","1970",NA,NA,NA,NA,NA,NA,NA,NA,NA,NA
"Finland","1971",NA,NA,NA,NA,NA,NA,NA,NA,NA,NA
"Finland","1972",NA,NA,NA,NA,NA,NA,NA,NA,NA,NA
"Finland","1973",NA,NA,NA,NA,NA,NA,NA,NA,NA,NA
"Finland","1974",NA,NA,NA,NA,NA,NA,NA,NA,NA,NA
"Finland","1975",NA,NA,NA,NA,NA,NA,NA,NA,NA,NA
"Finland","1976",NA,NA,NA,NA,NA,NA,NA,NA,NA,NA
"Finland","1977",NA,NA,NA,NA,NA,NA,NA,NA,NA,NA
"Finland","1978",NA,NA,NA,NA,NA,NA,NA,NA,NA,NA
"Finland","1979",NA,NA,NA,NA,NA,NA,NA,NA,NA,NA
"Finland","1980",NA,NA,NA,NA,NA,NA,NA,NA,NA,NA
"Finland","1981",NA,NA,NA,NA,NA,NA,NA,NA,NA,NA
"Finland","1982",NA,NA,NA,NA,NA,NA,NA,NA,NA,NA
"Finland","1983",NA,NA,NA,NA,NA,NA,NA,NA,NA,NA
"Finland","1984",NA,NA,NA,NA,NA,NA,NA,NA,NA,NA
"Finland","1985",NA,NA,NA,NA,NA,NA,NA,NA,NA,NA
"Finland","1986",NA,NA,NA,NA,NA,NA,NA,NA,NA,NA
"Finland","1987",NA,NA,NA,NA,NA,NA,NA,NA,NA,NA
"Finland","1988",NA,NA,NA,NA,NA,NA,NA,NA,NA,NA
"Finland","1989",NA,NA,NA,NA,NA,NA,NA,NA,NA,NA
"Finland","1990",NA,NA,NA,NA,NA,NA,NA,NA,NA,NA
"Finland","1991",NA,NA,NA,NA,NA,NA,NA,NA,NA,NA
"Finland","1992",NA,NA,NA,NA,NA,NA,NA,NA,NA,NA
"Finland","1993",NA,NA,NA,NA,NA,NA,NA,NA,NA,NA
"Finland","1994",NA,NA,NA,5,12,NA,NA,NA,NA,22
"Finland","1995",NA,NA,NA,6,12,17,NA,NA,NA,22
"Finland","1996",NA,NA,NA,6,12,17,NA,NA,NA,22
"Finland","1997",NA,NA,NA,6,12,17,NA,NA,NA,22
"Finland","1998",NA,NA,NA,8,17,NA,NA,NA,NA,22
"Finland","1999",NA,NA,NA,8,17,NA,NA,NA,NA,22
"Finland","2000",NA,NA,NA,8,17,NA,NA,NA,NA,22
"Finland","2001",NA,NA,NA,8,17,NA,NA,NA,NA,22
"Finland","2002",NA,NA,NA,8,17,NA,NA,NA,NA,22
"Finland","2003",NA,NA,NA,8,17,NA,NA,NA,NA,22
"Finland","2004",NA,NA,NA,8,17,NA,NA,NA,NA,22
"Finland","2005",NA,NA,NA,8,17,NA,NA,NA,NA,22
"Finland","2006",NA,NA,NA,8,17,NA,NA,NA,NA,22
"Finland","2007",NA,NA,NA,8,17,NA,NA,NA,NA,22
"Finland","2008",NA,NA,NA,8,17,NA,NA,NA,NA,22
"Finland","2009",NA,NA,NA,8,12,NA,NA,NA,NA,22
"Finland","2010",NA,NA,NA,9,13,NA,NA,NA,NA,23
"Finland","2011",NA,NA,NA,9,13,NA,NA,NA,NA,23
"Finland","2012",NA,NA,NA,9,13,NA,NA,NA,NA,23
"Finland","2013",NA,NA,NA,10,14,NA,NA,NA,NA,24
"Finland","2014",NA,NA,NA,10,14,NA,NA,NA,NA,24
"Finland","2015",NA,NA,NA,10,14,NA,NA,NA,NA,24
"Finland","2016",NA,NA,NA,10,14,NA,NA,NA,NA,24
"Finland","2017",NA,NA,NA,10,14,NA,NA,NA,NA,24
"Finland","2018",NA,NA,NA,10,14,NA,NA,NA,NA,24
"Finland","2019",NA,NA,NA,10,14,NA,NA,NA,NA,24
"Finland","2020",NA,NA,NA,10,14,NA,NA,NA,NA,24
"France","1967",NA,NA,NA,NA,NA,NA,NA,NA,NA,NA
"France","1968",25,NA,NA,7,15,NA,NA,NA,NA,19
"France","1969",25,NA,NA,7,15,NA,NA,NA,NA,19
"France","1970",33.33,NA,NA,7.5,17.6,NA,NA,NA,NA,23
"France","1971",33.33,NA,NA,NA,NA,NA,NA,NA,NA,23
"France","1972",33.33,NA,NA,NA,NA,NA,NA,NA,NA,23
"France","1973",33.33,NA,NA,7,17.6,NA,NA,NA,NA,20
"France","1974",33.33,NA,NA,7,17.6,NA,NA,NA,NA,20
"France","1975",33.33,NA,NA,7,17.6,NA,NA,NA,NA,20
"France","1976",33.33,NA,NA,7,17.6,NA,NA,NA,NA,20
"France","1977",33.33,NA,NA,7,NA,NA,NA,NA,NA,17.6
"France","1978",33.33,NA,NA,7,NA,NA,NA,NA,NA,17.6
"France","1979",33.33,NA,NA,7,NA,NA,NA,NA,NA,17.6
"France","1980",33.33,NA,NA,7,NA,NA,NA,NA,NA,17.6
"France","1981",33.33,NA,NA,7,NA,NA,NA,NA,NA,17.6
"France","1982",33.33,NA,NA,4,5.5,7,NA,NA,NA,18.6
"France","1983",33.33,NA,NA,NA,NA,NA,NA,NA,NA,18.6
"France","1984",33.33,NA,NA,NA,NA,NA,NA,NA,NA,18.6
"France","1985",33.33,NA,NA,NA,NA,NA,NA,NA,NA,18.6
"France","1986",33.33,NA,NA,2.1,4,5.5,7,13,NA,18.6
"France","1987",33.33,28,NA,2.1,4,5.5,7,13,NA,18.6
"France","1988",28,NA,NA,2.1,4,5.5,7,13,NA,18.6
"France","1989",25,28,NA,2.1,5.5,13,NA,NA,NA,18.6
"France","1990",22,NA,NA,2.1,5.5,13,NA,NA,NA,18.6
"France","1991",22,NA,NA,2.1,5.5,NA,NA,NA,NA,18.6
"France","1992",22,NA,NA,2.1,5.5,NA,NA,NA,NA,18.6
"France","1993",NA,NA,NA,2.1,5.5,NA,NA,NA,NA,18.6
"France","1994",NA,NA,NA,2.1,5.5,NA,NA,NA,NA,18.6
"France","1995",NA,NA,NA,2.1,5.5,NA,NA,NA,NA,20.6
"France","1996",NA,NA,NA,2.1,5.5,NA,NA,NA,NA,20.6
"France","1997",NA,NA,NA,2.1,5.5,NA,NA,NA,NA,20.6
"France","1998",NA,NA,NA,2.1,5.5,NA,NA,NA,NA,20.6
"France","1999",NA,NA,NA,2.1,5.5,NA,NA,NA,NA,20.6
"France","2000",NA,NA,NA,2.1,5.5,NA,NA,NA,NA,19.6
"France","2001",NA,NA,NA,2.1,5.5,NA,NA,NA,NA,19.6
"France","2002",NA,NA,NA,2.1,5.5,NA,NA,NA,NA,19.6
"France","2003",NA,NA,NA,2.1,5.5,NA,NA,NA,NA,19.6
"France","2004",NA,NA,NA,2.1,5.5,NA,NA,NA,NA,19.6
"France","2005",NA,NA,NA,2.1,5.5,NA,NA,NA,NA,19.6
"France","2006",NA,NA,NA,2.1,5.5,NA,NA,NA,NA,19.6
"France","2007",NA,NA,NA,2.1,5.5,NA,NA,NA,NA,19.6
"France","2008",NA,NA,NA,2.1,5.5,NA,NA,NA,NA,19.6
"France","2009",NA,NA,NA,2.1,5.5,NA,NA,NA,NA,19.6
"France","2010",NA,NA,NA,2.1,5.5,NA,NA,NA,NA,19.6
"France","2011",NA,NA,NA,2.1,5.5,NA,NA,NA,NA,19.6
"France","2012",NA,NA,NA,2.1,5.5,7,NA,NA,NA,19.6
"France","2013",NA,NA,NA,2.1,5.5,7,NA,NA,NA,19.6
"France","2014",NA,NA,NA,2.1,5.5,10,NA,NA,NA,20
"France","2015",NA,NA,NA,2.1,5.5,10,NA,NA,NA,20
"France","2016",NA,NA,NA,2.1,5.5,10,NA,NA,NA,20
"France","2017",NA,NA,NA,2.1,5.5,10,NA,NA,NA,20
"France","2018",NA,NA,NA,2.1,5.5,10,NA,NA,NA,20
"France","2019",NA,NA,NA,2.1,5.5,10,NA,NA,NA,20
"France","2020",NA,NA,NA,2.1,5.5,10,NA,NA,NA,20
"Germany","1967",NA,NA,NA,NA,NA,NA,NA,NA,NA,NA
"Germany","1968",NA,NA,NA,5.5,NA,NA,NA,NA,NA,11
"Germany","1969",NA,NA,NA,5.5,NA,NA,NA,NA,NA,11
"Germany","1970",NA,NA,NA,5.5,NA,NA,NA,NA,NA,11
"Germany","1971",NA,NA,NA,5.5,NA,NA,NA,NA,NA,11
"Germany","1972",NA,NA,NA,5.5,NA,NA,NA,NA,NA,11
"Germany","1973",NA,NA,NA,5.5,NA,NA,NA,NA,NA,11
"Germany","1974",NA,NA,NA,5.5,NA,NA,NA,NA,NA,11
"Germany","1975",NA,NA,NA,5.5,NA,NA,NA,NA,NA,11
"Germany","1976",NA,NA,NA,5.5,NA,NA,NA,NA,NA,11
"Germany","1977",NA,NA,NA,5.5,NA,NA,NA,NA,NA,11
"Germany","1978",NA,NA,NA,6,NA,NA,NA,NA,NA,12
"Germany","1979",NA,NA,NA,6.5,NA,NA,NA,NA,NA,13
"Germany","1980",NA,NA,NA,6.5,NA,NA,NA,NA,NA,13
"Germany","1981",NA,NA,NA,6.5,NA,NA,NA,NA,NA,13
"Germany","1982",NA,NA,NA,6.5,NA,NA,NA,NA,NA,13
"Germany","1983",NA,NA,NA,7,NA,NA,NA,NA,NA,14
"Germany","1984",NA,NA,NA,7,NA,NA,NA,NA,NA,14
"Germany","1985",NA,NA,NA,7,NA,NA,NA,NA,NA,14
"Germany","1986",NA,NA,NA,7,NA,NA,NA,NA,NA,14
"Germany","1987",NA,NA,NA,7,NA,NA,NA,NA,NA,14
"Germany","1988",NA,NA,NA,7,NA,NA,NA,NA,NA,14
"Germany","1989",NA,NA,NA,7,NA,NA,NA,NA,NA,14
"Germany","1990",NA,NA,NA,7,NA,NA,NA,NA,NA,14
"Germany","1991",NA,NA,NA,7,NA,NA,NA,NA,NA,14
"Germany","1992",NA,NA,NA,7,NA,NA,NA,NA,NA,14
"Germany","1993",NA,NA,NA,7,NA,NA,NA,NA,NA,15
"Germany","1994",NA,NA,NA,7,NA,NA,NA,NA,NA,15
"Germany","1995",NA,NA,NA,7,NA,NA,NA,NA,NA,15
"Germany","1996",NA,NA,NA,7,NA,NA,NA,NA,NA,15
"Germany","1997",NA,NA,NA,7,NA,NA,NA,NA,NA,15
"Germany","1998",NA,NA,NA,7,NA,NA,NA,NA,NA,16
"Germany","1999",NA,NA,NA,7,NA,NA,NA,NA,NA,16
"Germany","2000",NA,NA,NA,7,NA,NA,NA,NA,NA,16
"Germany","2001",NA,NA,NA,7,NA,NA,NA,NA,NA,16
"Germany","2002",NA,NA,NA,7,NA,NA,NA,NA,NA,16
"Germany","2003",NA,NA,NA,7,NA,NA,NA,NA,NA,16
"Germany","2004",NA,NA,NA,7,NA,NA,NA,NA,NA,16
"Germany","2005",NA,NA,NA,7,NA,NA,NA,NA,NA,16
"Germany","2006",NA,NA,NA,7,NA,NA,NA,NA,NA,16
"Germany","2007",NA,NA,NA,7,NA,NA,NA,NA,NA,19
"Germany","2008",NA,NA,NA,7,NA,NA,NA,NA,NA,19
"Germany","2009",NA,NA,NA,7,NA,NA,NA,NA,NA,19
"Germany","2010",NA,NA,NA,7,NA,NA,NA,NA,NA,19
"Germany","2011",NA,NA,NA,7,NA,NA,NA,NA,NA,19
"Germany","2012",NA,NA,NA,7,NA,NA,NA,NA,NA,19
"Germany","2013",NA,NA,NA,7,NA,NA,NA,NA,NA,19
"Germany","2014",NA,NA,NA,7,NA,NA,NA,NA,NA,19
"Germany","2015",NA,NA,NA,7,NA,NA,NA,NA,NA,19
"Germany","2016",NA,NA,NA,7,NA,NA,NA,NA,NA,19
"Germany","2017",NA,NA,NA,7,NA,NA,NA,NA,NA,19
"Germany","2018",NA,NA,NA,7,NA,NA,NA,NA,NA,19
"Germany","2019",NA,NA,NA,7,NA,NA,NA,NA,NA,19
"Germany","2020",NA,NA,NA,5,NA,NA,NA,NA,NA,16
"Greece","1967",NA,NA,NA,NA,NA,NA,NA,NA,NA,NA
"Greece","1968",NA,NA,NA,NA,NA,NA,NA,NA,NA,NA
"Greece","1969",NA,NA,NA,NA,NA,NA,NA,NA,NA,NA
"Greece","1970",NA,NA,NA,NA,NA,NA,NA,NA,NA,NA
"Greece","1971",NA,NA,NA,NA,NA,NA,NA,NA,NA,NA
"Greece","1972",NA,NA,NA,NA,NA,NA,NA,NA,NA,NA
"Greece","1973",NA,NA,NA,NA,NA,NA,NA,NA,NA,NA
"Greece","1974",NA,NA,NA,NA,NA,NA,NA,NA,NA,NA
"Greece","1975",NA,NA,NA,NA,NA,NA,NA,NA,NA,NA
"Greece","1976",NA,NA,NA,NA,NA,NA,NA,NA,NA,NA
"Greece","1977",NA,NA,NA,NA,NA,NA,NA,NA,NA,NA
"Greece","1978",NA,NA,NA,NA,NA,NA,NA,NA,NA,NA
"Greece","1979",NA,NA,NA,NA,NA,NA,NA,NA,NA,NA
"Greece","1980",NA,NA,NA,NA,NA,NA,NA,NA,NA,NA
"Greece","1981",NA,NA,NA,NA,NA,NA,NA,NA,NA,NA
"Greece","1982",NA,NA,NA,NA,NA,NA,NA,NA,NA,NA
"Greece","1983",NA,NA,NA,NA,NA,NA,NA,NA,NA,NA
"Greece","1984",NA,NA,NA,NA,NA,NA,NA,NA,NA,NA
"Greece","1985",NA,NA,NA,NA,NA,NA,NA,NA,NA,NA
"Greece","1986",NA,NA,NA,NA,NA,NA,NA,NA,NA,NA
"Greece","1987",36,NA,NA,3,6,NA,NA,NA,NA,18
"Greece","1988",36,NA,NA,3,6,NA,NA,NA,NA,16
"Greece","1989",36,NA,NA,3,6,NA,NA,NA,NA,16
"Greece","1990",36,NA,NA,4,8,NA,NA,NA,NA,18
"Greece","1991",NA,NA,NA,4,8,NA,NA,NA,NA,18
"Greece","1992",NA,NA,NA,4,8,NA,NA,NA,NA,18
"Greece","1993",NA,NA,NA,4,8,NA,NA,NA,NA,18
"Greece","1994",NA,NA,NA,4,8,NA,NA,NA,NA,18
"Greece","1995",NA,NA,NA,4,8,NA,NA,NA,NA,18
"Greece","1996",NA,NA,NA,4,8,NA,NA,NA,NA,18
"Greece","1997",NA,NA,NA,4,8,NA,NA,NA,NA,18
"Greece","1998",NA,NA,NA,4,8,NA,NA,NA,NA,18
"Greece","1999",NA,NA,NA,4,8,NA,NA,NA,NA,18
"Greece","2000",NA,NA,NA,4,8,NA,NA,NA,NA,18
"Greece","2001",NA,NA,NA,4,8,NA,NA,NA,NA,18
"Greece","2002",NA,NA,NA,4,8,NA,NA,NA,NA,18
"Greece","2003",NA,NA,NA,4,8,NA,NA,NA,NA,18
"Greece","2004",NA,NA,NA,4,8,NA,NA,NA,NA,18
"Greece","2005",NA,NA,NA,4.5,9,NA,NA,NA,NA,19
"Greece","2006",NA,NA,NA,4.5,9,NA,NA,NA,NA,19
"Greece","2007",NA,NA,NA,4.5,9,NA,NA,NA,NA,19
"Greece","2008",NA,NA,NA,4.5,9,NA,NA,NA,NA,19
"Greece","2009",NA,NA,NA,4.5,9,NA,NA,NA,NA,19
"Greece","2010",NA,NA,NA,5.5,11,NA,NA,NA,NA,23
"Greece","2011",NA,NA,NA,6.5,13,NA,NA,NA,NA,23
"Greece","2012",NA,NA,NA,6.5,13,NA,NA,NA,NA,23
"Greece","2013",NA,NA,NA,6.5,13,NA,NA,NA,NA,23
"Greece","2014",NA,NA,NA,6.5,13,NA,NA,NA,NA,23
"Greece","2015",NA,NA,NA,6,13,NA,NA,NA,NA,23
"Greece","2016",NA,NA,NA,6,13,NA,NA,NA,NA,24
"Greece","2017",NA,NA,NA,6,13,NA,NA,NA,NA,24
"Greece","2018",NA,NA,NA,6,13,NA,NA,NA,NA,24
"Greece","2019",NA,NA,NA,6,13,NA,NA,NA,NA,24
"Greece","2020",NA,NA,NA,6,13,NA,NA,NA,NA,24
"Hungary","1967",NA,NA,NA,NA,NA,NA,NA,NA,NA,NA
"Hungary","1968",NA,NA,NA,NA,NA,NA,NA,NA,NA,NA
"Hungary","1969",NA,NA,NA,NA,NA,NA,NA,NA,NA,NA
"Hungary","1970",NA,NA,NA,NA,NA,NA,NA,NA,NA,NA
"Hungary","1971",NA,NA,NA,NA,NA,NA,NA,NA,NA,NA
"Hungary","1972",NA,NA,NA,NA,NA,NA,NA,NA,NA,NA
"Hungary","1973",NA,NA,NA,NA,NA,NA,NA,NA,NA,NA
"Hungary","1974",NA,NA,NA,NA,NA,NA,NA,NA,NA,NA
"Hungary","1975",NA,NA,NA,NA,NA,NA,NA,NA,NA,NA
"Hungary","1976",NA,NA,NA,NA,NA,NA,NA,NA,NA,NA
"Hungary","1977",NA,NA,NA,NA,NA,NA,NA,NA,NA,NA
"Hungary","1978",NA,NA,NA,NA,NA,NA,NA,NA,NA,NA
"Hungary","1979",NA,NA,NA,NA,NA,NA,NA,NA,NA,NA
"Hungary","1980",NA,NA,NA,NA,NA,NA,NA,NA,NA,NA
"Hungary","1981",NA,NA,NA,NA,NA,NA,NA,NA,NA,NA
"Hungary","1982",NA,NA,NA,NA,NA,NA,NA,NA,NA,NA
"Hungary","1983",NA,NA,NA,NA,NA,NA,NA,NA,NA,NA
"Hungary","1984",NA,NA,NA,NA,NA,NA,NA,NA,NA,NA
"Hungary","1985",NA,NA,NA,NA,NA,NA,NA,NA,NA,NA
"Hungary","1986",NA,NA,NA,NA,NA,NA,NA,NA,NA,NA
"Hungary","1987",NA,NA,NA,NA,NA,NA,NA,NA,NA,NA
"Hungary","1988",NA,NA,NA,0,15,NA,NA,NA,NA,25
"Hungary","1989",NA,NA,NA,0,15,NA,NA,NA,NA,25
"Hungary","1990",NA,NA,NA,0,15,NA,NA,NA,NA,25
"Hungary","1991",NA,NA,NA,0,15,NA,NA,NA,NA,25
"Hungary","1992",NA,NA,NA,0,15,NA,NA,NA,NA,25
"Hungary","1993",NA,NA,NA,10,NA,NA,NA,NA,NA,25
"Hungary","1994",NA,NA,NA,10,NA,NA,NA,NA,NA,25
"Hungary","1995",NA,NA,NA,0,12,NA,NA,NA,NA,25
"Hungary","1996",NA,NA,NA,0,12,NA,NA,NA,NA,25
"Hungary","1997",NA,NA,NA,0,12,NA,NA,NA,NA,25
"Hungary","1998",NA,NA,NA,0,12,NA,NA,NA,NA,25
"Hungary","1999",NA,NA,NA,0,12,NA,NA,NA,NA,25
"Hungary","2000",NA,NA,NA,0,12,NA,NA,NA,NA,25
"Hungary","2001",NA,NA,NA,0,12,NA,NA,NA,NA,25
"Hungary","2002",NA,NA,NA,0,12,NA,NA,NA,NA,25
"Hungary","2003",NA,NA,NA,0,12,NA,NA,NA,NA,25
"Hungary","2004",NA,NA,NA,5,15,NA,NA,NA,NA,25
"Hungary","2005",NA,NA,NA,5,15,NA,NA,NA,NA,25
"Hungary","2006",NA,NA,NA,5,NA,NA,NA,NA,NA,20
"Hungary","2007",NA,NA,NA,5,NA,NA,NA,NA,NA,20
"Hungary","2008",NA,NA,NA,5,NA,NA,NA,NA,NA,20
"Hungary","2009",NA,NA,NA,5,18,NA,NA,NA,NA,25
"Hungary","2010",NA,NA,NA,5,18,NA,NA,NA,NA,25
"Hungary","2011",NA,NA,NA,5,18,NA,NA,NA,NA,25
"Hungary","2012",NA,NA,NA,5,18,NA,NA,NA,NA,27
"Hungary","2013",NA,NA,NA,5,18,NA,NA,NA,NA,27
"Hungary","2014",NA,NA,NA,5,18,NA,NA,NA,NA,27
"Hungary","2015",NA,NA,NA,5,18,NA,NA,NA,NA,27
"Hungary","2016",NA,NA,NA,5,18,NA,NA,NA,NA,27
"Hungary","2017",NA,NA,NA,5,18,NA,NA,NA,NA,27
"Hungary","2018",NA,NA,NA,5,18,NA,NA,NA,NA,27
"Hungary","2019",NA,NA,NA,5,18,NA,NA,NA,NA,27
"Hungary","2020",NA,NA,NA,5,18,NA,NA,NA,NA,27
"Iceland","1967",NA,NA,NA,NA,NA,NA,NA,NA,NA,NA
"Iceland","1968",NA,NA,NA,NA,NA,NA,NA,NA,NA,NA
"Iceland","1969",NA,NA,NA,NA,NA,NA,NA,NA,NA,NA
"Iceland","1970",NA,NA,NA,NA,NA,NA,NA,NA,NA,NA
"Iceland","1971",NA,NA,NA,NA,NA,NA,NA,NA,NA,NA
"Iceland","1972",NA,NA,NA,NA,NA,NA,NA,NA,NA,NA
"Iceland","1973",NA,NA,NA,NA,NA,NA,NA,NA,NA,NA
"Iceland","1974",NA,NA,NA,NA,NA,NA,NA,NA,NA,NA
"Iceland","1975",NA,NA,NA,NA,NA,NA,NA,NA,NA,NA
"Iceland","1976",NA,NA,NA,NA,NA,NA,NA,NA,NA,NA
"Iceland","1977",NA,NA,NA,NA,NA,NA,NA,NA,NA,NA
"Iceland","1978",NA,NA,NA,NA,NA,NA,NA,NA,NA,NA
"Iceland","1979",NA,NA,NA,NA,NA,NA,NA,NA,NA,NA
"Iceland","1980",NA,NA,NA,NA,NA,NA,NA,NA,NA,NA
"Iceland","1981",NA,NA,NA,NA,NA,NA,NA,NA,NA,NA
"Iceland","1982",NA,NA,NA,NA,NA,NA,NA,NA,NA,NA
"Iceland","1983",NA,NA,NA,NA,NA,NA,NA,NA,NA,NA
"Iceland","1984",NA,NA,NA,NA,NA,NA,NA,NA,NA,NA
"Iceland","1985",NA,NA,NA,NA,NA,NA,NA,NA,NA,NA
"Iceland","1986",NA,NA,NA,NA,NA,NA,NA,NA,NA,NA
"Iceland","1987",NA,NA,NA,NA,NA,NA,NA,NA,NA,NA
"Iceland","1988",NA,NA,NA,NA,NA,NA,NA,NA,NA,NA
"Iceland","1989",NA,NA,NA,NA,NA,NA,NA,NA,NA,NA
"Iceland","1990",NA,NA,NA,NA,NA,NA,NA,NA,NA,24.5
"Iceland","1991",NA,NA,NA,NA,NA,NA,NA,NA,NA,24.5
"Iceland","1992",NA,NA,NA,NA,NA,NA,NA,NA,NA,24.5
"Iceland","1993",NA,NA,NA,14,NA,NA,NA,NA,NA,24.5
"Iceland","1994",NA,NA,NA,14,NA,NA,NA,NA,NA,24.5
"Iceland","1995",NA,NA,NA,14,NA,NA,NA,NA,NA,24.5
"Iceland","1996",NA,NA,NA,14,NA,NA,NA,NA,NA,24.5
"Iceland","1997",NA,NA,NA,14,NA,NA,NA,NA,NA,24.5
"Iceland","1998",NA,NA,NA,14,NA,NA,NA,NA,NA,24.5
"Iceland","1999",NA,NA,NA,14,NA,NA,NA,NA,NA,24.5
"Iceland","2000",NA,NA,NA,14,NA,NA,NA,NA,NA,24.5
"Iceland","2001",NA,NA,NA,14,NA,NA,NA,NA,NA,24.5
"Iceland","2002",NA,NA,NA,14,NA,NA,NA,NA,NA,24.5
"Iceland","2003",NA,NA,NA,14,NA,NA,NA,NA,NA,24.5
"Iceland","2004",NA,NA,NA,14,NA,NA,NA,NA,NA,24.5
"Iceland","2005",NA,NA,NA,14,NA,NA,NA,NA,NA,24.5
"Iceland","2006",NA,NA,NA,14,NA,NA,NA,NA,NA,24.5
"Iceland","2007",NA,NA,NA,7,NA,NA,NA,NA,NA,24.5
"Iceland","2008",NA,NA,NA,7,NA,NA,NA,NA,NA,24.5
"Iceland","2009",NA,NA,NA,7,NA,NA,NA,NA,NA,24.5
"Iceland","2010",NA,NA,NA,7,NA,NA,NA,NA,NA,25.5
"Iceland","2011",NA,NA,NA,7,NA,NA,NA,NA,NA,25.5
"Iceland","2012",NA,NA,NA,7,NA,NA,NA,NA,NA,25.5
"Iceland","2013",NA,NA,NA,7,NA,NA,NA,NA,NA,25.5
"Iceland","2014",NA,NA,NA,7,NA,NA,NA,NA,NA,25.5
"Iceland","2015",NA,NA,NA,11,NA,NA,NA,NA,NA,24
"Iceland","2016",NA,NA,NA,11,NA,NA,NA,NA,NA,24
"Iceland","2017",NA,NA,NA,11,NA,NA,NA,NA,NA,24
"Iceland","2018",NA,NA,NA,11,NA,NA,NA,NA,NA,24
"Iceland","2019",NA,NA,NA,11,NA,NA,NA,NA,NA,24
"Iceland","2020",NA,NA,NA,11,NA,NA,NA,NA,NA,24
"Ireland","1967",NA,NA,NA,NA,NA,NA,NA,NA,NA,NA
"Ireland","1968",NA,NA,NA,NA,NA,NA,NA,NA,NA,NA
"Ireland","1969",NA,NA,NA,NA,NA,NA,NA,NA,NA,NA
"Ireland","1970",NA,NA,NA,NA,NA,NA,NA,NA,NA,NA
"Ireland","1971",NA,NA,NA,NA,NA,NA,NA,NA,NA,NA
"Ireland","1972",30.26,NA,NA,1,5.26,11.11,NA,NA,NA,16.37
"Ireland","1973",36.75,NA,NA,1,5.26,11.11,NA,NA,NA,19.5
"Ireland","1974",36.75,NA,NA,1,5.26,11.11,NA,NA,NA,19.5
"Ireland","1975",36.75,NA,NA,1,5.26,11.11,NA,NA,NA,19.5
"Ireland","1976",35,40,NA,10,NA,NA,NA,NA,NA,20
"Ireland","1977",35,40,NA,10,NA,NA,NA,NA,NA,20
"Ireland","1978",35,40,NA,10,NA,NA,NA,NA,NA,20
"Ireland","1979",NA,NA,NA,1,10,NA,NA,NA,NA,20
"Ireland","1980",NA,NA,NA,1,10,NA,NA,NA,NA,25
"Ireland","1981",NA,NA,NA,1.5,15,NA,NA,NA,NA,25
"Ireland","1982",NA,NA,NA,1.8,18,NA,NA,NA,NA,30
"Ireland","1983",NA,NA,NA,2.3,5,18,NA,NA,NA,35
"Ireland","1984",NA,NA,NA,2,5,8,18,NA,NA,35
"Ireland","1985",NA,NA,NA,2.2,10,NA,NA,NA,NA,23
"Ireland","1986",NA,NA,NA,2.4,10,NA,NA,NA,NA,25
"Ireland","1987",NA,NA,NA,1.7,10,NA,NA,NA,NA,25
"Ireland","1988",NA,NA,NA,1.4,5,10,NA,NA,NA,25
"Ireland","1989",NA,NA,NA,2,5,10,NA,NA,NA,25
"Ireland","1990",NA,NA,NA,2.3,10,NA,NA,NA,NA,23
"Ireland","1991",NA,NA,NA,2.3,10,12.5,NA,NA,NA,21
"Ireland","1992",NA,NA,NA,2.7,10,12.5,16,NA,NA,21
"Ireland","1993",NA,NA,NA,2.5,12.5,NA,NA,NA,NA,21
"Ireland","1994",NA,NA,NA,2.5,12.5,NA,NA,NA,NA,21
"Ireland","1995",NA,NA,NA,2.5,12.5,NA,NA,NA,NA,21
"Ireland","1996",NA,NA,NA,2.8,12.5,NA,NA,NA,NA,21
"Ireland","1997",NA,NA,NA,3.3,12.5,NA,NA,NA,NA,21
"Ireland","1998",NA,NA,NA,3.6,12.5,NA,NA,NA,NA,21
"Ireland","1999",NA,NA,NA,4,12.5,NA,NA,NA,NA,21
"Ireland","2000",NA,NA,NA,4.2,12.5,NA,NA,NA,NA,21
"Ireland","2001",NA,NA,NA,4.3,12.5,NA,NA,NA,NA,20
"Ireland","2002",NA,NA,NA,4.3,12.5,NA,NA,NA,NA,21
"Ireland","2003",NA,NA,NA,4.3,12.5,NA,NA,NA,NA,21
"Ireland","2004",NA,NA,NA,4.4,13.5,NA,NA,NA,NA,21
"Ireland","2005",NA,NA,NA,4.8,13.5,NA,NA,NA,NA,21
"Ireland","2006",NA,NA,NA,4.8,13.5,NA,NA,NA,NA,21
"Ireland","2007",NA,NA,NA,4.8,13.5,NA,NA,NA,NA,21
"Ireland","2008",NA,NA,NA,4.8,13.5,NA,NA,NA,NA,21.5
"Ireland","2009",NA,NA,NA,4.8,13.5,NA,NA,NA,NA,21.5
"Ireland","2010",NA,NA,NA,4.8,13.5,NA,NA,NA,NA,21
"Ireland","2011",NA,NA,NA,4.8,9,13.5,NA,NA,NA,21
"Ireland","2012",NA,NA,NA,0,4.8,9,13.5,NA,NA,23
"Ireland","2013",NA,NA,NA,0,4.8,9,13.5,NA,NA,23
"Ireland","2014",NA,NA,NA,0,4.8,9,13.5,NA,NA,23
"Ireland","2015",NA,NA,NA,0,4.8,9,13.5,NA,NA,23
"Ireland","2016",NA,NA,NA,0,4.8,9,13.5,NA,NA,23
"Ireland","2017",NA,NA,NA,0,4.8,9,13.5,NA,NA,23
"Ireland","2018",NA,NA,NA,0,4.8,9,13.5,NA,NA,23
"Ireland","2019",NA,NA,NA,0,4.8,9,13.5,NA,NA,23
"Ireland","2020",NA,NA,NA,0,4.8,9,13.5,NA,NA,23
"Israel","1967",NA,NA,NA,NA,NA,NA,NA,NA,NA,NA
"Israel","1968",NA,NA,NA,NA,NA,NA,NA,NA,NA,NA
"Israel","1969",NA,NA,NA,NA,NA,NA,NA,NA,NA,NA
"Israel","1970",NA,NA,NA,NA,NA,NA,NA,NA,NA,NA
"Israel","1971",NA,NA,NA,NA,NA,NA,NA,NA,NA,NA
"Israel","1972",NA,NA,NA,NA,NA,NA,NA,NA,NA,NA
"Israel","1973",NA,NA,NA,NA,NA,NA,NA,NA,NA,NA
"Israel","1974",NA,NA,NA,NA,NA,NA,NA,NA,NA,NA
"Israel","1975",NA,NA,NA,NA,NA,NA,NA,NA,NA,NA
"Israel","1976",NA,NA,NA,0,NA,NA,NA,NA,NA,8
"Israel","1977",NA,NA,NA,0,NA,NA,NA,NA,NA,12
"Israel","1978",NA,NA,NA,0,NA,NA,NA,NA,NA,12
"Israel","1979",NA,NA,NA,0,NA,NA,NA,NA,NA,12
"Israel","1980",NA,NA,NA,0,NA,NA,NA,NA,NA,12
"Israel","1981",NA,NA,NA,0,NA,NA,NA,NA,NA,12
"Israel","1982",NA,NA,NA,0,NA,NA,NA,NA,NA,15
"Israel","1983",NA,NA,NA,0,NA,NA,NA,NA,NA,15
"Israel","1984",NA,NA,NA,0,NA,NA,NA,NA,NA,15
"Israel","1985",NA,NA,NA,0,NA,NA,NA,NA,NA,15
"Israel","1986",NA,NA,NA,0,NA,NA,NA,NA,NA,15
"Israel","1987",NA,NA,NA,0,NA,NA,NA,NA,NA,15
"Israel","1988",NA,NA,NA,0,NA,NA,NA,NA,NA,15
"Israel","1989",NA,NA,NA,0,NA,NA,NA,NA,NA,15
"Israel","1990",NA,NA,NA,0,NA,NA,NA,NA,NA,16
"Israel","1991",NA,NA,NA,0,NA,NA,NA,NA,NA,18
"Israel","1992",NA,NA,NA,0,NA,NA,NA,NA,NA,18
"Israel","1993",NA,NA,NA,0,NA,NA,NA,NA,NA,17
"Israel","1994",NA,NA,NA,0,NA,NA,NA,NA,NA,17
"Israel","1995",NA,NA,NA,0,NA,NA,NA,NA,NA,17
"Israel","1996",NA,NA,NA,0,NA,NA,NA,NA,NA,17
"Israel","1997",NA,NA,NA,0,NA,NA,NA,NA,NA,17
"Israel","1998",NA,NA,NA,0,NA,NA,NA,NA,NA,17
"Israel","1999",NA,NA,NA,0,NA,NA,NA,NA,NA,17
"Israel","2000",NA,NA,NA,0,NA,NA,NA,NA,NA,17
"Israel","2001",NA,NA,NA,0,NA,NA,NA,NA,NA,17
"Israel","2002",NA,NA,NA,0,NA,NA,NA,NA,NA,18
"Israel","2003",NA,NA,NA,0,NA,NA,NA,NA,NA,18
"Israel","2004",NA,NA,NA,0,NA,NA,NA,NA,NA,17
"Israel","2005",NA,NA,NA,0,NA,NA,NA,NA,NA,16.5
"Israel","2006",NA,NA,NA,0,NA,NA,NA,NA,NA,15.5
"Israel","2007",NA,NA,NA,0,NA,NA,NA,NA,NA,15.5
"Israel","2008",NA,NA,NA,0,NA,NA,NA,NA,NA,15.5
"Israel","2009",NA,NA,NA,0,NA,NA,NA,NA,NA,16.5
"Israel","2010",NA,NA,NA,0,NA,NA,NA,NA,NA,16
"Israel","2011",NA,NA,NA,0,NA,NA,NA,NA,NA,16
"Israel","2012",NA,NA,NA,0,NA,NA,NA,NA,NA,17
"Israel","2013",NA,NA,NA,0,NA,NA,NA,NA,NA,18
"Israel","2014",NA,NA,NA,0,NA,NA,NA,NA,NA,18
"Israel","2015",NA,NA,NA,0,NA,NA,NA,NA,NA,17
"Israel","2016",NA,NA,NA,0,NA,NA,NA,NA,NA,17
"Israel","2017",NA,NA,NA,0,NA,NA,NA,NA,NA,17
"Israel","2018",NA,NA,NA,0,NA,NA,NA,NA,NA,17
"Israel","2019",NA,NA,NA,0,NA,NA,NA,NA,NA,17
"Israel","2020",NA,NA,NA,0,NA,NA,NA,NA,NA,17
"Italy","1967",NA,NA,NA,NA,NA,NA,NA,NA,NA,NA
"Italy","1968",NA,NA,NA,NA,NA,NA,NA,NA,NA,NA
"Italy","1969",NA,NA,NA,NA,NA,NA,NA,NA,NA,NA
"Italy","1970",NA,NA,NA,NA,NA,NA,NA,NA,NA,NA
"Italy","1971",NA,NA,NA,NA,NA,NA,NA,NA,NA,NA
"Italy","1972",NA,NA,NA,NA,NA,NA,NA,NA,NA,NA
"Italy","1973",18,NA,NA,6,NA,NA,NA,NA,NA,12
"Italy","1974",18,NA,NA,6,NA,NA,NA,NA,NA,12
"Italy","1975",18,30,NA,6,NA,NA,NA,NA,NA,12
"Italy","1976",18,30,NA,1,3,6,9,NA,NA,12
"Italy","1977",18,35,NA,1,3,6,9,12,NA,14
"Italy","1978",18,35,NA,1,3,6,9,12,NA,14
"Italy","1979",18,35,NA,1,3,6,9,12,NA,14
"Italy","1980",15,18,35,1,2,3,6,9,12,14
"Italy","1981",18,35,NA,2,8,NA,NA,NA,NA,15
"Italy","1982",20,38,NA,2,8,10,15,NA,NA,18
"Italy","1983",20,38,NA,2,8,10,15,NA,NA,18
"Italy","1984",30,NA,NA,2,9,NA,NA,NA,NA,18
"Italy","1985",30,NA,NA,2,9,NA,NA,NA,NA,18
"Italy","1986",30,NA,NA,2,9,NA,NA,NA,NA,18
"Italy","1987",30,NA,NA,2,9,NA,NA,NA,NA,18
"Italy","1988",38,NA,NA,2,9,NA,NA,NA,NA,19
"Italy","1989",38,NA,NA,4,9,NA,NA,NA,NA,19
"Italy","1990",38,NA,NA,4,9,NA,NA,NA,NA,19
"Italy","1991",38,NA,NA,4,9,12,NA,NA,NA,19
"Italy","1992",38,NA,NA,4,9,12,NA,NA,NA,19
"Italy","1993",NA,NA,NA,4,NA,NA,NA,NA,NA,19
"Italy","1994",NA,NA,NA,4,NA,NA,NA,NA,NA,19
"Italy","1995",NA,NA,NA,4,10,16,NA,NA,NA,19
"Italy","1996",NA,NA,NA,4,10,16,NA,NA,NA,19
"Italy","1997",NA,NA,NA,4,10,NA,NA,NA,NA,20
"Italy","1998",NA,NA,NA,4,10,NA,NA,NA,NA,20
"Italy","1999",NA,NA,NA,4,10,NA,NA,NA,NA,20
"Italy","2000",NA,NA,NA,4,10,NA,NA,NA,NA,20
"Italy","2001",NA,NA,NA,4,10,NA,NA,NA,NA,20
"Italy","2002",NA,NA,NA,4,10,NA,NA,NA,NA,20
"Italy","2003",NA,NA,NA,4,10,NA,NA,NA,NA,20
"Italy","2004",NA,NA,NA,4,10,NA,NA,NA,NA,20
"Italy","2005",NA,NA,NA,4,10,NA,NA,NA,NA,20
"Italy","2006",NA,NA,NA,4,10,NA,NA,NA,NA,20
"Italy","2007",NA,NA,NA,4,10,NA,NA,NA,NA,20
"Italy","2008",NA,NA,NA,4,10,NA,NA,NA,NA,20
"Italy","2009",NA,NA,NA,4,10,NA,NA,NA,NA,20
"Italy","2010",NA,NA,NA,4,10,NA,NA,NA,NA,20
"Italy","2011",NA,NA,NA,4,10,NA,NA,NA,NA,21
"Italy","2012",NA,NA,NA,4,10,NA,NA,NA,NA,21
"Italy","2013",NA,NA,NA,4,10,NA,NA,NA,NA,22
"Italy","2014",NA,NA,NA,4,10,NA,NA,NA,NA,22
"Italy","2015",NA,NA,NA,4,10,NA,NA,NA,NA,22
"Italy","2016",NA,NA,NA,4,5,10,NA,NA,NA,22
"Italy","2017",NA,NA,NA,4,5,10,NA,NA,NA,22
"Italy","2018",NA,NA,NA,4,5,10,NA,NA,NA,22
"Italy","2019",NA,NA,NA,4,5,10,NA,NA,NA,22
"Italy","2020",NA,NA,NA,4,5,10,NA,NA,NA,22
"Japan","1967",NA,NA,NA,NA,NA,NA,NA,NA,NA,NA
"Japan","1968",NA,NA,NA,NA,NA,NA,NA,NA,NA,NA
"Japan","1969",NA,NA,NA,NA,NA,NA,NA,NA,NA,NA
"Japan","1970",NA,NA,NA,NA,NA,NA,NA,NA,NA,NA
"Japan","1971",NA,NA,NA,NA,NA,NA,NA,NA,NA,NA
"Japan","1972",NA,NA,NA,NA,NA,NA,NA,NA,NA,NA
"Japan","1973",NA,NA,NA,NA,NA,NA,NA,NA,NA,NA
"Japan","1974",NA,NA,NA,NA,NA,NA,NA,NA,NA,NA
"Japan","1975",NA,NA,NA,NA,NA,NA,NA,NA,NA,NA
"Japan","1976",NA,NA,NA,NA,NA,NA,NA,NA,NA,NA
"Japan","1977",NA,NA,NA,NA,NA,NA,NA,NA,NA,NA
"Japan","1978",NA,NA,NA,NA,NA,NA,NA,NA,NA,NA
"Japan","1979",NA,NA,NA,NA,NA,NA,NA,NA,NA,NA
"Japan","1980",NA,NA,NA,NA,NA,NA,NA,NA,NA,NA
"Japan","1981",NA,NA,NA,NA,NA,NA,NA,NA,NA,NA
"Japan","1982",NA,NA,NA,NA,NA,NA,NA,NA,NA,NA
"Japan","1983",NA,NA,NA,NA,NA,NA,NA,NA,NA,NA
"Japan","1984",NA,NA,NA,NA,NA,NA,NA,NA,NA,NA
"Japan","1985",NA,NA,NA,NA,NA,NA,NA,NA,NA,NA
"Japan","1986",NA,NA,NA,NA,NA,NA,NA,NA,NA,NA
"Japan","1987",NA,NA,NA,NA,NA,NA,NA,NA,NA,NA
"Japan","1988",NA,NA,NA,NA,NA,NA,NA,NA,NA,NA
"Japan","1989",NA,NA,NA,NA,NA,NA,NA,NA,NA,3
"Japan","1990",NA,NA,NA,NA,NA,NA,NA,NA,NA,3
"Japan","1991",NA,NA,NA,NA,NA,NA,NA,NA,NA,3
"Japan","1992",NA,NA,NA,NA,NA,NA,NA,NA,NA,3
"Japan","1993",NA,NA,NA,NA,NA,NA,NA,NA,NA,3
"Japan","1994",NA,NA,NA,NA,NA,NA,NA,NA,NA,3
"Japan","1995",NA,NA,NA,NA,NA,NA,NA,NA,NA,3
"Japan","1996",NA,NA,NA,NA,NA,NA,NA,NA,NA,3
"Japan","1997",NA,NA,NA,NA,NA,NA,NA,NA,NA,5
"Japan","1998",NA,NA,NA,NA,NA,NA,NA,NA,NA,5
"Japan","1999",NA,NA,NA,NA,NA,NA,NA,NA,NA,5
"Japan","2000",NA,NA,NA,NA,NA,NA,NA,NA,NA,5
"Japan","2001",NA,NA,NA,NA,NA,NA,NA,NA,NA,5
"Japan","2002",NA,NA,NA,NA,NA,NA,NA,NA,NA,5
"Japan","2003",NA,NA,NA,NA,NA,NA,NA,NA,NA,5
"Japan","2004",NA,NA,NA,NA,NA,NA,NA,NA,NA,5
"Japan","2005",NA,NA,NA,NA,NA,NA,NA,NA,NA,5
"Japan","2006",NA,NA,NA,NA,NA,NA,NA,NA,NA,5
"Japan","2007",NA,NA,NA,NA,NA,NA,NA,NA,NA,5
"Japan","2008",NA,NA,NA,NA,NA,NA,NA,NA,NA,5
"Japan","2009",NA,NA,NA,NA,NA,NA,NA,NA,NA,5
"Japan","2010",NA,NA,NA,NA,NA,NA,NA,NA,NA,5
"Japan","2011",NA,NA,NA,NA,NA,NA,NA,NA,NA,5
"Japan","2012",NA,NA,NA,NA,NA,NA,NA,NA,NA,5
"Japan","2013",NA,NA,NA,NA,NA,NA,NA,NA,NA,5
"Japan","2014",NA,NA,NA,NA,NA,NA,NA,NA,NA,8
"Japan","2015",NA,NA,NA,NA,NA,NA,NA,NA,NA,8
"Japan","2016",NA,NA,NA,NA,NA,NA,NA,NA,NA,8
"Japan","2017",NA,NA,NA,NA,NA,NA,NA,NA,NA,8
"Japan","2018",NA,NA,NA,NA,NA,NA,NA,NA,NA,8
"Japan","2019",NA,NA,NA,8,NA,NA,NA,NA,NA,10
"Japan","2020",NA,NA,NA,8,NA,NA,NA,NA,NA,10
"Korea","1967",NA,NA,NA,NA,NA,NA,NA,NA,NA,NA
"Korea","1968",NA,NA,NA,NA,NA,NA,NA,NA,NA,NA
"Korea","1969",NA,NA,NA,NA,NA,NA,NA,NA,NA,NA
"Korea","1970",NA,NA,NA,NA,NA,NA,NA,NA,NA,NA
"Korea","1971",NA,NA,NA,NA,NA,NA,NA,NA,NA,NA
"Korea","1972",NA,NA,NA,NA,NA,NA,NA,NA,NA,NA
"Korea","1973",NA,NA,NA,NA,NA,NA,NA,NA,NA,NA
"Korea","1974",NA,NA,NA,NA,NA,NA,NA,NA,NA,NA
"Korea","1975",NA,NA,NA,NA,NA,NA,NA,NA,NA,NA
"Korea","1976",NA,NA,NA,NA,NA,NA,NA,NA,NA,NA
"Korea","1977",NA,NA,NA,0,NA,NA,NA,NA,NA,10
"Korea","1978",NA,NA,NA,0,NA,NA,NA,NA,NA,10
"Korea","1979",NA,NA,NA,0,NA,NA,NA,NA,NA,10
"Korea","1980",NA,NA,NA,0,NA,NA,NA,NA,NA,10
"Korea","1981",NA,NA,NA,0,NA,NA,NA,NA,NA,10
"Korea","1982",NA,NA,NA,0,NA,NA,NA,NA,NA,10
"Korea","1983",NA,NA,NA,0,NA,NA,NA,NA,NA,10
"Korea","1984",NA,NA,NA,0,NA,NA,NA,NA,NA,10
"Korea","1985",NA,NA,NA,0,NA,NA,NA,NA,NA,10
"Korea","1986",NA,NA,NA,0,NA,NA,NA,NA,NA,10
"Korea","1987",NA,NA,NA,0,NA,NA,NA,NA,NA,10
"Korea","1988",NA,NA,NA,0,NA,NA,NA,NA,NA,10
"Korea","1989",NA,NA,NA,0,NA,NA,NA,NA,NA,10
"Korea","1990",NA,NA,NA,0,NA,NA,NA,NA,NA,10
"Korea","1991",NA,NA,NA,0,NA,NA,NA,NA,NA,10
"Korea","1992",NA,NA,NA,0,NA,NA,NA,NA,NA,10
"Korea","1993",NA,NA,NA,0,NA,NA,NA,NA,NA,10
"Korea","1994",NA,NA,NA,0,NA,NA,NA,NA,NA,10
"Korea","1995",NA,NA,NA,0,NA,NA,NA,NA,NA,10
"Korea","1996",NA,NA,NA,0,NA,NA,NA,NA,NA,10
"Korea","1997",NA,NA,NA,0,NA,NA,NA,NA,NA,10
"Korea","1998",NA,NA,NA,0,NA,NA,NA,NA,NA,10
"Korea","1999",NA,NA,NA,0,NA,NA,NA,NA,NA,10
"Korea","2000",NA,NA,NA,0,NA,NA,NA,NA,NA,10
"Korea","2001",NA,NA,NA,0,NA,NA,NA,NA,NA,10
"Korea","2002",NA,NA,NA,0,NA,NA,NA,NA,NA,10
"Korea","2003",NA,NA,NA,0,NA,NA,NA,NA,NA,10
"Korea","2004",NA,NA,NA,0,NA,NA,NA,NA,NA,10
"Korea","2005",NA,NA,NA,0,NA,NA,NA,NA,NA,10
"Korea","2006",NA,NA,NA,0,NA,NA,NA,NA,NA,10
"Korea","2007",NA,NA,NA,0,NA,NA,NA,NA,NA,10
"Korea","2008",NA,NA,NA,0,NA,NA,NA,NA,NA,10
"Korea","2009",NA,NA,NA,0,NA,NA,NA,NA,NA,10
"Korea","2010",NA,NA,NA,0,NA,NA,NA,NA,NA,10
"Korea","2011",NA,NA,NA,0,NA,NA,NA,NA,NA,10
"Korea","2012",NA,NA,NA,0,NA,NA,NA,NA,NA,10
"Korea","2013",NA,NA,NA,0,NA,NA,NA,NA,NA,10
"Korea","2014",NA,NA,NA,0,NA,NA,NA,NA,NA,10
"Korea","2015",NA,NA,NA,0,NA,NA,NA,NA,NA,10
"Korea","2016",NA,NA,NA,0,NA,NA,NA,NA,NA,10
"Korea","2017",NA,NA,NA,0,NA,NA,NA,NA,NA,10
"Korea","2018",NA,NA,NA,0,NA,NA,NA,NA,NA,10
"Korea","2019",NA,NA,NA,0,NA,NA,NA,NA,NA,10
"Korea","2020",NA,NA,NA,0,NA,NA,NA,NA,NA,10
"Latvia","1967",NA,NA,NA,NA,NA,NA,NA,NA,NA,NA
"Latvia","1968",NA,NA,NA,NA,NA,NA,NA,NA,NA,NA
"Latvia","1969",NA,NA,NA,NA,NA,NA,NA,NA,NA,NA
"Latvia","1970",NA,NA,NA,NA,NA,NA,NA,NA,NA,NA
"Latvia","1971",NA,NA,NA,NA,NA,NA,NA,NA,NA,NA
"Latvia","1972",NA,NA,NA,NA,NA,NA,NA,NA,NA,NA
"Latvia","1973",NA,NA,NA,NA,NA,NA,NA,NA,NA,NA
"Latvia","1974",NA,NA,NA,NA,NA,NA,NA,NA,NA,NA
"Latvia","1975",NA,NA,NA,NA,NA,NA,NA,NA,NA,NA
"Latvia","1976",NA,NA,NA,NA,NA,NA,NA,NA,NA,NA
"Latvia","1977",NA,NA,NA,NA,NA,NA,NA,NA,NA,NA
"Latvia","1978",NA,NA,NA,NA,NA,NA,NA,NA,NA,NA
"Latvia","1979",NA,NA,NA,NA,NA,NA,NA,NA,NA,NA
"Latvia","1980",NA,NA,NA,NA,NA,NA,NA,NA,NA,NA
"Latvia","1981",NA,NA,NA,NA,NA,NA,NA,NA,NA,NA
"Latvia","1982",NA,NA,NA,NA,NA,NA,NA,NA,NA,NA
"Latvia","1983",NA,NA,NA,NA,NA,NA,NA,NA,NA,NA
"Latvia","1984",NA,NA,NA,NA,NA,NA,NA,NA,NA,NA
"Latvia","1985",NA,NA,NA,NA,NA,NA,NA,NA,NA,NA
"Latvia","1986",NA,NA,NA,NA,NA,NA,NA,NA,NA,NA
"Latvia","1987",NA,NA,NA,NA,NA,NA,NA,NA,NA,NA
"Latvia","1988",NA,NA,NA,NA,NA,NA,NA,NA,NA,NA
"Latvia","1989",NA,NA,NA,NA,NA,NA,NA,NA,NA,NA
"Latvia","1990",NA,NA,NA,NA,NA,NA,NA,NA,NA,NA
"Latvia","1991",NA,NA,NA,NA,NA,NA,NA,NA,NA,NA
"Latvia","1992",NA,NA,NA,NA,NA,NA,NA,NA,NA,NA
"Latvia","1993",NA,NA,NA,NA,NA,NA,NA,NA,NA,NA
"Latvia","1994",NA,NA,NA,NA,NA,NA,NA,NA,NA,NA
"Latvia","1995",NA,NA,NA,NA,NA,NA,NA,NA,NA,18
"Latvia","1996",NA,NA,NA,NA,NA,NA,NA,NA,NA,18
"Latvia","1997",NA,NA,NA,NA,NA,NA,NA,NA,NA,18
"Latvia","1998",NA,NA,NA,NA,NA,NA,NA,NA,NA,18
"Latvia","1999",NA,NA,NA,NA,NA,NA,NA,NA,NA,18
"Latvia","2000",NA,NA,NA,NA,NA,NA,NA,NA,NA,18
"Latvia","2001",NA,NA,NA,NA,NA,NA,NA,NA,NA,18
"Latvia","2002",NA,NA,NA,NA,NA,NA,NA,NA,NA,18
"Latvia","2003",NA,NA,NA,9,NA,NA,NA,NA,NA,18
"Latvia","2004",NA,NA,NA,5,NA,NA,NA,NA,NA,18
"Latvia","2005",NA,NA,NA,5,NA,NA,NA,NA,NA,18
"Latvia","2006",NA,NA,NA,5,NA,NA,NA,NA,NA,18
"Latvia","2007",NA,NA,NA,5,NA,NA,NA,NA,NA,18
"Latvia","2008",NA,NA,NA,5,NA,NA,NA,NA,NA,18
"Latvia","2009",NA,NA,NA,10,NA,NA,NA,NA,NA,21
"Latvia","2010",NA,NA,NA,10,NA,NA,NA,NA,NA,21
"Latvia","2011",NA,NA,NA,12,NA,NA,NA,NA,NA,22
"Latvia","2012",NA,NA,NA,12,NA,NA,NA,NA,NA,21
"Latvia","2013",NA,NA,NA,12,NA,NA,NA,NA,NA,21
"Latvia","2014",NA,NA,NA,12,NA,NA,NA,NA,NA,21
"Latvia","2015",NA,NA,NA,12,NA,NA,NA,NA,NA,21
"Latvia","2016",NA,NA,NA,12,NA,NA,NA,NA,NA,21
"Latvia","2017",NA,NA,NA,12,NA,NA,NA,NA,NA,21
"Latvia","2018",NA,NA,NA,5,12,NA,NA,NA,NA,21
"Latvia","2019",NA,NA,NA,5,12,NA,NA,NA,NA,21
"Latvia","2020",NA,NA,NA,5,12,NA,NA,NA,NA,21
"Lithuania","1967",NA,NA,NA,NA,NA,NA,NA,NA,NA,NA
"Lithuania","1968",NA,NA,NA,NA,NA,NA,NA,NA,NA,NA
"Lithuania","1969",NA,NA,NA,NA,NA,NA,NA,NA,NA,NA
"Lithuania","1970",NA,NA,NA,NA,NA,NA,NA,NA,NA,NA
"Lithuania","1971",NA,NA,NA,NA,NA,NA,NA,NA,NA,NA
"Lithuania","1972",NA,NA,NA,NA,NA,NA,NA,NA,NA,NA
"Lithuania","1973",NA,NA,NA,NA,NA,NA,NA,NA,NA,NA
"Lithuania","1974",NA,NA,NA,NA,NA,NA,NA,NA,NA,NA
"Lithuania","1975",NA,NA,NA,NA,NA,NA,NA,NA,NA,NA
"Lithuania","1976",NA,NA,NA,NA,NA,NA,NA,NA,NA,NA
"Lithuania","1977",NA,NA,NA,NA,NA,NA,NA,NA,NA,NA
"Lithuania","1978",NA,NA,NA,NA,NA,NA,NA,NA,NA,NA
"Lithuania","1979",NA,NA,NA,NA,NA,NA,NA,NA,NA,NA
"Lithuania","1980",NA,NA,NA,NA,NA,NA,NA,NA,NA,NA
"Lithuania","1981",NA,NA,NA,NA,NA,NA,NA,NA,NA,NA
"Lithuania","1982",NA,NA,NA,NA,NA,NA,NA,NA,NA,NA
"Lithuania","1983",NA,NA,NA,NA,NA,NA,NA,NA,NA,NA
"Lithuania","1984",NA,NA,NA,NA,NA,NA,NA,NA,NA,NA
"Lithuania","1985",NA,NA,NA,NA,NA,NA,NA,NA,NA,NA
"Lithuania","1986",NA,NA,NA,NA,NA,NA,NA,NA,NA,NA
"Lithuania","1987",NA,NA,NA,NA,NA,NA,NA,NA,NA,NA
"Lithuania","1988",NA,NA,NA,NA,NA,NA,NA,NA,NA,NA
"Lithuania","1989",NA,NA,NA,NA,NA,NA,NA,NA,NA,NA
"Lithuania","1990",NA,NA,NA,NA,NA,NA,NA,NA,NA,NA
"Lithuania","1991",NA,NA,NA,NA,NA,NA,NA,NA,NA,NA
"Lithuania","1992",NA,NA,NA,NA,NA,NA,NA,NA,NA,NA
"Lithuania","1993",NA,NA,NA,NA,NA,NA,NA,NA,NA,NA
"Lithuania","1994",NA,NA,NA,9,NA,NA,NA,NA,NA,18
"Lithuania","1995",NA,NA,NA,9,NA,NA,NA,NA,NA,18
"Lithuania","1996",NA,NA,NA,9,NA,NA,NA,NA,NA,18
"Lithuania","1997",NA,NA,NA,NA,NA,NA,NA,NA,NA,18
"Lithuania","1998",NA,NA,NA,NA,NA,NA,NA,NA,NA,18
"Lithuania","1999",NA,NA,NA,NA,NA,NA,NA,NA,NA,18
"Lithuania","2000",NA,NA,NA,5,NA,NA,NA,NA,NA,18
"Lithuania","2001",NA,NA,NA,5,9,NA,NA,NA,NA,18
"Lithuania","2002",NA,NA,NA,5,9,NA,NA,NA,NA,18
"Lithuania","2003",NA,NA,NA,5,9,NA,NA,NA,NA,18
"Lithuania","2004",NA,NA,NA,5,9,NA,NA,NA,NA,18
"Lithuania","2005",NA,NA,NA,5,9,NA,NA,NA,NA,18
"Lithuania","2006",NA,NA,NA,5,9,NA,NA,NA,NA,18
"Lithuania","2007",NA,NA,NA,5,9,NA,NA,NA,NA,18
"Lithuania","2008",NA,NA,NA,5,9,NA,NA,NA,NA,18
"Lithuania","2009",NA,NA,NA,5,9,NA,NA,NA,NA,19
"Lithuania","2010",NA,NA,NA,5,9,NA,NA,NA,NA,21
"Lithuania","2011",NA,NA,NA,5,9,NA,NA,NA,NA,21
"Lithuania","2012",NA,NA,NA,5,9,NA,NA,NA,NA,21
"Lithuania","2013",NA,NA,NA,5,9,NA,NA,NA,NA,21
"Lithuania","2014",NA,NA,NA,5,9,NA,NA,NA,NA,21
"Lithuania","2015",NA,NA,NA,5,9,NA,NA,NA,NA,21
"Lithuania","2016",NA,NA,NA,5,9,NA,NA,NA,NA,21
"Lithuania","2017",NA,NA,NA,5,9,NA,NA,NA,NA,21
"Lithuania","2018",NA,NA,NA,5,9,NA,NA,NA,NA,21
"Lithuania","2019",NA,NA,NA,5,9,NA,NA,NA,NA,21
"Lithuania","2020",NA,NA,NA,5,9,NA,NA,NA,NA,21
"Luxembourg","1967",NA,NA,NA,NA,NA,NA,NA,NA,NA,NA
"Luxembourg","1968",NA,NA,NA,NA,NA,NA,NA,NA,NA,NA
"Luxembourg","1969",NA,NA,NA,NA,NA,NA,NA,NA,NA,NA
"Luxembourg","1970",NA,NA,NA,4,NA,NA,NA,NA,NA,8
"Luxembourg","1971",NA,NA,NA,2,5,NA,NA,NA,NA,10
"Luxembourg","1972",NA,NA,NA,2,5,NA,NA,NA,NA,10
"Luxembourg","1973",NA,NA,NA,2,5,NA,NA,NA,NA,10
"Luxembourg","1974",NA,NA,NA,2,5,NA,NA,NA,NA,10
"Luxembourg","1975",NA,NA,NA,2,5,NA,NA,NA,NA,10
"Luxembourg","1976",NA,NA,NA,2,5,NA,NA,NA,NA,10
"Luxembourg","1977",NA,NA,NA,2,5,NA,NA,NA,NA,10
"Luxembourg","1978",NA,NA,NA,2,5,NA,NA,NA,NA,10
"Luxembourg","1979",NA,NA,NA,2,5,NA,NA,NA,NA,10
"Luxembourg","1980",NA,NA,NA,2,5,NA,NA,NA,NA,10
"Luxembourg","1981",NA,NA,NA,2,5,NA,NA,NA,NA,10
"Luxembourg","1982",NA,NA,NA,2,5,NA,NA,NA,NA,10
"Luxembourg","1983",NA,NA,NA,3,6,NA,NA,NA,NA,12
"Luxembourg","1984",NA,NA,NA,3,6,NA,NA,NA,NA,12
"Luxembourg","1985",NA,NA,NA,3,6,NA,NA,NA,NA,12
"Luxembourg","1986",NA,NA,NA,3,6,NA,NA,NA,NA,12
"Luxembourg","1987",NA,NA,NA,3,6,NA,NA,NA,NA,12
"Luxembourg","1988",NA,NA,NA,3,6,NA,NA,NA,NA,12
"Luxembourg","1989",NA,NA,NA,3,6,NA,NA,NA,NA,12
"Luxembourg","1990",NA,NA,NA,3,6,NA,NA,NA,NA,12
"Luxembourg","1991",NA,NA,NA,3,6,NA,NA,NA,NA,12
"Luxembourg","1992",NA,NA,NA,3,6,NA,NA,NA,NA,15
"Luxembourg","1993",NA,NA,NA,3,6,12,NA,NA,NA,15
"Luxembourg","1994",NA,NA,NA,3,6,12,NA,NA,NA,15
"Luxembourg","1995",NA,NA,NA,3,6,12,NA,NA,NA,15
"Luxembourg","1996",NA,NA,NA,3,6,12,NA,NA,NA,15
"Luxembourg","1997",NA,NA,NA,3,6,12,NA,NA,NA,15
"Luxembourg","1998",NA,NA,NA,3,6,12,NA,NA,NA,15
"Luxembourg","1999",NA,NA,NA,3,6,12,NA,NA,NA,15
"Luxembourg","2000",NA,NA,NA,3,6,12,NA,NA,NA,15
"Luxembourg","2001",NA,NA,NA,3,6,12,NA,NA,NA,15
"Luxembourg","2002",NA,NA,NA,3,6,12,NA,NA,NA,15
"Luxembourg","2003",NA,NA,NA,3,6,12,NA,NA,NA,15
"Luxembourg","2004",NA,NA,NA,3,6,12,NA,NA,NA,15
"Luxembourg","2005",NA,NA,NA,3,6,12,NA,NA,NA,15
"Luxembourg","2006",NA,NA,NA,3,6,12,NA,NA,NA,15
"Luxembourg","2007",NA,NA,NA,3,6,12,NA,NA,NA,15
"Luxembourg","2008",NA,NA,NA,3,6,12,NA,NA,NA,15
"Luxembourg","2009",NA,NA,NA,3,6,12,NA,NA,NA,15
"Luxembourg","2010",NA,NA,NA,3,6,12,NA,NA,NA,15
"Luxembourg","2011",NA,NA,NA,3,6,12,NA,NA,NA,15
"Luxembourg","2012",NA,NA,NA,3,6,12,NA,NA,NA,15
"Luxembourg","2013",NA,NA,NA,3,6,12,NA,NA,NA,15
"Luxembourg","2014",NA,NA,NA,3,6,12,NA,NA,NA,15
"Luxembourg","2015",NA,NA,NA,3,8,14,NA,NA,NA,17
"Luxembourg","2016",NA,NA,NA,3,8,14,NA,NA,NA,17
"Luxembourg","2017",NA,NA,NA,3,8,14,NA,NA,NA,17
"Luxembourg","2018",NA,NA,NA,3,8,14,NA,NA,NA,17
"Luxembourg","2019",NA,NA,NA,3,8,14,NA,NA,NA,17
"Luxembourg","2020",NA,NA,NA,3,8,14,NA,NA,NA,17
"Mexico","1967",NA,NA,NA,NA,NA,NA,NA,NA,NA,NA
"Mexico","1968",NA,NA,NA,NA,NA,NA,NA,NA,NA,NA
"Mexico","1969",NA,NA,NA,NA,NA,NA,NA,NA,NA,NA
"Mexico","1970",NA,NA,NA,NA,NA,NA,NA,NA,NA,NA
"Mexico","1971",NA,NA,NA,NA,NA,NA,NA,NA,NA,NA
"Mexico","1972",NA,NA,NA,NA,NA,NA,NA,NA,NA,NA
"Mexico","1973",NA,NA,NA,NA,NA,NA,NA,NA,NA,NA
"Mexico","1974",NA,NA,NA,NA,NA,NA,NA,NA,NA,NA
"Mexico","1975",NA,NA,NA,NA,NA,NA,NA,NA,NA,NA
"Mexico","1976",NA,NA,NA,NA,NA,NA,NA,NA,NA,NA
"Mexico","1977",NA,NA,NA,NA,NA,NA,NA,NA,NA,NA
"Mexico","1978",NA,NA,NA,NA,NA,NA,NA,NA,NA,NA
"Mexico","1979",NA,NA,NA,NA,NA,NA,NA,NA,NA,NA
"Mexico","1980",NA,NA,NA,0,NA,NA,NA,NA,NA,10
"Mexico","1981",NA,NA,NA,0,NA,NA,NA,NA,NA,10
"Mexico","1982",NA,NA,NA,0,NA,NA,NA,NA,NA,10
"Mexico","1983",20,NA,NA,0,6,NA,NA,NA,NA,15
"Mexico","1984",20,NA,NA,0,6,NA,NA,NA,NA,15
"Mexico","1985",20,NA,NA,0,6,NA,NA,NA,NA,15
"Mexico","1986",20,NA,NA,0,6,NA,NA,NA,NA,15
"Mexico","1987",20,NA,NA,0,6,NA,NA,NA,NA,15
"Mexico","1988",20,NA,NA,0,NA,NA,NA,NA,NA,15
"Mexico","1989",20,NA,NA,0,NA,NA,NA,NA,NA,15
"Mexico","1990",20,NA,NA,0,NA,NA,NA,NA,NA,15
"Mexico","1991",NA,NA,NA,0,NA,NA,NA,NA,NA,10
"Mexico","1992",NA,NA,NA,0,NA,NA,NA,NA,NA,10
"Mexico","1993",NA,NA,NA,0,NA,NA,NA,NA,NA,10
"Mexico","1994",NA,NA,NA,0,NA,NA,NA,NA,NA,10
"Mexico","1995",NA,NA,NA,0,NA,NA,NA,NA,NA,15
"Mexico","1996",NA,NA,NA,0,NA,NA,NA,NA,NA,15
"Mexico","1997",NA,NA,NA,0,NA,NA,NA,NA,NA,15
"Mexico","1998",NA,NA,NA,0,NA,NA,NA,NA,NA,15
"Mexico","1999",NA,NA,NA,0,NA,NA,NA,NA,NA,15
"Mexico","2000",NA,NA,NA,0,NA,NA,NA,NA,NA,15
"Mexico","2001",NA,NA,NA,0,NA,NA,NA,NA,NA,15
"Mexico","2002",NA,NA,NA,0,NA,NA,NA,NA,NA,15
"Mexico","2003",NA,NA,NA,0,NA,NA,NA,NA,NA,15
"Mexico","2004",NA,NA,NA,0,NA,NA,NA,NA,NA,15
"Mexico","2005",NA,NA,NA,0,NA,NA,NA,NA,NA,15
"Mexico","2006",NA,NA,NA,0,NA,NA,NA,NA,NA,15
"Mexico","2007",NA,NA,NA,0,NA,NA,NA,NA,NA,15
"Mexico","2008",NA,NA,NA,0,NA,NA,NA,NA,NA,15
"Mexico","2009",NA,NA,NA,0,NA,NA,NA,NA,NA,15
"Mexico","2010",NA,NA,NA,0,NA,NA,NA,NA,NA,16
"Mexico","2011",NA,NA,NA,0,NA,NA,NA,NA,NA,16
"Mexico","2012",NA,NA,NA,0,NA,NA,NA,NA,NA,16
"Mexico","2013",NA,NA,NA,0,NA,NA,NA,NA,NA,16
"Mexico","2014",NA,NA,NA,0,NA,NA,NA,NA,NA,16
"Mexico","2015",NA,NA,NA,0,NA,NA,NA,NA,NA,16
"Mexico","2016",NA,NA,NA,0,NA,NA,NA,NA,NA,16
"Mexico","2017",NA,NA,NA,0,NA,NA,NA,NA,NA,16
"Mexico","2018",NA,NA,NA,0,NA,NA,NA,NA,NA,16
"Mexico","2019",NA,NA,NA,0,NA,NA,NA,NA,NA,16
"Mexico","2020",NA,NA,NA,0,NA,NA,NA,NA,NA,16
"Netherlands","1967",NA,NA,NA,NA,NA,NA,NA,NA,NA,NA
"Netherlands","1968",NA,NA,NA,NA,NA,NA,NA,NA,NA,NA
"Netherlands","1969",NA,NA,NA,4,NA,NA,NA,NA,NA,12
"Netherlands","1970",NA,NA,NA,4,NA,NA,NA,NA,NA,12
"Netherlands","1971",NA,NA,NA,4,NA,NA,NA,NA,NA,14
"Netherlands","1972",NA,NA,NA,4,NA,NA,NA,NA,NA,14
"Netherlands","1973",NA,NA,NA,4,NA,NA,NA,NA,NA,16
"Netherlands","1974",NA,NA,NA,4,NA,NA,NA,NA,NA,16
"Netherlands","1975",NA,NA,NA,4,NA,NA,NA,NA,NA,16
"Netherlands","1976",NA,NA,NA,4,NA,NA,NA,NA,NA,18
"Netherlands","1977",NA,NA,NA,4,NA,NA,NA,NA,NA,18
"Netherlands","1978",NA,NA,NA,4,NA,NA,NA,NA,NA,18
"Netherlands","1979",NA,NA,NA,4,NA,NA,NA,NA,NA,18
"Netherlands","1980",NA,NA,NA,4,NA,NA,NA,NA,NA,18
"Netherlands","1981",NA,NA,NA,4,NA,NA,NA,NA,NA,18
"Netherlands","1982",NA,NA,NA,4,NA,NA,NA,NA,NA,18
"Netherlands","1983",NA,NA,NA,4,NA,NA,NA,NA,NA,18
"Netherlands","1984",NA,NA,NA,5,NA,NA,NA,NA,NA,19
"Netherlands","1985",NA,NA,NA,5,NA,NA,NA,NA,NA,19
"Netherlands","1986",NA,NA,NA,6,NA,NA,NA,NA,NA,20
"Netherlands","1987",NA,NA,NA,6,NA,NA,NA,NA,NA,20
"Netherlands","1988",NA,NA,NA,6,NA,NA,NA,NA,NA,20
"Netherlands","1989",NA,NA,NA,6,NA,NA,NA,NA,NA,18.5
"Netherlands","1990",NA,NA,NA,6,NA,NA,NA,NA,NA,18.5
"Netherlands","1991",NA,NA,NA,6,NA,NA,NA,NA,NA,18.5
"Netherlands","1992",NA,NA,NA,6,NA,NA,NA,NA,NA,17.5
"Netherlands","1993",NA,NA,NA,6,NA,NA,NA,NA,NA,17.5
"Netherlands","1994",NA,NA,NA,6,NA,NA,NA,NA,NA,17.5
"Netherlands","1995",NA,NA,NA,6,NA,NA,NA,NA,NA,17.5
"Netherlands","1996",NA,NA,NA,6,NA,NA,NA,NA,NA,17.5
"Netherlands","1997",NA,NA,NA,6,NA,NA,NA,NA,NA,17.5
"Netherlands","1998",NA,NA,NA,6,NA,NA,NA,NA,NA,17.5
"Netherlands","1999",NA,NA,NA,6,NA,NA,NA,NA,NA,17.5
"Netherlands","2000",NA,NA,NA,6,NA,NA,NA,NA,NA,17.5
"Netherlands","2001",NA,NA,NA,6,NA,NA,NA,NA,NA,19
"Netherlands","2002",NA,NA,NA,6,NA,NA,NA,NA,NA,19
"Netherlands","2003",NA,NA,NA,6,NA,NA,NA,NA,NA,19
"Netherlands","2004",NA,NA,NA,6,NA,NA,NA,NA,NA,19
"Netherlands","2005",NA,NA,NA,6,NA,NA,NA,NA,NA,19
"Netherlands","2006",NA,NA,NA,6,NA,NA,NA,NA,NA,19
"Netherlands","2007",NA,NA,NA,6,NA,NA,NA,NA,NA,19
"Netherlands","2008",NA,NA,NA,6,NA,NA,NA,NA,NA,19
"Netherlands","2009",NA,NA,NA,6,NA,NA,NA,NA,NA,19
"Netherlands","2010",NA,NA,NA,6,NA,NA,NA,NA,NA,19
"Netherlands","2011",NA,NA,NA,6,NA,NA,NA,NA,NA,19
"Netherlands","2012",NA,NA,NA,6,NA,NA,NA,NA,NA,21
"Netherlands","2013",NA,NA,NA,6,NA,NA,NA,NA,NA,21
"Netherlands","2014",NA,NA,NA,6,NA,NA,NA,NA,NA,21
"Netherlands","2015",NA,NA,NA,6,NA,NA,NA,NA,NA,21
"Netherlands","2016",NA,NA,NA,6,NA,NA,NA,NA,NA,21
"Netherlands","2017",NA,NA,NA,6,NA,NA,NA,NA,NA,21
"Netherlands","2018",NA,NA,NA,6,NA,NA,NA,NA,NA,21
"Netherlands","2019",NA,NA,NA,9,NA,NA,NA,NA,NA,21
"Netherlands","2020",NA,NA,NA,9,NA,NA,NA,NA,NA,21
"New Zealand","1967",NA,NA,NA,NA,NA,NA,NA,NA,NA,NA
"New Zealand","1968",NA,NA,NA,NA,NA,NA,NA,NA,NA,NA
"New Zealand","1969",NA,NA,NA,NA,NA,NA,NA,NA,NA,NA
"New Zealand","1970",NA,NA,NA,NA,NA,NA,NA,NA,NA,NA
"New Zealand","1971",NA,NA,NA,NA,NA,NA,NA,NA,NA,NA
"New Zealand","1972",NA,NA,NA,NA,NA,NA,NA,NA,NA,NA
"New Zealand","1973",NA,NA,NA,NA,NA,NA,NA,NA,NA,NA
"New Zealand","1974",NA,NA,NA,NA,NA,NA,NA,NA,NA,NA
"New Zealand","1975",NA,NA,NA,NA,NA,NA,NA,NA,NA,NA
"New Zealand","1976",NA,NA,NA,NA,NA,NA,NA,NA,NA,NA
"New Zealand","1977",NA,NA,NA,NA,NA,NA,NA,NA,NA,NA
"New Zealand","1978",NA,NA,NA,NA,NA,NA,NA,NA,NA,NA
"New Zealand","1979",NA,NA,NA,NA,NA,NA,NA,NA,NA,NA
"New Zealand","1980",NA,NA,NA,NA,NA,NA,NA,NA,NA,NA
"New Zealand","1981",NA,NA,NA,NA,NA,NA,NA,NA,NA,NA
"New Zealand","1982",NA,NA,NA,NA,NA,NA,NA,NA,NA,NA
"New Zealand","1983",NA,NA,NA,NA,NA,NA,NA,NA,NA,NA
"New Zealand","1984",NA,NA,NA,NA,NA,NA,NA,NA,NA,NA
"New Zealand","1985",NA,NA,NA,NA,NA,NA,NA,NA,NA,NA
"New Zealand","1986",NA,NA,NA,NA,NA,NA,NA,NA,NA,10
"New Zealand","1987",NA,NA,NA,NA,NA,NA,NA,NA,NA,10
"New Zealand","1988",NA,NA,NA,NA,NA,NA,NA,NA,NA,10
"New Zealand","1989",NA,NA,NA,NA,NA,NA,NA,NA,NA,12.5
"New Zealand","1990",NA,NA,NA,NA,NA,NA,NA,NA,NA,12.5
"New Zealand","1991",NA,NA,NA,NA,NA,NA,NA,NA,NA,12.5
"New Zealand","1992",NA,NA,NA,NA,NA,NA,NA,NA,NA,12.5
"New Zealand","1993",NA,NA,NA,NA,NA,NA,NA,NA,NA,12.5
"New Zealand","1994",NA,NA,NA,NA,NA,NA,NA,NA,NA,12.5
"New Zealand","1995",NA,NA,NA,NA,NA,NA,NA,NA,NA,12.5
"New Zealand","1996",NA,NA,NA,NA,NA,NA,NA,NA,NA,12.5
"New Zealand","1997",NA,NA,NA,NA,NA,NA,NA,NA,NA,12.5
"New Zealand","1998",NA,NA,NA,NA,NA,NA,NA,NA,NA,12.5
"New Zealand","1999",NA,NA,NA,NA,NA,NA,NA,NA,NA,12.5
"New Zealand","2000",NA,NA,NA,NA,NA,NA,NA,NA,NA,12.5
"New Zealand","2001",NA,NA,NA,NA,NA,NA,NA,NA,NA,12.5
"New Zealand","2002",NA,NA,NA,NA,NA,NA,NA,NA,NA,12.5
"New Zealand","2003",NA,NA,NA,NA,NA,NA,NA,NA,NA,12.5
"New Zealand","2004",NA,NA,NA,NA,NA,NA,NA,NA,NA,12.5
"New Zealand","2005",NA,NA,NA,NA,NA,NA,NA,NA,NA,12.5
"New Zealand","2006",NA,NA,NA,NA,NA,NA,NA,NA,NA,12.5
"New Zealand","2007",NA,NA,NA,NA,NA,NA,NA,NA,NA,12.5
"New Zealand","2008",NA,NA,NA,NA,NA,NA,NA,NA,NA,12.5
"New Zealand","2009",NA,NA,NA,NA,NA,NA,NA,NA,NA,12.5
"New Zealand","2010",NA,NA,NA,NA,NA,NA,NA,NA,NA,15
"New Zealand","2011",NA,NA,NA,NA,NA,NA,NA,NA,NA,15
"New Zealand","2012",NA,NA,NA,NA,NA,NA,NA,NA,NA,15
"New Zealand","2013",NA,NA,NA,NA,NA,NA,NA,NA,NA,15
"New Zealand","2014",NA,NA,NA,NA,NA,NA,NA,NA,NA,15
"New Zealand","2015",NA,NA,NA,NA,NA,NA,NA,NA,NA,15
"New Zealand","2016",NA,NA,NA,NA,NA,NA,NA,NA,NA,15
"New Zealand","2017",NA,NA,NA,NA,NA,NA,NA,NA,NA,15
"New Zealand","2018",NA,NA,NA,NA,NA,NA,NA,NA,NA,15
"New Zealand","2019",NA,NA,NA,NA,NA,NA,NA,NA,NA,15
"New Zealand","2020",NA,NA,NA,NA,NA,NA,NA,NA,NA,15
"Norway","1967",NA,NA,NA,NA,NA,NA,NA,NA,NA,NA
"Norway","1968",NA,NA,NA,NA,NA,NA,NA,NA,NA,NA
"Norway","1969",NA,NA,NA,NA,NA,NA,NA,NA,NA,NA
"Norway","1970",NA,NA,NA,0,NA,NA,NA,NA,NA,20
"Norway","1971",NA,NA,NA,0,NA,NA,NA,NA,NA,20
"Norway","1972",NA,NA,NA,0,NA,NA,NA,NA,NA,20
"Norway","1973",NA,NA,NA,0,NA,NA,NA,NA,NA,20
"Norway","1974",NA,NA,NA,0,NA,NA,NA,NA,NA,20
"Norway","1975",NA,NA,NA,0,NA,NA,NA,NA,NA,20
"Norway","1976",NA,NA,NA,0,NA,NA,NA,NA,NA,20
"Norway","1977",NA,NA,NA,0,NA,NA,NA,NA,NA,20
"Norway","1978",NA,NA,NA,0,NA,NA,NA,NA,NA,20
"Norway","1979",NA,NA,NA,0,NA,NA,NA,NA,NA,20
"Norway","1980",NA,NA,NA,0,NA,NA,NA,NA,NA,20
"Norway","1981",NA,NA,NA,0,NA,NA,NA,NA,NA,20
"Norway","1982",NA,NA,NA,0,NA,NA,NA,NA,NA,20
"Norway","1983",NA,NA,NA,0,NA,NA,NA,NA,NA,20
"Norway","1984",NA,NA,NA,0,NA,NA,NA,NA,NA,20
"Norway","1985",NA,NA,NA,0,NA,NA,NA,NA,NA,20
"Norway","1986",NA,NA,NA,0,NA,NA,NA,NA,NA,20
"Norway","1987",NA,NA,NA,0,NA,NA,NA,NA,NA,20
"Norway","1988",NA,NA,NA,0,NA,NA,NA,NA,NA,20
"Norway","1989",NA,NA,NA,0,NA,NA,NA,NA,NA,20
"Norway","1990",NA,NA,NA,0,NA,NA,NA,NA,NA,20
"Norway","1991",NA,NA,NA,0,NA,NA,NA,NA,NA,20
"Norway","1992",NA,NA,NA,0,NA,NA,NA,NA,NA,20
"Norway","1993",NA,NA,NA,0,NA,NA,NA,NA,NA,22
"Norway","1994",NA,NA,NA,0,NA,NA,NA,NA,NA,22
"Norway","1995",NA,NA,NA,0,NA,NA,NA,NA,NA,23
"Norway","1996",NA,NA,NA,0,NA,NA,NA,NA,NA,23
"Norway","1997",NA,NA,NA,0,NA,NA,NA,NA,NA,23
"Norway","1998",NA,NA,NA,0,NA,NA,NA,NA,NA,23
"Norway","1999",NA,NA,NA,0,NA,NA,NA,NA,NA,23
"Norway","2000",NA,NA,NA,0,NA,NA,NA,NA,NA,23
"Norway","2001",NA,NA,NA,0,12,NA,NA,NA,NA,24
"Norway","2002",NA,NA,NA,0,12,NA,NA,NA,NA,24
"Norway","2003",NA,NA,NA,0,12,NA,NA,NA,NA,24
"Norway","2004",NA,NA,NA,0,12,NA,NA,NA,NA,24
"Norway","2005",NA,NA,NA,0,7,11,NA,NA,NA,25
"Norway","2006",NA,NA,NA,0,8,13,NA,NA,NA,25
"Norway","2007",NA,NA,NA,0,8,13,NA,NA,NA,25
"Norway","2008",NA,NA,NA,0,8,13,NA,NA,NA,25
"Norway","2009",NA,NA,NA,0,8,13,NA,NA,NA,25
"Norway","2010",NA,NA,NA,0,8,13,NA,NA,NA,25
"Norway","2011",NA,NA,NA,0,8,14,NA,NA,NA,25
"Norway","2012",NA,NA,NA,0,8,15,NA,NA,NA,25
"Norway","2013",NA,NA,NA,0,8,15,NA,NA,NA,25
"Norway","2014",NA,NA,NA,0,8,15,NA,NA,NA,25
"Norway","2015",NA,NA,NA,0,8,15,NA,NA,NA,25
"Norway","2016",NA,NA,NA,0,10,15,NA,NA,NA,25
"Norway","2017",NA,NA,NA,0,10,15,NA,NA,NA,25
"Norway","2018",NA,NA,NA,0,12,15,NA,NA,NA,25
"Norway","2019",NA,NA,NA,0,12,15,NA,NA,NA,25
"Norway","2020",NA,NA,NA,0,12,15,NA,NA,NA,25
"Poland","1967",NA,NA,NA,NA,NA,NA,NA,NA,NA,NA
"Poland","1968",NA,NA,NA,NA,NA,NA,NA,NA,NA,NA
"Poland","1969",NA,NA,NA,NA,NA,NA,NA,NA,NA,NA
"Poland","1970",NA,NA,NA,NA,NA,NA,NA,NA,NA,NA
"Poland","1971",NA,NA,NA,NA,NA,NA,NA,NA,NA,NA
"Poland","1972",NA,NA,NA,NA,NA,NA,NA,NA,NA,NA
"Poland","1973",NA,NA,NA,NA,NA,NA,NA,NA,NA,NA
"Poland","1974",NA,NA,NA,NA,NA,NA,NA,NA,NA,NA
"Poland","1975",NA,NA,NA,NA,NA,NA,NA,NA,NA,NA
"Poland","1976",NA,NA,NA,NA,NA,NA,NA,NA,NA,NA
"Poland","1977",NA,NA,NA,NA,NA,NA,NA,NA,NA,NA
"Poland","1978",NA,NA,NA,NA,NA,NA,NA,NA,NA,NA
"Poland","1979",NA,NA,NA,NA,NA,NA,NA,NA,NA,NA
"Poland","1980",NA,NA,NA,NA,NA,NA,NA,NA,NA,NA
"Poland","1981",NA,NA,NA,NA,NA,NA,NA,NA,NA,NA
"Poland","1982",NA,NA,NA,NA,NA,NA,NA,NA,NA,NA
"Poland","1983",NA,NA,NA,NA,NA,NA,NA,NA,NA,NA
"Poland","1984",NA,NA,NA,NA,NA,NA,NA,NA,NA,NA
"Poland","1985",NA,NA,NA,NA,NA,NA,NA,NA,NA,NA
"Poland","1986",NA,NA,NA,NA,NA,NA,NA,NA,NA,NA
"Poland","1987",NA,NA,NA,NA,NA,NA,NA,NA,NA,NA
"Poland","1988",NA,NA,NA,NA,NA,NA,NA,NA,NA,NA
"Poland","1989",NA,NA,NA,NA,NA,NA,NA,NA,NA,NA
"Poland","1990",NA,NA,NA,NA,NA,NA,NA,NA,NA,NA
"Poland","1991",NA,NA,NA,NA,NA,NA,NA,NA,NA,NA
"Poland","1992",NA,NA,NA,NA,NA,NA,NA,NA,NA,NA
"Poland","1993",NA,NA,NA,7,NA,NA,NA,NA,NA,22
"Poland","1994",NA,NA,NA,7,NA,NA,NA,NA,NA,22
"Poland","1995",NA,NA,NA,7,NA,NA,NA,NA,NA,22
"Poland","1996",NA,NA,NA,7,NA,NA,NA,NA,NA,22
"Poland","1997",NA,NA,NA,7,NA,NA,NA,NA,NA,22
"Poland","1998",NA,NA,NA,7,NA,NA,NA,NA,NA,22
"Poland","1999",NA,NA,NA,7,NA,NA,NA,NA,NA,22
"Poland","2000",NA,NA,NA,3,7,NA,NA,NA,NA,22
"Poland","2001",NA,NA,NA,3,7,NA,NA,NA,NA,22
"Poland","2002",NA,NA,NA,3,7,NA,NA,NA,NA,22
"Poland","2003",NA,NA,NA,3,7,NA,NA,NA,NA,22
"Poland","2004",NA,NA,NA,3,7,NA,NA,NA,NA,22
"Poland","2005",NA,NA,NA,3,7,NA,NA,NA,NA,22
"Poland","2006",NA,NA,NA,3,7,NA,NA,NA,NA,22
"Poland","2007",NA,NA,NA,3,7,NA,NA,NA,NA,22
"Poland","2008",NA,NA,NA,3,7,NA,NA,NA,NA,22
"Poland","2009",NA,NA,NA,3,7,NA,NA,NA,NA,22
"Poland","2010",NA,NA,NA,3,7,NA,NA,NA,NA,22
"Poland","2011",NA,NA,NA,5,8,NA,NA,NA,NA,23
"Poland","2012",NA,NA,NA,5,8,NA,NA,NA,NA,23
"Poland","2013",NA,NA,NA,5,8,NA,NA,NA,NA,23
"Poland","2014",NA,NA,NA,5,8,NA,NA,NA,NA,23
"Poland","2015",NA,NA,NA,5,8,NA,NA,NA,NA,23
"Poland","2016",NA,NA,NA,5,8,NA,NA,NA,NA,23
"Poland","2017",NA,NA,NA,5,8,NA,NA,NA,NA,23
"Poland","2018",NA,NA,NA,5,8,NA,NA,NA,NA,23
"Poland","2019",NA,NA,NA,5,8,NA,NA,NA,NA,23
"Poland","2020",NA,NA,NA,5,8,NA,NA,NA,NA,23
"Portugal","1967",NA,NA,NA,NA,NA,NA,NA,NA,NA,NA
"Portugal","1968",NA,NA,NA,NA,NA,NA,NA,NA,NA,NA
"Portugal","1969",NA,NA,NA,NA,NA,NA,NA,NA,NA,NA
"Portugal","1970",NA,NA,NA,NA,NA,NA,NA,NA,NA,NA
"Portugal","1971",NA,NA,NA,NA,NA,NA,NA,NA,NA,NA
"Portugal","1972",NA,NA,NA,NA,NA,NA,NA,NA,NA,NA
"Portugal","1973",NA,NA,NA,NA,NA,NA,NA,NA,NA,NA
"Portugal","1974",NA,NA,NA,NA,NA,NA,NA,NA,NA,NA
"Portugal","1975",NA,NA,NA,NA,NA,NA,NA,NA,NA,NA
"Portugal","1976",NA,NA,NA,NA,NA,NA,NA,NA,NA,NA
"Portugal","1977",NA,NA,NA,NA,NA,NA,NA,NA,NA,NA
"Portugal","1978",NA,NA,NA,NA,NA,NA,NA,NA,NA,NA
"Portugal","1979",NA,NA,NA,NA,NA,NA,NA,NA,NA,NA
"Portugal","1980",NA,NA,NA,NA,NA,NA,NA,NA,NA,NA
"Portugal","1981",NA,NA,NA,NA,NA,NA,NA,NA,NA,NA
"Portugal","1982",NA,NA,NA,NA,NA,NA,NA,NA,NA,NA
"Portugal","1983",NA,NA,NA,NA,NA,NA,NA,NA,NA,NA
"Portugal","1984",NA,NA,NA,NA,NA,NA,NA,NA,NA,NA
"Portugal","1985",NA,NA,NA,NA,NA,NA,NA,NA,NA,NA
"Portugal","1986",30,NA,NA,0,8,NA,NA,NA,NA,16
"Portugal","1987",30,NA,NA,0,8,NA,NA,NA,NA,16
"Portugal","1988",30,NA,NA,0,8,NA,NA,NA,NA,17
"Portugal","1989",30,NA,NA,0,8,NA,NA,NA,NA,17
"Portugal","1990",30,NA,NA,0,8,NA,NA,NA,NA,17
"Portugal","1991",30,NA,NA,0,8,NA,NA,NA,NA,17
"Portugal","1992",30,NA,NA,8,NA,NA,NA,NA,NA,16
"Portugal","1993",30,NA,NA,8,NA,NA,NA,NA,NA,16
"Portugal","1994",30,NA,NA,8,NA,NA,NA,NA,NA,16
"Portugal","1995",NA,NA,NA,5,NA,NA,NA,NA,NA,17
"Portugal","1996",NA,NA,NA,5,12,NA,NA,NA,NA,17
"Portugal","1997",NA,NA,NA,5,12,NA,NA,NA,NA,17
"Portugal","1998",NA,NA,NA,5,12,NA,NA,NA,NA,17
"Portugal","1999",NA,NA,NA,5,12,NA,NA,NA,NA,17
"Portugal","2000",NA,NA,NA,5,12,NA,NA,NA,NA,17
"Portugal","2001",NA,NA,NA,5,12,NA,NA,NA,NA,17
"Portugal","2002",NA,NA,NA,5,12,NA,NA,NA,NA,19
"Portugal","2003",NA,NA,NA,5,12,NA,NA,NA,NA,19
"Portugal","2004",NA,NA,NA,5,12,NA,NA,NA,NA,19
"Portugal","2005",NA,NA,NA,5,12,NA,NA,NA,NA,21
"Portugal","2006",NA,NA,NA,5,12,NA,NA,NA,NA,21
"Portugal","2007",NA,NA,NA,5,12,NA,NA,NA,NA,21
"Portugal","2008",NA,NA,NA,5,12,NA,NA,NA,NA,20
"Portugal","2009",NA,NA,NA,5,12,NA,NA,NA,NA,20
"Portugal","2010",NA,NA,NA,6,13,NA,NA,NA,NA,21
"Portugal","2011",NA,NA,NA,6,13,NA,NA,NA,NA,23
"Portugal","2012",NA,NA,NA,6,13,NA,NA,NA,NA,23
"Portugal","2013",NA,NA,NA,6,13,NA,NA,NA,NA,23
"Portugal","2014",NA,NA,NA,6,13,NA,NA,NA,NA,23
"Portugal","2015",NA,NA,NA,6,13,NA,NA,NA,NA,23
"Portugal","2016",NA,NA,NA,6,13,NA,NA,NA,NA,23
"Portugal","2017",NA,NA,NA,6,13,NA,NA,NA,NA,23
"Portugal","2018",NA,NA,NA,6,13,NA,NA,NA,NA,23
"Portugal","2019",NA,NA,NA,6,13,NA,NA,NA,NA,23
"Portugal","2020",NA,NA,NA,6,13,NA,NA,NA,NA,23
"Slovak Republic","1967",NA,NA,NA,NA,NA,NA,NA,NA,NA,NA
"Slovak Republic","1968",NA,NA,NA,NA,NA,NA,NA,NA,NA,NA
"Slovak Republic","1969",NA,NA,NA,NA,NA,NA,NA,NA,NA,NA
"Slovak Republic","1970",NA,NA,NA,NA,NA,NA,NA,NA,NA,NA
"Slovak Republic","1971",NA,NA,NA,NA,NA,NA,NA,NA,NA,NA
"Slovak Republic","1972",NA,NA,NA,NA,NA,NA,NA,NA,NA,NA
"Slovak Republic","1973",NA,NA,NA,NA,NA,NA,NA,NA,NA,NA
"Slovak Republic","1974",NA,NA,NA,NA,NA,NA,NA,NA,NA,NA
"Slovak Republic","1975",NA,NA,NA,NA,NA,NA,NA,NA,NA,NA
"Slovak Republic","1976",NA,NA,NA,NA,NA,NA,NA,NA,NA,NA
"Slovak Republic","1977",NA,NA,NA,NA,NA,NA,NA,NA,NA,NA
"Slovak Republic","1978",NA,NA,NA,NA,NA,NA,NA,NA,NA,NA
"Slovak Republic","1979",NA,NA,NA,NA,NA,NA,NA,NA,NA,NA
"Slovak Republic","1980",NA,NA,NA,NA,NA,NA,NA,NA,NA,NA
"Slovak Republic","1981",NA,NA,NA,NA,NA,NA,NA,NA,NA,NA
"Slovak Republic","1982",NA,NA,NA,NA,NA,NA,NA,NA,NA,NA
"Slovak Republic","1983",NA,NA,NA,NA,NA,NA,NA,NA,NA,NA
"Slovak Republic","1984",NA,NA,NA,NA,NA,NA,NA,NA,NA,NA
"Slovak Republic","1985",NA,NA,NA,NA,NA,NA,NA,NA,NA,NA
"Slovak Republic","1986",NA,NA,NA,NA,NA,NA,NA,NA,NA,NA
"Slovak Republic","1987",NA,NA,NA,NA,NA,NA,NA,NA,NA,NA
"Slovak Republic","1988",NA,NA,NA,NA,NA,NA,NA,NA,NA,NA
"Slovak Republic","1989",NA,NA,NA,NA,NA,NA,NA,NA,NA,NA
"Slovak Republic","1990",NA,NA,NA,NA,NA,NA,NA,NA,NA,NA
"Slovak Republic","1991",NA,NA,NA,NA,NA,NA,NA,NA,NA,NA
"Slovak Republic","1992",NA,NA,NA,NA,NA,NA,NA,NA,NA,NA
"Slovak Republic","1993",NA,NA,NA,6,NA,NA,NA,NA,NA,25
"Slovak Republic","1994",NA,NA,NA,6,NA,NA,NA,NA,NA,25
"Slovak Republic","1995",NA,NA,NA,6,NA,NA,NA,NA,NA,25
"Slovak Republic","1996",NA,NA,NA,6,NA,NA,NA,NA,NA,23
"Slovak Republic","1997",NA,NA,NA,6,NA,NA,NA,NA,NA,23
"Slovak Republic","1998",NA,NA,NA,6,NA,NA,NA,NA,NA,23
"Slovak Republic","1999",NA,NA,NA,10,NA,NA,NA,NA,NA,23
"Slovak Republic","2000",NA,NA,NA,10,NA,NA,NA,NA,NA,23
"Slovak Republic","2001",NA,NA,NA,10,NA,NA,NA,NA,NA,23
"Slovak Republic","2002",NA,NA,NA,10,NA,NA,NA,NA,NA,23
"Slovak Republic","2003",NA,NA,NA,14,NA,NA,NA,NA,NA,20
"Slovak Republic","2004",NA,NA,NA,NA,NA,NA,NA,NA,NA,19
"Slovak Republic","2005",NA,NA,NA,NA,NA,NA,NA,NA,NA,19
"Slovak Republic","2006",NA,NA,NA,NA,NA,NA,NA,NA,NA,19
"Slovak Republic","2007",NA,NA,NA,10,NA,NA,NA,NA,NA,19
"Slovak Republic","2008",NA,NA,NA,10,NA,NA,NA,NA,NA,19
"Slovak Republic","2009",NA,NA,NA,10,NA,NA,NA,NA,NA,19
"Slovak Republic","2010",NA,NA,NA,6,10,NA,NA,NA,NA,19
"Slovak Republic","2011",NA,NA,NA,10,NA,NA,NA,NA,NA,20
"Slovak Republic","2012",NA,NA,NA,10,NA,NA,NA,NA,NA,20
"Slovak Republic","2013",NA,NA,NA,10,NA,NA,NA,NA,NA,20
"Slovak Republic","2014",NA,NA,NA,10,NA,NA,NA,NA,NA,20
"Slovak Republic","2015",NA,NA,NA,10,NA,NA,NA,NA,NA,20
"Slovak Republic","2016",NA,NA,NA,10,NA,NA,NA,NA,NA,20
"Slovak Republic","2017",NA,NA,NA,10,NA,NA,NA,NA,NA,20
"Slovak Republic","2018",NA,NA,NA,10,NA,NA,NA,NA,NA,20
"Slovak Republic","2019",NA,NA,NA,10,NA,NA,NA,NA,NA,20
"Slovak Republic","2020",NA,NA,NA,10,NA,NA,NA,NA,NA,20
"Slovenia","1967",NA,NA,NA,NA,NA,NA,NA,NA,NA,NA
"Slovenia","1968",NA,NA,NA,NA,NA,NA,NA,NA,NA,NA
"Slovenia","1969",NA,NA,NA,NA,NA,NA,NA,NA,NA,NA
"Slovenia","1970",NA,NA,NA,NA,NA,NA,NA,NA,NA,NA
"Slovenia","1971",NA,NA,NA,NA,NA,NA,NA,NA,NA,NA
"Slovenia","1972",NA,NA,NA,NA,NA,NA,NA,NA,NA,NA
"Slovenia","1973",NA,NA,NA,NA,NA,NA,NA,NA,NA,NA
"Slovenia","1974",NA,NA,NA,NA,NA,NA,NA,NA,NA,NA
"Slovenia","1975",NA,NA,NA,NA,NA,NA,NA,NA,NA,NA
"Slovenia","1976",NA,NA,NA,NA,NA,NA,NA,NA,NA,NA
"Slovenia","1977",NA,NA,NA,NA,NA,NA,NA,NA,NA,NA
"Slovenia","1978",NA,NA,NA,NA,NA,NA,NA,NA,NA,NA
"Slovenia","1979",NA,NA,NA,NA,NA,NA,NA,NA,NA,NA
"Slovenia","1980",NA,NA,NA,NA,NA,NA,NA,NA,NA,NA
"Slovenia","1981",NA,NA,NA,NA,NA,NA,NA,NA,NA,NA
"Slovenia","1982",NA,NA,NA,NA,NA,NA,NA,NA,NA,NA
"Slovenia","1983",NA,NA,NA,NA,NA,NA,NA,NA,NA,NA
"Slovenia","1984",NA,NA,NA,NA,NA,NA,NA,NA,NA,NA
"Slovenia","1985",NA,NA,NA,NA,NA,NA,NA,NA,NA,NA
"Slovenia","1986",NA,NA,NA,NA,NA,NA,NA,NA,NA,NA
"Slovenia","1987",NA,NA,NA,NA,NA,NA,NA,NA,NA,NA
"Slovenia","1988",NA,NA,NA,NA,NA,NA,NA,NA,NA,NA
"Slovenia","1989",NA,NA,NA,NA,NA,NA,NA,NA,NA,NA
"Slovenia","1990",NA,NA,NA,NA,NA,NA,NA,NA,NA,NA
"Slovenia","1991",NA,NA,NA,NA,NA,NA,NA,NA,NA,NA
"Slovenia","1992",NA,NA,NA,NA,NA,NA,NA,NA,NA,NA
"Slovenia","1993",NA,NA,NA,NA,NA,NA,NA,NA,NA,NA
"Slovenia","1994",NA,NA,NA,NA,NA,NA,NA,NA,NA,NA
"Slovenia","1995",NA,NA,NA,NA,NA,NA,NA,NA,NA,NA
"Slovenia","1996",NA,NA,NA,NA,NA,NA,NA,NA,NA,NA
"Slovenia","1997",NA,NA,NA,NA,NA,NA,NA,NA,NA,NA
"Slovenia","1998",NA,NA,NA,NA,NA,NA,NA,NA,NA,NA
"Slovenia","1999",NA,NA,NA,8,NA,NA,NA,NA,NA,19
"Slovenia","2000",NA,NA,NA,8,NA,NA,NA,NA,NA,19
"Slovenia","2001",NA,NA,NA,8,NA,NA,NA,NA,NA,19
"Slovenia","2002",NA,NA,NA,8.5,NA,NA,NA,NA,NA,20
"Slovenia","2003",NA,NA,NA,8.5,NA,NA,NA,NA,NA,20
"Slovenia","2004",NA,NA,NA,8.5,NA,NA,NA,NA,NA,20
"Slovenia","2005",NA,NA,NA,8.5,NA,NA,NA,NA,NA,20
"Slovenia","2006",NA,NA,NA,8.5,NA,NA,NA,NA,NA,20
"Slovenia","2007",NA,NA,NA,8.5,NA,NA,NA,NA,NA,20
"Slovenia","2008",NA,NA,NA,8.5,NA,NA,NA,NA,NA,20
"Slovenia","2009",NA,NA,NA,8.5,NA,NA,NA,NA,NA,20
"Slovenia","2010",NA,NA,NA,8.5,NA,NA,NA,NA,NA,20
"Slovenia","2011",NA,NA,NA,8.5,NA,NA,NA,NA,NA,20
"Slovenia","2012",NA,NA,NA,8.5,NA,NA,NA,NA,NA,20
"Slovenia","2013",NA,NA,NA,9.5,NA,NA,NA,NA,NA,22
"Slovenia","2014",NA,NA,NA,9.5,NA,NA,NA,NA,NA,22
"Slovenia","2015",NA,NA,NA,9.5,NA,NA,NA,NA,NA,22
"Slovenia","2016",NA,NA,NA,9.5,NA,NA,NA,NA,NA,22
"Slovenia","2017",NA,NA,NA,9.5,NA,NA,NA,NA,NA,22
"Slovenia","2018",NA,NA,NA,9.5,NA,NA,NA,NA,NA,22
"Slovenia","2019",NA,NA,NA,9.5,NA,NA,NA,NA,NA,22
"Slovenia","2020",NA,NA,NA,5,9.5,NA,NA,NA,NA,22
"Spain","1967",NA,NA,NA,NA,NA,NA,NA,NA,NA,NA
"Spain","1968",NA,NA,NA,NA,NA,NA,NA,NA,NA,NA
"Spain","1969",NA,NA,NA,NA,NA,NA,NA,NA,NA,NA
"Spain","1970",NA,NA,NA,NA,NA,NA,NA,NA,NA,NA
"Spain","1971",NA,NA,NA,NA,NA,NA,NA,NA,NA,NA
"Spain","1972",NA,NA,NA,NA,NA,NA,NA,NA,NA,NA
"Spain","1973",NA,NA,NA,NA,NA,NA,NA,NA,NA,NA
"Spain","1974",NA,NA,NA,NA,NA,NA,NA,NA,NA,NA
"Spain","1975",NA,NA,NA,NA,NA,NA,NA,NA,NA,NA
"Spain","1976",NA,NA,NA,NA,NA,NA,NA,NA,NA,NA
"Spain","1977",NA,NA,NA,NA,NA,NA,NA,NA,NA,NA
"Spain","1978",NA,NA,NA,NA,NA,NA,NA,NA,NA,NA
"Spain","1979",NA,NA,NA,NA,NA,NA,NA,NA,NA,NA
"Spain","1980",NA,NA,NA,NA,NA,NA,NA,NA,NA,NA
"Spain","1981",NA,NA,NA,NA,NA,NA,NA,NA,NA,NA
"Spain","1982",NA,NA,NA,NA,NA,NA,NA,NA,NA,NA
"Spain","1983",NA,NA,NA,NA,NA,NA,NA,NA,NA,NA
"Spain","1984",NA,NA,NA,NA,NA,NA,NA,NA,NA,NA
"Spain","1985",NA,NA,NA,NA,NA,NA,NA,NA,NA,NA
"Spain","1986",33,NA,NA,6,NA,NA,NA,NA,NA,12
"Spain","1987",33,NA,NA,6,NA,NA,NA,NA,NA,12
"Spain","1988",33,NA,NA,6,NA,NA,NA,NA,NA,12
"Spain","1989",33,NA,NA,6,NA,NA,NA,NA,NA,12
"Spain","1990",33,NA,NA,6,NA,NA,NA,NA,NA,12
"Spain","1991",33,NA,NA,6,NA,NA,NA,NA,NA,12
"Spain","1992",28,NA,NA,6,NA,NA,NA,NA,NA,15
"Spain","1993",NA,NA,NA,3,6,NA,NA,NA,NA,15
"Spain","1994",NA,NA,NA,3,6,NA,NA,NA,NA,15
"Spain","1995",NA,NA,NA,4,7,NA,NA,NA,NA,16
"Spain","1996",NA,NA,NA,4,7,NA,NA,NA,NA,16
"Spain","1997",NA,NA,NA,4,7,NA,NA,NA,NA,16
"Spain","1998",NA,NA,NA,4,7,NA,NA,NA,NA,16
"Spain","1999",NA,NA,NA,4,7,NA,NA,NA,NA,16
"Spain","2000",NA,NA,NA,4,7,NA,NA,NA,NA,16
"Spain","2001",NA,NA,NA,4,7,NA,NA,NA,NA,16
"Spain","2002",NA,NA,NA,4,7,NA,NA,NA,NA,16
"Spain","2003",NA,NA,NA,4,7,NA,NA,NA,NA,16
"Spain","2004",NA,NA,NA,4,7,NA,NA,NA,NA,16
"Spain","2005",NA,NA,NA,4,7,NA,NA,NA,NA,16
"Spain","2006",NA,NA,NA,4,7,NA,NA,NA,NA,16
"Spain","2007",NA,NA,NA,4,7,NA,NA,NA,NA,16
"Spain","2008",NA,NA,NA,4,7,NA,NA,NA,NA,16
"Spain","2009",NA,NA,NA,4,7,NA,NA,NA,NA,16
"Spain","2010",NA,NA,NA,4,8,NA,NA,NA,NA,18
"Spain","2011",NA,NA,NA,4,8,NA,NA,NA,NA,18
"Spain","2012",NA,NA,NA,4,10,NA,NA,NA,NA,21
"Spain","2013",NA,NA,NA,4,10,NA,NA,NA,NA,21
"Spain","2014",NA,NA,NA,4,10,NA,NA,NA,NA,21
"Spain","2015",NA,NA,NA,4,10,NA,NA,NA,NA,21
"Spain","2016",NA,NA,NA,4,10,NA,NA,NA,NA,21
"Spain","2017",NA,NA,NA,4,10,NA,NA,NA,NA,21
"Spain","2018",NA,NA,NA,4,10,NA,NA,NA,NA,21
"Spain","2019",NA,NA,NA,4,10,NA,NA,NA,NA,21
"Spain","2020",NA,NA,NA,4,10,NA,NA,NA,NA,21
"Sweden","1967",NA,NA,NA,NA,NA,NA,NA,NA,NA,NA
"Sweden","1968",NA,NA,NA,NA,NA,NA,NA,NA,NA,NA
"Sweden","1969",NA,NA,NA,6.38,2.04,NA,NA,NA,NA,11.11
"Sweden","1970",NA,NA,NA,6.38,2.04,NA,NA,NA,NA,11.11
"Sweden","1971",NA,NA,NA,9.89,3.09,NA,NA,NA,NA,17.65
"Sweden","1972",NA,NA,NA,9.89,3.09,NA,NA,NA,NA,17.65
"Sweden","1973",NA,NA,NA,9.89,3.09,NA,NA,NA,NA,17.65
"Sweden","1974",NA,NA,NA,9.89,3.09,NA,NA,NA,NA,17.65
"Sweden","1975",NA,NA,NA,9.89,3.09,NA,NA,NA,NA,17.65
"Sweden","1976",NA,NA,NA,9.89,3.09,NA,NA,NA,NA,17.65
"Sweden","1977",NA,NA,NA,11.43,3.54,NA,NA,NA,NA,20.63
"Sweden","1978",NA,NA,NA,11.43,3.54,NA,NA,NA,NA,20.63
"Sweden","1979",NA,NA,NA,11.43,3.54,NA,NA,NA,NA,20.63
"Sweden","1980",NA,NA,NA,12.87,3.95,NA,NA,NA,NA,23.46
"Sweden","1981",NA,NA,NA,11.88,3.67,NA,NA,NA,NA,21.51
"Sweden","1982",NA,NA,NA,11.88,3.67,NA,NA,NA,NA,21.51
"Sweden","1983",NA,NA,NA,12.87,3.95,NA,NA,NA,NA,23.46
"Sweden","1984",NA,NA,NA,12.87,3.95,NA,NA,NA,NA,23.46
"Sweden","1985",NA,NA,NA,12.87,3.95,NA,NA,NA,NA,23.46
"Sweden","1986",NA,NA,NA,12.87,3.95,NA,NA,NA,NA,23.46
"Sweden","1987",NA,NA,NA,12.87,3.95,NA,NA,NA,NA,23.46
"Sweden","1988",NA,NA,NA,12.87,3.95,NA,NA,NA,NA,23.46
"Sweden","1989",NA,NA,NA,12.87,3.95,NA,NA,NA,NA,23.46
"Sweden","1990",NA,NA,NA,13.64,4.17,NA,NA,NA,NA,25
"Sweden","1991",NA,NA,NA,13.64,4.17,NA,NA,NA,NA,25
"Sweden","1992",NA,NA,NA,18,NA,NA,NA,NA,NA,25
"Sweden","1993",NA,NA,NA,12,21,NA,NA,NA,NA,25
"Sweden","1994",NA,NA,NA,12,21,NA,NA,NA,NA,25
"Sweden","1995",NA,NA,NA,12,21,NA,NA,NA,NA,25
"Sweden","1996",NA,NA,NA,0,6,12,NA,NA,NA,25
"Sweden","1997",NA,NA,NA,0,6,12,NA,NA,NA,25
"Sweden","1998",NA,NA,NA,0,6,12,NA,NA,NA,25
"Sweden","1999",NA,NA,NA,0,6,12,NA,NA,NA,25
"Sweden","2000",NA,NA,NA,0,6,12,NA,NA,NA,25
"Sweden","2001",NA,NA,NA,0,6,12,NA,NA,NA,25
"Sweden","2002",NA,NA,NA,0,6,12,NA,NA,NA,25
"Sweden","2003",NA,NA,NA,0,6,12,NA,NA,NA,25
"Sweden","2004",NA,NA,NA,0,6,12,NA,NA,NA,25
"Sweden","2005",NA,NA,NA,0,6,12,NA,NA,NA,25
"Sweden","2006",NA,NA,NA,0,6,12,NA,NA,NA,25
"Sweden","2007",NA,NA,NA,0,6,12,NA,NA,NA,25
"Sweden","2008",NA,NA,NA,0,6,12,NA,NA,NA,25
"Sweden","2009",NA,NA,NA,0,6,12,NA,NA,NA,25
"Sweden","2010",NA,NA,NA,0,6,12,NA,NA,NA,25
"Sweden","2011",NA,NA,NA,0,6,12,NA,NA,NA,25
"Sweden","2012",NA,NA,NA,0,6,12,NA,NA,NA,25
"Sweden","2013",NA,NA,NA,0,6,12,NA,NA,NA,25
"Sweden","2014",NA,NA,NA,0,6,12,NA,NA,NA,25
"Sweden","2015",NA,NA,NA,0,6,12,NA,NA,NA,25
"Sweden","2016",NA,NA,NA,0,6,12,NA,NA,NA,25
"Sweden","2017",NA,NA,NA,0,6,12,NA,NA,NA,25
"Sweden","2018",NA,NA,NA,0,6,12,NA,NA,NA,25
"Sweden","2019",NA,NA,NA,0,6,12,NA,NA,NA,25
"Sweden","2020",NA,NA,NA,0,6,12,NA,NA,NA,25
"Switzerland","1967",NA,NA,NA,NA,NA,NA,NA,NA,NA,NA
"Switzerland","1968",NA,NA,NA,NA,NA,NA,NA,NA,NA,NA
"Switzerland","1969",NA,NA,NA,NA,NA,NA,NA,NA,NA,NA
"Switzerland","1970",NA,NA,NA,NA,NA,NA,NA,NA,NA,NA
"Switzerland","1971",NA,NA,NA,NA,NA,NA,NA,NA,NA,NA
"Switzerland","1972",NA,NA,NA,NA,NA,NA,NA,NA,NA,NA
"Switzerland","1973",NA,NA,NA,NA,NA,NA,NA,NA,NA,NA
"Switzerland","1974",NA,NA,NA,NA,NA,NA,NA,NA,NA,NA
"Switzerland","1975",NA,NA,NA,NA,NA,NA,NA,NA,NA,NA
"Switzerland","1976",NA,NA,NA,NA,NA,NA,NA,NA,NA,NA
"Switzerland","1977",NA,NA,NA,NA,NA,NA,NA,NA,NA,NA
"Switzerland","1978",NA,NA,NA,NA,NA,NA,NA,NA,NA,NA
"Switzerland","1979",NA,NA,NA,NA,NA,NA,NA,NA,NA,NA
"Switzerland","1980",NA,NA,NA,NA,NA,NA,NA,NA,NA,NA
"Switzerland","1981",NA,NA,NA,NA,NA,NA,NA,NA,NA,NA
"Switzerland","1982",NA,NA,NA,NA,NA,NA,NA,NA,NA,NA
"Switzerland","1983",NA,NA,NA,NA,NA,NA,NA,NA,NA,NA
"Switzerland","1984",NA,NA,NA,NA,NA,NA,NA,NA,NA,NA
"Switzerland","1985",NA,NA,NA,NA,NA,NA,NA,NA,NA,NA
"Switzerland","1986",NA,NA,NA,NA,NA,NA,NA,NA,NA,NA
"Switzerland","1987",NA,NA,NA,NA,NA,NA,NA,NA,NA,NA
"Switzerland","1988",NA,NA,NA,NA,NA,NA,NA,NA,NA,NA
"Switzerland","1989",NA,NA,NA,NA,NA,NA,NA,NA,NA,NA
"Switzerland","1990",NA,NA,NA,NA,NA,NA,NA,NA,NA,NA
"Switzerland","1991",NA,NA,NA,NA,NA,NA,NA,NA,NA,NA
"Switzerland","1992",NA,NA,NA,NA,NA,NA,NA,NA,NA,NA
"Switzerland","1993",NA,NA,NA,NA,NA,NA,NA,NA,NA,NA
"Switzerland","1994",NA,NA,NA,NA,NA,NA,NA,NA,NA,NA
"Switzerland","1995",NA,NA,NA,2,NA,NA,NA,NA,NA,6.5
"Switzerland","1996",NA,NA,NA,2,3,NA,NA,NA,NA,6.5
"Switzerland","1997",NA,NA,NA,2,3,NA,NA,NA,NA,6.5
"Switzerland","1998",NA,NA,NA,0,2,3,NA,NA,NA,7.5
"Switzerland","1999",NA,NA,NA,0,2.3,3.5,NA,NA,NA,7.5
"Switzerland","2000",NA,NA,NA,0,2.3,3.5,NA,NA,NA,7.5
"Switzerland","2001",NA,NA,NA,0,2.4,3.6,NA,NA,NA,7.6
"Switzerland","2002",NA,NA,NA,0,2.4,3.6,NA,NA,NA,7.6
"Switzerland","2003",NA,NA,NA,0,2.4,3.6,NA,NA,NA,7.6
"Switzerland","2004",NA,NA,NA,0,2.4,3.6,NA,NA,NA,7.6
"Switzerland","2005",NA,NA,NA,0,2.4,3.6,NA,NA,NA,7.6
"Switzerland","2006",NA,NA,NA,0,2.4,3.6,NA,NA,NA,7.6
"Switzerland","2007",NA,NA,NA,0,2.4,3.6,NA,NA,NA,7.6
"Switzerland","2008",NA,NA,NA,0,2.4,3.6,NA,NA,NA,7.6
"Switzerland","2009",NA,NA,NA,0,2.4,3.6,NA,NA,NA,7.6
"Switzerland","2010",NA,NA,NA,0,2.4,3.6,NA,NA,NA,7.6
"Switzerland","2011",NA,NA,NA,0,2.5,3.8,NA,NA,NA,8
"Switzerland","2012",NA,NA,NA,0,2.5,3.8,NA,NA,NA,8
"Switzerland","2013",NA,NA,NA,0,2.5,3.8,NA,NA,NA,8
"Switzerland","2014",NA,NA,NA,0,2.5,3.8,NA,NA,NA,8
"Switzerland","2015",NA,NA,NA,0,2.5,3.8,NA,NA,NA,8
"Switzerland","2016",NA,NA,NA,0,2.5,3.8,NA,NA,NA,8
"Switzerland","2017",NA,NA,NA,0,2.5,3.8,NA,NA,NA,8
"Switzerland","2018",NA,NA,NA,0,2.5,3.7,NA,NA,NA,7.7
"Switzerland","2019",NA,NA,NA,0,2.5,3.7,NA,NA,NA,7.7
"Switzerland","2020",NA,NA,NA,0,2.5,3.7,NA,NA,NA,7.7
"Turkey","1967",NA,NA,NA,NA,NA,NA,NA,NA,NA,NA
"Turkey","1968",NA,NA,NA,NA,NA,NA,NA,NA,NA,NA
"Turkey","1969",NA,NA,NA,NA,NA,NA,NA,NA,NA,NA
"Turkey","1970",NA,NA,NA,NA,NA,NA,NA,NA,NA,NA
"Turkey","1971",NA,NA,NA,NA,NA,NA,NA,NA,NA,NA
"Turkey","1972",NA,NA,NA,NA,NA,NA,NA,NA,NA,NA
"Turkey","1973",NA,NA,NA,NA,NA,NA,NA,NA,NA,NA
"Turkey","1974",NA,NA,NA,NA,NA,NA,NA,NA,NA,NA
"Turkey","1975",NA,NA,NA,NA,NA,NA,NA,NA,NA,NA
"Turkey","1976",NA,NA,NA,NA,NA,NA,NA,NA,NA,NA
"Turkey","1977",NA,NA,NA,NA,NA,NA,NA,NA,NA,NA
"Turkey","1978",NA,NA,NA,NA,NA,NA,NA,NA,NA,NA
"Turkey","1979",NA,NA,NA,NA,NA,NA,NA,NA,NA,NA
"Turkey","1980",NA,NA,NA,NA,NA,NA,NA,NA,NA,NA
"Turkey","1981",NA,NA,NA,NA,NA,NA,NA,NA,NA,NA
"Turkey","1982",NA,NA,NA,NA,NA,NA,NA,NA,NA,NA
"Turkey","1983",NA,NA,NA,NA,NA,NA,NA,NA,NA,NA
"Turkey","1984",NA,NA,NA,NA,NA,NA,NA,NA,NA,NA
"Turkey","1985",NA,NA,NA,NA,NA,NA,NA,NA,NA,10
"Turkey","1986",NA,NA,NA,0,1,5,NA,NA,NA,12
"Turkey","1987",NA,NA,NA,0,1,5,NA,NA,NA,12
"Turkey","1988",15,NA,NA,1,3,5,NA,NA,NA,10
"Turkey","1989",15,NA,NA,1,3,5,NA,NA,NA,10
"Turkey","1990",20,NA,NA,1,6,NA,NA,NA,NA,12
"Turkey","1991",20,NA,NA,1,6,NA,NA,NA,NA,12
"Turkey","1992",13,20,NA,1,6,NA,NA,NA,NA,12
"Turkey","1993",23,NA,NA,1,8,NA,NA,NA,NA,15
"Turkey","1994",23,NA,NA,1,8,NA,NA,NA,NA,15
"Turkey","1995",23,NA,NA,1,8,NA,NA,NA,NA,15
"Turkey","1996",23,40,NA,1,8,NA,NA,NA,NA,15
"Turkey","1997",23,40,NA,1,8,NA,NA,NA,NA,15
"Turkey","1998",23,40,NA,1,8,NA,NA,NA,NA,15
"Turkey","1999",25,40,NA,1,8,NA,NA,NA,NA,17
"Turkey","2000",25,40,NA,1,8,NA,NA,NA,NA,17
"Turkey","2001",26,40,NA,1,8,NA,NA,NA,NA,18
"Turkey","2002",NA,NA,NA,1,8,NA,NA,NA,NA,18
"Turkey","2003",NA,NA,NA,1,8,NA,NA,NA,NA,18
"Turkey","2004",NA,NA,NA,1,8,NA,NA,NA,NA,18
"Turkey","2005",NA,NA,NA,1,8,NA,NA,NA,NA,18
"Turkey","2006",NA,NA,NA,1,8,NA,NA,NA,NA,18
"Turkey","2007",NA,NA,NA,1,8,NA,NA,NA,NA,18
"Turkey","2008",NA,NA,NA,1,8,NA,NA,NA,NA,18
"Turkey","2009",NA,NA,NA,1,8,NA,NA,NA,NA,18
"Turkey","2010",NA,NA,NA,1,8,NA,NA,NA,NA,18
"Turkey","2011",NA,NA,NA,1,8,NA,NA,NA,NA,18
"Turkey","2012",NA,NA,NA,1,8,NA,NA,NA,NA,18
"Turkey","2013",NA,NA,NA,1,8,NA,NA,NA,NA,18
"Turkey","2014",NA,NA,NA,1,8,NA,NA,NA,NA,18
"Turkey","2015",NA,NA,NA,1,8,NA,NA,NA,NA,18
"Turkey","2016",NA,NA,NA,1,8,NA,NA,NA,NA,18
"Turkey","2017",NA,NA,NA,1,8,NA,NA,NA,NA,18
"Turkey","2018",NA,NA,NA,1,8,NA,NA,NA,NA,18
"Turkey","2019",NA,NA,NA,1,8,NA,NA,NA,NA,18
"Turkey","2020",NA,NA,NA,1,8,NA,NA,NA,NA,18
"United Kingdom","1967",NA,NA,NA,NA,NA,NA,NA,NA,NA,NA
"United Kingdom","1968",NA,NA,NA,NA,NA,NA,NA,NA,NA,NA
"United Kingdom","1969",NA,NA,NA,NA,NA,NA,NA,NA,NA,NA
"United Kingdom","1970",NA,NA,NA,NA,NA,NA,NA,NA,NA,NA
"United Kingdom","1971",NA,NA,NA,NA,NA,NA,NA,NA,NA,NA
"United Kingdom","1972",NA,NA,NA,NA,NA,NA,NA,NA,NA,NA
"United Kingdom","1973",NA,NA,NA,0,NA,NA,NA,NA,NA,10
"United Kingdom","1974",25,NA,NA,0,NA,NA,NA,NA,NA,8
"United Kingdom","1975",25,NA,NA,0,NA,NA,NA,NA,NA,8
"United Kingdom","1976",12.5,NA,NA,0,NA,NA,NA,NA,NA,8
"United Kingdom","1977",12.5,NA,NA,0,NA,NA,NA,NA,NA,8
"United Kingdom","1978",12.5,NA,NA,0,NA,NA,NA,NA,NA,8
"United Kingdom","1979",NA,NA,NA,0,NA,NA,NA,NA,NA,15
"United Kingdom","1980",NA,NA,NA,0,NA,NA,NA,NA,NA,15
"United Kingdom","1981",NA,NA,NA,0,NA,NA,NA,NA,NA,15
"United Kingdom","1982",NA,NA,NA,0,NA,NA,NA,NA,NA,15
"United Kingdom","1983",NA,NA,NA,0,NA,NA,NA,NA,NA,15
"United Kingdom","1984",NA,NA,NA,0,NA,NA,NA,NA,NA,15
"United Kingdom","1985",NA,NA,NA,0,NA,NA,NA,NA,NA,15
"United Kingdom","1986",NA,NA,NA,0,NA,NA,NA,NA,NA,15
"United Kingdom","1987",NA,NA,NA,0,NA,NA,NA,NA,NA,15
"United Kingdom","1988",NA,NA,NA,0,NA,NA,NA,NA,NA,15
"United Kingdom","1989",NA,NA,NA,0,NA,NA,NA,NA,NA,15
"United Kingdom","1990",NA,NA,NA,0,NA,NA,NA,NA,NA,15
"United Kingdom","1991",NA,NA,NA,0,NA,NA,NA,NA,NA,17.5
"United Kingdom","1992",NA,NA,NA,0,NA,NA,NA,NA,NA,17.5
"United Kingdom","1993",NA,NA,NA,0,NA,NA,NA,NA,NA,17.5
"United Kingdom","1994",NA,NA,NA,0,NA,NA,NA,NA,NA,17.5
"United Kingdom","1995",NA,NA,NA,0,8,NA,NA,NA,NA,17.5
"United Kingdom","1996",NA,NA,NA,0,8,NA,NA,NA,NA,17.5
"United Kingdom","1997",NA,NA,NA,0,5,NA,NA,NA,NA,17.5
"United Kingdom","1998",NA,NA,NA,0,5,NA,NA,NA,NA,17.5
"United Kingdom","1999",NA,NA,NA,0,5,NA,NA,NA,NA,17.5
"United Kingdom","2000",NA,NA,NA,0,5,NA,NA,NA,NA,17.5
"United Kingdom","2001",NA,NA,NA,0,5,NA,NA,NA,NA,17.5
"United Kingdom","2002",NA,NA,NA,0,5,NA,NA,NA,NA,17.5
"United Kingdom","2003",NA,NA,NA,0,5,NA,NA,NA,NA,17.5
"United Kingdom","2004",NA,NA,NA,0,5,NA,NA,NA,NA,17.5
"United Kingdom","2005",NA,NA,NA,0,5,NA,NA,NA,NA,17.5
"United Kingdom","2006",NA,NA,NA,0,5,NA,NA,NA,NA,17.5
"United Kingdom","2007",NA,NA,NA,0,5,NA,NA,NA,NA,17.5
"United Kingdom","2008",NA,NA,NA,0,5,NA,NA,NA,NA,15
"United Kingdom","2009",NA,NA,NA,0,5,NA,NA,NA,NA,15
"United Kingdom","2010",NA,NA,NA,0,5,NA,NA,NA,NA,17.5
"United Kingdom","2011",NA,NA,NA,0,5,NA,NA,NA,NA,20
"United Kingdom","2012",NA,NA,NA,0,5,NA,NA,NA,NA,20
"United Kingdom","2013",NA,NA,NA,0,5,NA,NA,NA,NA,20
"United Kingdom","2014",NA,NA,NA,0,5,NA,NA,NA,NA,20
"United Kingdom","2015",NA,NA,NA,0,5,NA,NA,NA,NA,20
"United Kingdom","2016",NA,NA,NA,0,5,NA,NA,NA,NA,20
"United Kingdom","2017",NA,NA,NA,0,5,NA,NA,NA,NA,20
"United Kingdom","2018",NA,NA,NA,0,5,NA,NA,NA,NA,20
"United Kingdom","2019",NA,NA,NA,0,5,NA,NA,NA,NA,20
"United Kingdom","2020",NA,NA,NA,0,5,NA,NA,NA,NA,20
