"country","category","year","rate"
"Australia","Standard rate","1967",NA
"Finland","Standard rate","1967",NA
"France","Standard rate","1967",NA
"Germany","Standard rate","1967",NA
"Greece","Standard rate","1967",NA
"Hungary","Standard rate","1967",NA
"Iceland","Standard rate","1967",NA
"Ireland","Standard rate","1967",NA
"Israel","Standard rate","1967",NA
"Italy","Standard rate","1967",NA
"Japan","Standard rate","1967",NA
"Austria","Standard rate","1967",NA
"Korea","Standard rate","1967",NA
"Latvia","Standard rate","1967",NA
"Lithuania","Standard rate","1967",NA
"Luxembourg","Standard rate","1967",NA
"Mexico","Standard rate","1967",NA
"Netherlands","Standard rate","1967",NA
"New Zealand","Standard rate","1967",NA
"Norway","Standard rate","1967",NA
"Poland","Standard rate","1967",NA
"Portugal","Standard rate","1967",NA
"Belgium","Standard rate","1967",NA
"Slovak Republic","Standard rate","1967",NA
"Slovenia","Standard rate","1967",NA
"Spain","Standard rate","1967",NA
"Sweden","Standard rate","1967",NA
"Switzerland","Standard rate","1967",NA
"Turkey","Standard rate","1967",NA
"United Kingdom","Standard rate","1967",NA
"Canada","Standard rate","1967",NA
"Chile","Standard rate","1967",NA
"Colombia","Standard rate","1967",NA
"Czech Republic","Standard rate","1967",NA
"Denmark","Standard rate","1967",10
"Estonia","Standard rate","1967",NA
"Australia","Standard rate","1968",NA
"Finland","Standard rate","1968",NA
"France","Standard rate","1968",19
"Germany","Standard rate","1968",11
"Greece","Standard rate","1968",NA
"Hungary","Standard rate","1968",NA
"Iceland","Standard rate","1968",NA
"Ireland","Standard rate","1968",NA
"Israel","Standard rate","1968",NA
"Italy","Standard rate","1968",NA
"Japan","Standard rate","1968",NA
"Austria","Standard rate","1968",NA
"Korea","Standard rate","1968",NA
"Latvia","Standard rate","1968",NA
"Lithuania","Standard rate","1968",NA
"Luxembourg","Standard rate","1968",NA
"Mexico","Standard rate","1968",NA
"Netherlands","Standard rate","1968",NA
"New Zealand","Standard rate","1968",NA
"Norway","Standard rate","1968",NA
"Poland","Standard rate","1968",NA
"Portugal","Standard rate","1968",NA
"Belgium","Standard rate","1968",NA
"Slovak Republic","Standard rate","1968",NA
"Slovenia","Standard rate","1968",NA
"Spain","Standard rate","1968",NA
"Sweden","Standard rate","1968",NA
"Switzerland","Standard rate","1968",NA
"Turkey","Standard rate","1968",NA
"United Kingdom","Standard rate","1968",NA
"Canada","Standard rate","1968",NA
"Chile","Standard rate","1968",NA
"Colombia","Standard rate","1968",NA
"Czech Republic","Standard rate","1968",NA
"Denmark","Standard rate","1968",12.5
"Estonia","Standard rate","1968",NA
"Australia","Standard rate","1969",NA
"Finland","Standard rate","1969",NA
"France","Standard rate","1969",19
"Germany","Standard rate","1969",11
"Greece","Standard rate","1969",NA
"Hungary","Standard rate","1969",NA
"Iceland","Standard rate","1969",NA
"Ireland","Standard rate","1969",NA
"Israel","Standard rate","1969",NA
"Italy","Standard rate","1969",NA
"Japan","Standard rate","1969",NA
"Austria","Standard rate","1969",NA
"Korea","Standard rate","1969",NA
"Latvia","Standard rate","1969",NA
"Lithuania","Standard rate","1969",NA
"Luxembourg","Standard rate","1969",NA
"Mexico","Standard rate","1969",NA
"Netherlands","Standard rate","1969",12
"New Zealand","Standard rate","1969",NA
"Norway","Standard rate","1969",NA
"Poland","Standard rate","1969",NA
"Portugal","Standard rate","1969",NA
"Belgium","Standard rate","1969",NA
"Slovak Republic","Standard rate","1969",NA
"Slovenia","Standard rate","1969",NA
"Spain","Standard rate","1969",NA
"Sweden","Standard rate","1969",11.11
"Switzerland","Standard rate","1969",NA
"Turkey","Standard rate","1969",NA
"United Kingdom","Standard rate","1969",NA
"Canada","Standard rate","1969",NA
"Chile","Standard rate","1969",NA
"Colombia","Standard rate","1969",NA
"Czech Republic","Standard rate","1969",NA
"Denmark","Standard rate","1969",12.5
"Estonia","Standard rate","1969",NA
"Australia","Standard rate","1970",NA
"Finland","Standard rate","1970",NA
"France","Standard rate","1970",23
"Germany","Standard rate","1970",11
"Greece","Standard rate","1970",NA
"Hungary","Standard rate","1970",NA
"Iceland","Standard rate","1970",NA
"Ireland","Standard rate","1970",NA
"Israel","Standard rate","1970",NA
"Italy","Standard rate","1970",NA
"Japan","Standard rate","1970",NA
"Austria","Standard rate","1970",NA
"Korea","Standard rate","1970",NA
"Latvia","Standard rate","1970",NA
"Lithuania","Standard rate","1970",NA
"Luxembourg","Standard rate","1970",8
"Mexico","Standard rate","1970",NA
"Netherlands","Standard rate","1970",12
"New Zealand","Standard rate","1970",NA
"Norway","Standard rate","1970",20
"Poland","Standard rate","1970",NA
"Portugal","Standard rate","1970",NA
"Belgium","Standard rate","1970",NA
"Slovak Republic","Standard rate","1970",NA
"Slovenia","Standard rate","1970",NA
"Spain","Standard rate","1970",NA
"Sweden","Standard rate","1970",11.11
"Switzerland","Standard rate","1970",NA
"Turkey","Standard rate","1970",NA
"United Kingdom","Standard rate","1970",NA
"Canada","Standard rate","1970",NA
"Chile","Standard rate","1970",NA
"Colombia","Standard rate","1970",NA
"Czech Republic","Standard rate","1970",NA
"Denmark","Standard rate","1970",15
"Estonia","Standard rate","1970",NA
"Australia","Standard rate","1971",NA
"Finland","Standard rate","1971",NA
"France","Standard rate","1971",23
"Germany","Standard rate","1971",11
"Greece","Standard rate","1971",NA
"Hungary","Standard rate","1971",NA
"Iceland","Standard rate","1971",NA
"Ireland","Standard rate","1971",NA
"Israel","Standard rate","1971",NA
"Italy","Standard rate","1971",NA
"Japan","Standard rate","1971",NA
"Austria","Standard rate","1971",NA
"Korea","Standard rate","1971",NA
"Latvia","Standard rate","1971",NA
"Lithuania","Standard rate","1971",NA
"Luxembourg","Standard rate","1971",10
"Mexico","Standard rate","1971",NA
"Netherlands","Standard rate","1971",14
"New Zealand","Standard rate","1971",NA
"Norway","Standard rate","1971",20
"Poland","Standard rate","1971",NA
"Portugal","Standard rate","1971",NA
"Belgium","Standard rate","1971",18
"Slovak Republic","Standard rate","1971",NA
"Slovenia","Standard rate","1971",NA
"Spain","Standard rate","1971",NA
"Sweden","Standard rate","1971",17.65
"Switzerland","Standard rate","1971",NA
"Turkey","Standard rate","1971",NA
"United Kingdom","Standard rate","1971",NA
"Canada","Standard rate","1971",NA
"Chile","Standard rate","1971",NA
"Colombia","Standard rate","1971",NA
"Czech Republic","Standard rate","1971",NA
"Denmark","Standard rate","1971",15
"Estonia","Standard rate","1971",NA
"Australia","Standard rate","1972",NA
"Finland","Standard rate","1972",NA
"France","Standard rate","1972",23
"Germany","Standard rate","1972",11
"Greece","Standard rate","1972",NA
"Hungary","Standard rate","1972",NA
"Iceland","Standard rate","1972",NA
"Ireland","Standard rate","1972",16.37
"Israel","Standard rate","1972",NA
"Italy","Standard rate","1972",NA
"Japan","Standard rate","1972",NA
"Austria","Standard rate","1972",NA
"Korea","Standard rate","1972",NA
"Latvia","Standard rate","1972",NA
"Lithuania","Standard rate","1972",NA
"Luxembourg","Standard rate","1972",10
"Mexico","Standard rate","1972",NA
"Netherlands","Standard rate","1972",14
"New Zealand","Standard rate","1972",NA
"Norway","Standard rate","1972",20
"Poland","Standard rate","1972",NA
"Portugal","Standard rate","1972",NA
"Belgium","Standard rate","1972",18
"Slovak Republic","Standard rate","1972",NA
"Slovenia","Standard rate","1972",NA
"Spain","Standard rate","1972",NA
"Sweden","Standard rate","1972",17.65
"Switzerland","Standard rate","1972",NA
"Turkey","Standard rate","1972",NA
"United Kingdom","Standard rate","1972",NA
"Canada","Standard rate","1972",NA
"Chile","Standard rate","1972",NA
"Colombia","Standard rate","1972",NA
"Czech Republic","Standard rate","1972",NA
"Denmark","Standard rate","1972",15
"Estonia","Standard rate","1972",NA
"Australia","Standard rate","1973",NA
"Finland","Standard rate","1973",NA
"France","Standard rate","1973",20
"Germany","Standard rate","1973",11
"Greece","Standard rate","1973",NA
"Hungary","Standard rate","1973",NA
"Iceland","Standard rate","1973",NA
"Ireland","Standard rate","1973",19.5
"Israel","Standard rate","1973",NA
"Italy","Standard rate","1973",12
"Japan","Standard rate","1973",NA
"Austria","Standard rate","1973",16
"Korea","Standard rate","1973",NA
"Latvia","Standard rate","1973",NA
"Lithuania","Standard rate","1973",NA
"Luxembourg","Standard rate","1973",10
"Mexico","Standard rate","1973",NA
"Netherlands","Standard rate","1973",16
"New Zealand","Standard rate","1973",NA
"Norway","Standard rate","1973",20
"Poland","Standard rate","1973",NA
"Portugal","Standard rate","1973",NA
"Belgium","Standard rate","1973",18
"Slovak Republic","Standard rate","1973",NA
"Slovenia","Standard rate","1973",NA
"Spain","Standard rate","1973",NA
"Sweden","Standard rate","1973",17.65
"Switzerland","Standard rate","1973",NA
"Turkey","Standard rate","1973",NA
"United Kingdom","Standard rate","1973",10
"Canada","Standard rate","1973",NA
"Chile","Standard rate","1973",NA
"Colombia","Standard rate","1973",NA
"Czech Republic","Standard rate","1973",NA
"Denmark","Standard rate","1973",15
"Estonia","Standard rate","1973",NA
"Australia","Standard rate","1974",NA
"Finland","Standard rate","1974",NA
"France","Standard rate","1974",20
"Germany","Standard rate","1974",11
"Greece","Standard rate","1974",NA
"Hungary","Standard rate","1974",NA
"Iceland","Standard rate","1974",NA
"Ireland","Standard rate","1974",19.5
"Israel","Standard rate","1974",NA
"Italy","Standard rate","1974",12
"Japan","Standard rate","1974",NA
"Austria","Standard rate","1974",16
"Korea","Standard rate","1974",NA
"Latvia","Standard rate","1974",NA
"Lithuania","Standard rate","1974",NA
"Luxembourg","Standard rate","1974",10
"Mexico","Standard rate","1974",NA
"Netherlands","Standard rate","1974",16
"New Zealand","Standard rate","1974",NA
"Norway","Standard rate","1974",20
"Poland","Standard rate","1974",NA
"Portugal","Standard rate","1974",NA
"Belgium","Standard rate","1974",18
"Slovak Republic","Standard rate","1974",NA
"Slovenia","Standard rate","1974",NA
"Spain","Standard rate","1974",NA
"Sweden","Standard rate","1974",17.65
"Switzerland","Standard rate","1974",NA
"Turkey","Standard rate","1974",NA
"United Kingdom","Standard rate","1974",8
"Canada","Standard rate","1974",NA
"Chile","Standard rate","1974",NA
"Colombia","Standard rate","1974",NA
"Czech Republic","Standard rate","1974",NA
"Denmark","Standard rate","1974",15
"Estonia","Standard rate","1974",NA
"Australia","Standard rate","1975",NA
"Finland","Standard rate","1975",NA
"France","Standard rate","1975",20
"Germany","Standard rate","1975",11
"Greece","Standard rate","1975",NA
"Hungary","Standard rate","1975",NA
"Iceland","Standard rate","1975",NA
"Ireland","Standard rate","1975",19.5
"Israel","Standard rate","1975",NA
"Italy","Standard rate","1975",12
"Japan","Standard rate","1975",NA
"Austria","Standard rate","1975",16
"Korea","Standard rate","1975",NA
"Latvia","Standard rate","1975",NA
"Lithuania","Standard rate","1975",NA
"Luxembourg","Standard rate","1975",10
"Mexico","Standard rate","1975",NA
"Netherlands","Standard rate","1975",16
"New Zealand","Standard rate","1975",NA
"Norway","Standard rate","1975",20
"Poland","Standard rate","1975",NA
"Portugal","Standard rate","1975",NA
"Belgium","Standard rate","1975",18
"Slovak Republic","Standard rate","1975",NA
"Slovenia","Standard rate","1975",NA
"Spain","Standard rate","1975",NA
"Sweden","Standard rate","1975",17.65
"Switzerland","Standard rate","1975",NA
"Turkey","Standard rate","1975",NA
"United Kingdom","Standard rate","1975",8
"Canada","Standard rate","1975",NA
"Chile","Standard rate","1975",20
"Colombia","Standard rate","1975",NA
"Czech Republic","Standard rate","1975",NA
"Denmark","Standard rate","1975",15
"Estonia","Standard rate","1975",NA
"Australia","Standard rate","1976",NA
"Finland","Standard rate","1976",NA
"France","Standard rate","1976",20
"Germany","Standard rate","1976",11
"Greece","Standard rate","1976",NA
"Hungary","Standard rate","1976",NA
"Iceland","Standard rate","1976",NA
"Ireland","Standard rate","1976",20
"Israel","Standard rate","1976",8
"Italy","Standard rate","1976",12
"Japan","Standard rate","1976",NA
"Austria","Standard rate","1976",18
"Korea","Standard rate","1976",NA
"Latvia","Standard rate","1976",NA
"Lithuania","Standard rate","1976",NA
"Luxembourg","Standard rate","1976",10
"Mexico","Standard rate","1976",NA
"Netherlands","Standard rate","1976",18
"New Zealand","Standard rate","1976",NA
"Norway","Standard rate","1976",20
"Poland","Standard rate","1976",NA
"Portugal","Standard rate","1976",NA
"Belgium","Standard rate","1976",18
"Slovak Republic","Standard rate","1976",NA
"Slovenia","Standard rate","1976",NA
"Spain","Standard rate","1976",NA
"Sweden","Standard rate","1976",17.65
"Switzerland","Standard rate","1976",NA
"Turkey","Standard rate","1976",NA
"United Kingdom","Standard rate","1976",8
"Canada","Standard rate","1976",NA
"Chile","Standard rate","1976",20
"Colombia","Standard rate","1976",NA
"Czech Republic","Standard rate","1976",NA
"Denmark","Standard rate","1976",15
"Estonia","Standard rate","1976",NA
"Australia","Standard rate","1977",NA
"Finland","Standard rate","1977",NA
"France","Standard rate","1977",17.6
"Germany","Standard rate","1977",11
"Greece","Standard rate","1977",NA
"Hungary","Standard rate","1977",NA
"Iceland","Standard rate","1977",NA
"Ireland","Standard rate","1977",20
"Israel","Standard rate","1977",12
"Italy","Standard rate","1977",14
"Japan","Standard rate","1977",NA
"Austria","Standard rate","1977",18
"Korea","Standard rate","1977",10
"Latvia","Standard rate","1977",NA
"Lithuania","Standard rate","1977",NA
"Luxembourg","Standard rate","1977",10
"Mexico","Standard rate","1977",NA
"Netherlands","Standard rate","1977",18
"New Zealand","Standard rate","1977",NA
"Norway","Standard rate","1977",20
"Poland","Standard rate","1977",NA
"Portugal","Standard rate","1977",NA
"Belgium","Standard rate","1977",18
"Slovak Republic","Standard rate","1977",NA
"Slovenia","Standard rate","1977",NA
"Spain","Standard rate","1977",NA
"Sweden","Standard rate","1977",20.63
"Switzerland","Standard rate","1977",NA
"Turkey","Standard rate","1977",NA
"United Kingdom","Standard rate","1977",8
"Canada","Standard rate","1977",NA
"Chile","Standard rate","1977",20
"Colombia","Standard rate","1977",NA
"Czech Republic","Standard rate","1977",NA
"Denmark","Standard rate","1977",18
"Estonia","Standard rate","1977",NA
"Australia","Standard rate","1978",NA
"Finland","Standard rate","1978",NA
"France","Standard rate","1978",17.6
"Germany","Standard rate","1978",12
"Greece","Standard rate","1978",NA
"Hungary","Standard rate","1978",NA
"Iceland","Standard rate","1978",NA
"Ireland","Standard rate","1978",20
"Israel","Standard rate","1978",12
"Italy","Standard rate","1978",14
"Japan","Standard rate","1978",NA
"Austria","Standard rate","1978",18
"Korea","Standard rate","1978",10
"Latvia","Standard rate","1978",NA
"Lithuania","Standard rate","1978",NA
"Luxembourg","Standard rate","1978",10
"Mexico","Standard rate","1978",NA
"Netherlands","Standard rate","1978",18
"New Zealand","Standard rate","1978",NA
"Norway","Standard rate","1978",20
"Poland","Standard rate","1978",NA
"Portugal","Standard rate","1978",NA
"Belgium","Standard rate","1978",16
"Slovak Republic","Standard rate","1978",NA
"Slovenia","Standard rate","1978",NA
"Spain","Standard rate","1978",NA
"Sweden","Standard rate","1978",20.63
"Switzerland","Standard rate","1978",NA
"Turkey","Standard rate","1978",NA
"United Kingdom","Standard rate","1978",8
"Canada","Standard rate","1978",NA
"Chile","Standard rate","1978",20
"Colombia","Standard rate","1978",NA
"Czech Republic","Standard rate","1978",NA
"Denmark","Standard rate","1978",20.25
"Estonia","Standard rate","1978",NA
"Australia","Standard rate","1979",NA
"Finland","Standard rate","1979",NA
"France","Standard rate","1979",17.6
"Germany","Standard rate","1979",13
"Greece","Standard rate","1979",NA
"Hungary","Standard rate","1979",NA
"Iceland","Standard rate","1979",NA
"Ireland","Standard rate","1979",20
"Israel","Standard rate","1979",12
"Italy","Standard rate","1979",14
"Japan","Standard rate","1979",NA
"Austria","Standard rate","1979",18
"Korea","Standard rate","1979",10
"Latvia","Standard rate","1979",NA
"Lithuania","Standard rate","1979",NA
"Luxembourg","Standard rate","1979",10
"Mexico","Standard rate","1979",NA
"Netherlands","Standard rate","1979",18
"New Zealand","Standard rate","1979",NA
"Norway","Standard rate","1979",20
"Poland","Standard rate","1979",NA
"Portugal","Standard rate","1979",NA
"Belgium","Standard rate","1979",16
"Slovak Republic","Standard rate","1979",NA
"Slovenia","Standard rate","1979",NA
"Spain","Standard rate","1979",NA
"Sweden","Standard rate","1979",20.63
"Switzerland","Standard rate","1979",NA
"Turkey","Standard rate","1979",NA
"United Kingdom","Standard rate","1979",15
"Canada","Standard rate","1979",NA
"Chile","Standard rate","1979",20
"Colombia","Standard rate","1979",NA
"Czech Republic","Standard rate","1979",NA
"Denmark","Standard rate","1979",20.25
"Estonia","Standard rate","1979",NA
"Australia","Standard rate","1980",NA
"Finland","Standard rate","1980",NA
"France","Standard rate","1980",17.6
"Germany","Standard rate","1980",13
"Greece","Standard rate","1980",NA
"Hungary","Standard rate","1980",NA
"Iceland","Standard rate","1980",NA
"Ireland","Standard rate","1980",25
"Israel","Standard rate","1980",12
"Italy","Standard rate","1980",14
"Japan","Standard rate","1980",NA
"Austria","Standard rate","1980",18
"Korea","Standard rate","1980",10
"Latvia","Standard rate","1980",NA
"Lithuania","Standard rate","1980",NA
"Luxembourg","Standard rate","1980",10
"Mexico","Standard rate","1980",10
"Netherlands","Standard rate","1980",18
"New Zealand","Standard rate","1980",NA
"Norway","Standard rate","1980",20
"Poland","Standard rate","1980",NA
"Portugal","Standard rate","1980",NA
"Belgium","Standard rate","1980",16
"Slovak Republic","Standard rate","1980",NA
"Slovenia","Standard rate","1980",NA
"Spain","Standard rate","1980",NA
"Sweden","Standard rate","1980",23.46
"Switzerland","Standard rate","1980",NA
"Turkey","Standard rate","1980",NA
"United Kingdom","Standard rate","1980",15
"Canada","Standard rate","1980",NA
"Chile","Standard rate","1980",20
"Colombia","Standard rate","1980",NA
"Czech Republic","Standard rate","1980",NA
"Denmark","Standard rate","1980",22
"Estonia","Standard rate","1980",NA
"Australia","Standard rate","1981",NA
"Finland","Standard rate","1981",NA
"France","Standard rate","1981",17.6
"Germany","Standard rate","1981",13
"Greece","Standard rate","1981",NA
"Hungary","Standard rate","1981",NA
"Iceland","Standard rate","1981",NA
"Ireland","Standard rate","1981",25
"Israel","Standard rate","1981",12
"Italy","Standard rate","1981",15
"Japan","Standard rate","1981",NA
"Austria","Standard rate","1981",18
"Korea","Standard rate","1981",10
"Latvia","Standard rate","1981",NA
"Lithuania","Standard rate","1981",NA
"Luxembourg","Standard rate","1981",10
"Mexico","Standard rate","1981",10
"Netherlands","Standard rate","1981",18
"New Zealand","Standard rate","1981",NA
"Norway","Standard rate","1981",20
"Poland","Standard rate","1981",NA
"Portugal","Standard rate","1981",NA
"Belgium","Standard rate","1981",17
"Slovak Republic","Standard rate","1981",NA
"Slovenia","Standard rate","1981",NA
"Spain","Standard rate","1981",NA
"Sweden","Standard rate","1981",21.51
"Switzerland","Standard rate","1981",NA
"Turkey","Standard rate","1981",NA
"United Kingdom","Standard rate","1981",15
"Canada","Standard rate","1981",NA
"Chile","Standard rate","1981",20
"Colombia","Standard rate","1981",NA
"Czech Republic","Standard rate","1981",NA
"Denmark","Standard rate","1981",22
"Estonia","Standard rate","1981",NA
"Australia","Standard rate","1982",NA
"Finland","Standard rate","1982",NA
"France","Standard rate","1982",18.6
"Germany","Standard rate","1982",13
"Greece","Standard rate","1982",NA
"Hungary","Standard rate","1982",NA
"Iceland","Standard rate","1982",NA
"Ireland","Standard rate","1982",30
"Israel","Standard rate","1982",15
"Italy","Standard rate","1982",18
"Japan","Standard rate","1982",NA
"Austria","Standard rate","1982",18
"Korea","Standard rate","1982",10
"Latvia","Standard rate","1982",NA
"Lithuania","Standard rate","1982",NA
"Luxembourg","Standard rate","1982",10
"Mexico","Standard rate","1982",10
"Netherlands","Standard rate","1982",18
"New Zealand","Standard rate","1982",NA
"Norway","Standard rate","1982",20
"Poland","Standard rate","1982",NA
"Portugal","Standard rate","1982",NA
"Belgium","Standard rate","1982",17
"Slovak Republic","Standard rate","1982",NA
"Slovenia","Standard rate","1982",NA
"Spain","Standard rate","1982",NA
"Sweden","Standard rate","1982",21.51
"Switzerland","Standard rate","1982",NA
"Turkey","Standard rate","1982",NA
"United Kingdom","Standard rate","1982",15
"Canada","Standard rate","1982",NA
"Chile","Standard rate","1982",20
"Colombia","Standard rate","1982",NA
"Czech Republic","Standard rate","1982",NA
"Denmark","Standard rate","1982",22
"Estonia","Standard rate","1982",NA
"Australia","Standard rate","1983",NA
"Finland","Standard rate","1983",NA
"France","Standard rate","1983",18.6
"Germany","Standard rate","1983",14
"Greece","Standard rate","1983",NA
"Hungary","Standard rate","1983",NA
"Iceland","Standard rate","1983",NA
"Ireland","Standard rate","1983",35
"Israel","Standard rate","1983",15
"Italy","Standard rate","1983",18
"Japan","Standard rate","1983",NA
"Austria","Standard rate","1983",18
"Korea","Standard rate","1983",10
"Latvia","Standard rate","1983",NA
"Lithuania","Standard rate","1983",NA
"Luxembourg","Standard rate","1983",12
"Mexico","Standard rate","1983",15
"Netherlands","Standard rate","1983",18
"New Zealand","Standard rate","1983",NA
"Norway","Standard rate","1983",20
"Poland","Standard rate","1983",NA
"Portugal","Standard rate","1983",NA
"Belgium","Standard rate","1983",19
"Slovak Republic","Standard rate","1983",NA
"Slovenia","Standard rate","1983",NA
"Spain","Standard rate","1983",NA
"Sweden","Standard rate","1983",23.46
"Switzerland","Standard rate","1983",NA
"Turkey","Standard rate","1983",NA
"United Kingdom","Standard rate","1983",15
"Canada","Standard rate","1983",NA
"Chile","Standard rate","1983",20
"Colombia","Standard rate","1983",10
"Czech Republic","Standard rate","1983",NA
"Denmark","Standard rate","1983",22
"Estonia","Standard rate","1983",NA
"Australia","Standard rate","1984",NA
"Finland","Standard rate","1984",NA
"France","Standard rate","1984",18.6
"Germany","Standard rate","1984",14
"Greece","Standard rate","1984",NA
"Hungary","Standard rate","1984",NA
"Iceland","Standard rate","1984",NA
"Ireland","Standard rate","1984",35
"Israel","Standard rate","1984",15
"Italy","Standard rate","1984",18
"Japan","Standard rate","1984",NA
"Austria","Standard rate","1984",20
"Korea","Standard rate","1984",10
"Latvia","Standard rate","1984",NA
"Lithuania","Standard rate","1984",NA
"Luxembourg","Standard rate","1984",12
"Mexico","Standard rate","1984",15
"Netherlands","Standard rate","1984",19
"New Zealand","Standard rate","1984",NA
"Norway","Standard rate","1984",20
"Poland","Standard rate","1984",NA
"Portugal","Standard rate","1984",NA
"Belgium","Standard rate","1984",19
"Slovak Republic","Standard rate","1984",NA
"Slovenia","Standard rate","1984",NA
"Spain","Standard rate","1984",NA
"Sweden","Standard rate","1984",23.46
"Switzerland","Standard rate","1984",NA
"Turkey","Standard rate","1984",NA
"United Kingdom","Standard rate","1984",15
"Canada","Standard rate","1984",NA
"Chile","Standard rate","1984",20
"Colombia","Standard rate","1984",10
"Czech Republic","Standard rate","1984",NA
"Denmark","Standard rate","1984",22
"Estonia","Standard rate","1984",NA
"Australia","Standard rate","1985",NA
"Finland","Standard rate","1985",NA
"France","Standard rate","1985",18.6
"Germany","Standard rate","1985",14
"Greece","Standard rate","1985",NA
"Hungary","Standard rate","1985",NA
"Iceland","Standard rate","1985",NA
"Ireland","Standard rate","1985",23
"Israel","Standard rate","1985",15
"Italy","Standard rate","1985",18
"Japan","Standard rate","1985",NA
"Austria","Standard rate","1985",20
"Korea","Standard rate","1985",10
"Latvia","Standard rate","1985",NA
"Lithuania","Standard rate","1985",NA
"Luxembourg","Standard rate","1985",12
"Mexico","Standard rate","1985",15
"Netherlands","Standard rate","1985",19
"New Zealand","Standard rate","1985",NA
"Norway","Standard rate","1985",20
"Poland","Standard rate","1985",NA
"Portugal","Standard rate","1985",NA
"Belgium","Standard rate","1985",19
"Slovak Republic","Standard rate","1985",NA
"Slovenia","Standard rate","1985",NA
"Spain","Standard rate","1985",NA
"Sweden","Standard rate","1985",23.46
"Switzerland","Standard rate","1985",NA
"Turkey","Standard rate","1985",10
"United Kingdom","Standard rate","1985",15
"Canada","Standard rate","1985",NA
"Chile","Standard rate","1985",20
"Colombia","Standard rate","1985",10
"Czech Republic","Standard rate","1985",NA
"Denmark","Standard rate","1985",22
"Estonia","Standard rate","1985",NA
"Australia","Standard rate","1986",NA
"Finland","Standard rate","1986",NA
"France","Standard rate","1986",18.6
"Germany","Standard rate","1986",14
"Greece","Standard rate","1986",NA
"Hungary","Standard rate","1986",NA
"Iceland","Standard rate","1986",NA
"Ireland","Standard rate","1986",25
"Israel","Standard rate","1986",15
"Italy","Standard rate","1986",18
"Japan","Standard rate","1986",NA
"Austria","Standard rate","1986",20
"Korea","Standard rate","1986",10
"Latvia","Standard rate","1986",NA
"Lithuania","Standard rate","1986",NA
"Luxembourg","Standard rate","1986",12
"Mexico","Standard rate","1986",15
"Netherlands","Standard rate","1986",20
"New Zealand","Standard rate","1986",10
"Norway","Standard rate","1986",20
"Poland","Standard rate","1986",NA
"Portugal","Standard rate","1986",16
"Belgium","Standard rate","1986",19
"Slovak Republic","Standard rate","1986",NA
"Slovenia","Standard rate","1986",NA
"Spain","Standard rate","1986",12
"Sweden","Standard rate","1986",23.46
"Switzerland","Standard rate","1986",NA
"Turkey","Standard rate","1986",12
"United Kingdom","Standard rate","1986",15
"Canada","Standard rate","1986",NA
"Chile","Standard rate","1986",20
"Colombia","Standard rate","1986",10
"Czech Republic","Standard rate","1986",NA
"Denmark","Standard rate","1986",22
"Estonia","Standard rate","1986",NA
"Australia","Standard rate","1987",NA
"Finland","Standard rate","1987",NA
"France","Standard rate","1987",18.6
"Germany","Standard rate","1987",14
"Greece","Standard rate","1987",18
"Hungary","Standard rate","1987",NA
"Iceland","Standard rate","1987",NA
"Ireland","Standard rate","1987",25
"Israel","Standard rate","1987",15
"Italy","Standard rate","1987",18
"Japan","Standard rate","1987",NA
"Austria","Standard rate","1987",20
"Korea","Standard rate","1987",10
"Latvia","Standard rate","1987",NA
"Lithuania","Standard rate","1987",NA
"Luxembourg","Standard rate","1987",12
"Mexico","Standard rate","1987",15
"Netherlands","Standard rate","1987",20
"New Zealand","Standard rate","1987",10
"Norway","Standard rate","1987",20
"Poland","Standard rate","1987",NA
"Portugal","Standard rate","1987",16
"Belgium","Standard rate","1987",19
"Slovak Republic","Standard rate","1987",NA
"Slovenia","Standard rate","1987",NA
"Spain","Standard rate","1987",12
"Sweden","Standard rate","1987",23.46
"Switzerland","Standard rate","1987",NA
"Turkey","Standard rate","1987",12
"United Kingdom","Standard rate","1987",15
"Canada","Standard rate","1987",NA
"Chile","Standard rate","1987",20
"Colombia","Standard rate","1987",10
"Czech Republic","Standard rate","1987",NA
"Denmark","Standard rate","1987",22
"Estonia","Standard rate","1987",NA
"Australia","Standard rate","1988",NA
"Finland","Standard rate","1988",NA
"France","Standard rate","1988",18.6
"Germany","Standard rate","1988",14
"Greece","Standard rate","1988",16
"Hungary","Standard rate","1988",25
"Iceland","Standard rate","1988",NA
"Ireland","Standard rate","1988",25
"Israel","Standard rate","1988",15
"Italy","Standard rate","1988",19
"Japan","Standard rate","1988",NA
"Austria","Standard rate","1988",20
"Korea","Standard rate","1988",10
"Latvia","Standard rate","1988",NA
"Lithuania","Standard rate","1988",NA
"Luxembourg","Standard rate","1988",12
"Mexico","Standard rate","1988",15
"Netherlands","Standard rate","1988",20
"New Zealand","Standard rate","1988",10
"Norway","Standard rate","1988",20
"Poland","Standard rate","1988",NA
"Portugal","Standard rate","1988",17
"Belgium","Standard rate","1988",19
"Slovak Republic","Standard rate","1988",NA
"Slovenia","Standard rate","1988",NA
"Spain","Standard rate","1988",12
"Sweden","Standard rate","1988",23.46
"Switzerland","Standard rate","1988",NA
"Turkey","Standard rate","1988",10
"United Kingdom","Standard rate","1988",15
"Canada","Standard rate","1988",NA
"Chile","Standard rate","1988",16
"Colombia","Standard rate","1988",10
"Czech Republic","Standard rate","1988",NA
"Denmark","Standard rate","1988",22
"Estonia","Standard rate","1988",NA
"Australia","Standard rate","1989",NA
"Finland","Standard rate","1989",NA
"France","Standard rate","1989",18.6
"Germany","Standard rate","1989",14
"Greece","Standard rate","1989",16
"Hungary","Standard rate","1989",25
"Iceland","Standard rate","1989",NA
"Ireland","Standard rate","1989",25
"Israel","Standard rate","1989",15
"Italy","Standard rate","1989",19
"Japan","Standard rate","1989",3
"Austria","Standard rate","1989",20
"Korea","Standard rate","1989",10
"Latvia","Standard rate","1989",NA
"Lithuania","Standard rate","1989",NA
"Luxembourg","Standard rate","1989",12
"Mexico","Standard rate","1989",15
"Netherlands","Standard rate","1989",18.5
"New Zealand","Standard rate","1989",12.5
"Norway","Standard rate","1989",20
"Poland","Standard rate","1989",NA
"Portugal","Standard rate","1989",17
"Belgium","Standard rate","1989",19
"Slovak Republic","Standard rate","1989",NA
"Slovenia","Standard rate","1989",NA
"Spain","Standard rate","1989",12
"Sweden","Standard rate","1989",23.46
"Switzerland","Standard rate","1989",NA
"Turkey","Standard rate","1989",10
"United Kingdom","Standard rate","1989",15
"Canada","Standard rate","1989",NA
"Chile","Standard rate","1989",16
"Colombia","Standard rate","1989",10
"Czech Republic","Standard rate","1989",NA
"Denmark","Standard rate","1989",22
"Estonia","Standard rate","1989",NA
"Australia","Standard rate","1990",NA
"Finland","Standard rate","1990",NA
"France","Standard rate","1990",18.6
"Germany","Standard rate","1990",14
"Greece","Standard rate","1990",18
"Hungary","Standard rate","1990",25
"Iceland","Standard rate","1990",24.5
"Ireland","Standard rate","1990",23
"Israel","Standard rate","1990",16
"Italy","Standard rate","1990",19
"Japan","Standard rate","1990",3
"Austria","Standard rate","1990",20
"Korea","Standard rate","1990",10
"Latvia","Standard rate","1990",NA
"Lithuania","Standard rate","1990",NA
"Luxembourg","Standard rate","1990",12
"Mexico","Standard rate","1990",15
"Netherlands","Standard rate","1990",18.5
"New Zealand","Standard rate","1990",12.5
"Norway","Standard rate","1990",20
"Poland","Standard rate","1990",NA
"Portugal","Standard rate","1990",17
"Belgium","Standard rate","1990",19
"Slovak Republic","Standard rate","1990",NA
"Slovenia","Standard rate","1990",NA
"Spain","Standard rate","1990",12
"Sweden","Standard rate","1990",25
"Switzerland","Standard rate","1990",NA
"Turkey","Standard rate","1990",12
"United Kingdom","Standard rate","1990",15
"Canada","Standard rate","1990",NA
"Chile","Standard rate","1990",18
"Colombia","Standard rate","1990",10
"Czech Republic","Standard rate","1990",NA
"Denmark","Standard rate","1990",22
"Estonia","Standard rate","1990",NA
"Australia","Standard rate","1991",NA
"Finland","Standard rate","1991",NA
"France","Standard rate","1991",18.6
"Germany","Standard rate","1991",14
"Greece","Standard rate","1991",18
"Hungary","Standard rate","1991",25
"Iceland","Standard rate","1991",24.5
"Ireland","Standard rate","1991",21
"Israel","Standard rate","1991",18
"Italy","Standard rate","1991",19
"Japan","Standard rate","1991",3
"Austria","Standard rate","1991",20
"Korea","Standard rate","1991",10
"Latvia","Standard rate","1991",NA
"Lithuania","Standard rate","1991",NA
"Luxembourg","Standard rate","1991",12
"Mexico","Standard rate","1991",10
"Netherlands","Standard rate","1991",18.5
"New Zealand","Standard rate","1991",12.5
"Norway","Standard rate","1991",20
"Poland","Standard rate","1991",NA
"Portugal","Standard rate","1991",17
"Belgium","Standard rate","1991",19
"Slovak Republic","Standard rate","1991",NA
"Slovenia","Standard rate","1991",NA
"Spain","Standard rate","1991",12
"Sweden","Standard rate","1991",25
"Switzerland","Standard rate","1991",NA
"Turkey","Standard rate","1991",12
"United Kingdom","Standard rate","1991",17.5
"Canada","Standard rate","1991",7
"Chile","Standard rate","1991",18
"Colombia","Standard rate","1991",12
"Czech Republic","Standard rate","1991",NA
"Denmark","Standard rate","1991",22
"Estonia","Standard rate","1991",NA
"Australia","Standard rate","1992",NA
"Finland","Standard rate","1992",NA
"France","Standard rate","1992",18.6
"Germany","Standard rate","1992",14
"Greece","Standard rate","1992",18
"Hungary","Standard rate","1992",25
"Iceland","Standard rate","1992",24.5
"Ireland","Standard rate","1992",21
"Israel","Standard rate","1992",18
"Italy","Standard rate","1992",19
"Japan","Standard rate","1992",3
"Austria","Standard rate","1992",20
"Korea","Standard rate","1992",10
"Latvia","Standard rate","1992",NA
"Lithuania","Standard rate","1992",NA
"Luxembourg","Standard rate","1992",15
"Mexico","Standard rate","1992",10
"Netherlands","Standard rate","1992",17.5
"New Zealand","Standard rate","1992",12.5
"Norway","Standard rate","1992",20
"Poland","Standard rate","1992",NA
"Portugal","Standard rate","1992",16
"Belgium","Standard rate","1992",19.5
"Slovak Republic","Standard rate","1992",NA
"Slovenia","Standard rate","1992",NA
"Spain","Standard rate","1992",15
"Sweden","Standard rate","1992",25
"Switzerland","Standard rate","1992",NA
"Turkey","Standard rate","1992",12
"United Kingdom","Standard rate","1992",17.5
"Canada","Standard rate","1992",7
"Chile","Standard rate","1992",18
"Colombia","Standard rate","1992",12
"Czech Republic","Standard rate","1992",NA
"Denmark","Standard rate","1992",25
"Estonia","Standard rate","1992",10
"Australia","Standard rate","1993",NA
"Finland","Standard rate","1993",NA
"France","Standard rate","1993",18.6
"Germany","Standard rate","1993",15
"Greece","Standard rate","1993",18
"Hungary","Standard rate","1993",25
"Iceland","Standard rate","1993",24.5
"Ireland","Standard rate","1993",21
"Israel","Standard rate","1993",17
"Italy","Standard rate","1993",19
"Japan","Standard rate","1993",3
"Austria","Standard rate","1993",20
"Korea","Standard rate","1993",10
"Latvia","Standard rate","1993",NA
"Lithuania","Standard rate","1993",NA
"Luxembourg","Standard rate","1993",15
"Mexico","Standard rate","1993",10
"Netherlands","Standard rate","1993",17.5
"New Zealand","Standard rate","1993",12.5
"Norway","Standard rate","1993",22
"Poland","Standard rate","1993",22
"Portugal","Standard rate","1993",16
"Belgium","Standard rate","1993",19.5
"Slovak Republic","Standard rate","1993",25
"Slovenia","Standard rate","1993",NA
"Spain","Standard rate","1993",15
"Sweden","Standard rate","1993",25
"Switzerland","Standard rate","1993",NA
"Turkey","Standard rate","1993",15
"United Kingdom","Standard rate","1993",17.5
"Canada","Standard rate","1993",7
"Chile","Standard rate","1993",18
"Colombia","Standard rate","1993",14
"Czech Republic","Standard rate","1993",23
"Denmark","Standard rate","1993",25
"Estonia","Standard rate","1993",18
"Australia","Standard rate","1994",NA
"Finland","Standard rate","1994",22
"France","Standard rate","1994",18.6
"Germany","Standard rate","1994",15
"Greece","Standard rate","1994",18
"Hungary","Standard rate","1994",25
"Iceland","Standard rate","1994",24.5
"Ireland","Standard rate","1994",21
"Israel","Standard rate","1994",17
"Italy","Standard rate","1994",19
"Japan","Standard rate","1994",3
"Austria","Standard rate","1994",20
"Korea","Standard rate","1994",10
"Latvia","Standard rate","1994",NA
"Lithuania","Standard rate","1994",18
"Luxembourg","Standard rate","1994",15
"Mexico","Standard rate","1994",10
"Netherlands","Standard rate","1994",17.5
"New Zealand","Standard rate","1994",12.5
"Norway","Standard rate","1994",22
"Poland","Standard rate","1994",22
"Portugal","Standard rate","1994",16
"Belgium","Standard rate","1994",20.5
"Slovak Republic","Standard rate","1994",25
"Slovenia","Standard rate","1994",NA
"Spain","Standard rate","1994",15
"Sweden","Standard rate","1994",25
"Switzerland","Standard rate","1994",NA
"Turkey","Standard rate","1994",15
"United Kingdom","Standard rate","1994",17.5
"Canada","Standard rate","1994",7
"Chile","Standard rate","1994",18
"Colombia","Standard rate","1994",14
"Czech Republic","Standard rate","1994",23
"Denmark","Standard rate","1994",25
"Estonia","Standard rate","1994",18
"Australia","Standard rate","1995",NA
"Finland","Standard rate","1995",22
"France","Standard rate","1995",20.6
"Germany","Standard rate","1995",15
"Greece","Standard rate","1995",18
"Hungary","Standard rate","1995",25
"Iceland","Standard rate","1995",24.5
"Ireland","Standard rate","1995",21
"Israel","Standard rate","1995",17
"Italy","Standard rate","1995",19
"Japan","Standard rate","1995",3
"Austria","Standard rate","1995",20
"Korea","Standard rate","1995",10
"Latvia","Standard rate","1995",18
"Lithuania","Standard rate","1995",18
"Luxembourg","Standard rate","1995",15
"Mexico","Standard rate","1995",15
"Netherlands","Standard rate","1995",17.5
"New Zealand","Standard rate","1995",12.5
"Norway","Standard rate","1995",23
"Poland","Standard rate","1995",22
"Portugal","Standard rate","1995",17
"Belgium","Standard rate","1995",20.5
"Slovak Republic","Standard rate","1995",25
"Slovenia","Standard rate","1995",NA
"Spain","Standard rate","1995",16
"Sweden","Standard rate","1995",25
"Switzerland","Standard rate","1995",6.5
"Turkey","Standard rate","1995",15
"United Kingdom","Standard rate","1995",17.5
"Canada","Standard rate","1995",7
"Chile","Standard rate","1995",18
"Colombia","Standard rate","1995",14
"Czech Republic","Standard rate","1995",22
"Denmark","Standard rate","1995",25
"Estonia","Standard rate","1995",18
"Australia","Standard rate","1996",NA
"Finland","Standard rate","1996",22
"France","Standard rate","1996",20.6
"Germany","Standard rate","1996",15
"Greece","Standard rate","1996",18
"Hungary","Standard rate","1996",25
"Iceland","Standard rate","1996",24.5
"Ireland","Standard rate","1996",21
"Israel","Standard rate","1996",17
"Italy","Standard rate","1996",19
"Japan","Standard rate","1996",3
"Austria","Standard rate","1996",20
"Korea","Standard rate","1996",10
"Latvia","Standard rate","1996",18
"Lithuania","Standard rate","1996",18
"Luxembourg","Standard rate","1996",15
"Mexico","Standard rate","1996",15
"Netherlands","Standard rate","1996",17.5
"New Zealand","Standard rate","1996",12.5
"Norway","Standard rate","1996",23
"Poland","Standard rate","1996",22
"Portugal","Standard rate","1996",17
"Belgium","Standard rate","1996",21
"Slovak Republic","Standard rate","1996",23
"Slovenia","Standard rate","1996",NA
"Spain","Standard rate","1996",16
"Sweden","Standard rate","1996",25
"Switzerland","Standard rate","1996",6.5
"Turkey","Standard rate","1996",15
"United Kingdom","Standard rate","1996",17.5
"Canada","Standard rate","1996",7
"Chile","Standard rate","1996",18
"Colombia","Standard rate","1996",16
"Czech Republic","Standard rate","1996",22
"Denmark","Standard rate","1996",25
"Estonia","Standard rate","1996",18
"Australia","Standard rate","1997",NA
"Finland","Standard rate","1997",22
"France","Standard rate","1997",20.6
"Germany","Standard rate","1997",15
"Greece","Standard rate","1997",18
"Hungary","Standard rate","1997",25
"Iceland","Standard rate","1997",24.5
"Ireland","Standard rate","1997",21
"Israel","Standard rate","1997",17
"Italy","Standard rate","1997",20
"Japan","Standard rate","1997",5
"Austria","Standard rate","1997",20
"Korea","Standard rate","1997",10
"Latvia","Standard rate","1997",18
"Lithuania","Standard rate","1997",18
"Luxembourg","Standard rate","1997",15
"Mexico","Standard rate","1997",15
"Netherlands","Standard rate","1997",17.5
"New Zealand","Standard rate","1997",12.5
"Norway","Standard rate","1997",23
"Poland","Standard rate","1997",22
"Portugal","Standard rate","1997",17
"Belgium","Standard rate","1997",21
"Slovak Republic","Standard rate","1997",23
"Slovenia","Standard rate","1997",NA
"Spain","Standard rate","1997",16
"Sweden","Standard rate","1997",25
"Switzerland","Standard rate","1997",6.5
"Turkey","Standard rate","1997",15
"United Kingdom","Standard rate","1997",17.5
"Canada","Standard rate","1997",7
"Chile","Standard rate","1997",18
"Colombia","Standard rate","1997",16
"Czech Republic","Standard rate","1997",22
"Denmark","Standard rate","1997",25
"Estonia","Standard rate","1997",18
"Australia","Standard rate","1998",NA
"Finland","Standard rate","1998",22
"France","Standard rate","1998",20.6
"Germany","Standard rate","1998",16
"Greece","Standard rate","1998",18
"Hungary","Standard rate","1998",25
"Iceland","Standard rate","1998",24.5
"Ireland","Standard rate","1998",21
"Israel","Standard rate","1998",17
"Italy","Standard rate","1998",20
"Japan","Standard rate","1998",5
"Austria","Standard rate","1998",20
"Korea","Standard rate","1998",10
"Latvia","Standard rate","1998",18
"Lithuania","Standard rate","1998",18
"Luxembourg","Standard rate","1998",15
"Mexico","Standard rate","1998",15
"Netherlands","Standard rate","1998",17.5
"New Zealand","Standard rate","1998",12.5
"Norway","Standard rate","1998",23
"Poland","Standard rate","1998",22
"Portugal","Standard rate","1998",17
"Belgium","Standard rate","1998",21
"Slovak Republic","Standard rate","1998",23
"Slovenia","Standard rate","1998",NA
"Spain","Standard rate","1998",16
"Sweden","Standard rate","1998",25
"Switzerland","Standard rate","1998",7.5
"Turkey","Standard rate","1998",15
"United Kingdom","Standard rate","1998",17.5
"Canada","Standard rate","1998",7
"Chile","Standard rate","1998",18
"Colombia","Standard rate","1998",16
"Czech Republic","Standard rate","1998",22
"Denmark","Standard rate","1998",25
"Estonia","Standard rate","1998",18
"Australia","Standard rate","1999",NA
"Finland","Standard rate","1999",22
"France","Standard rate","1999",20.6
"Germany","Standard rate","1999",16
"Greece","Standard rate","1999",18
"Hungary","Standard rate","1999",25
"Iceland","Standard rate","1999",24.5
"Ireland","Standard rate","1999",21
"Israel","Standard rate","1999",17
"Italy","Standard rate","1999",20
"Japan","Standard rate","1999",5
"Austria","Standard rate","1999",20
"Korea","Standard rate","1999",10
"Latvia","Standard rate","1999",18
"Lithuania","Standard rate","1999",18
"Luxembourg","Standard rate","1999",15
"Mexico","Standard rate","1999",15
"Netherlands","Standard rate","1999",17.5
"New Zealand","Standard rate","1999",12.5
"Norway","Standard rate","1999",23
"Poland","Standard rate","1999",22
"Portugal","Standard rate","1999",17
"Belgium","Standard rate","1999",21
"Slovak Republic","Standard rate","1999",23
"Slovenia","Standard rate","1999",19
"Spain","Standard rate","1999",16
"Sweden","Standard rate","1999",25
"Switzerland","Standard rate","1999",7.5
"Turkey","Standard rate","1999",17
"United Kingdom","Standard rate","1999",17.5
"Canada","Standard rate","1999",7
"Chile","Standard rate","1999",18
"Colombia","Standard rate","1999",15
"Czech Republic","Standard rate","1999",22
"Denmark","Standard rate","1999",25
"Estonia","Standard rate","1999",18
"Australia","Standard rate","2000",10
"Finland","Standard rate","2000",22
"France","Standard rate","2000",19.6
"Germany","Standard rate","2000",16
"Greece","Standard rate","2000",18
"Hungary","Standard rate","2000",25
"Iceland","Standard rate","2000",24.5
"Ireland","Standard rate","2000",21
"Israel","Standard rate","2000",17
"Italy","Standard rate","2000",20
"Japan","Standard rate","2000",5
"Austria","Standard rate","2000",20
"Korea","Standard rate","2000",10
"Latvia","Standard rate","2000",18
"Lithuania","Standard rate","2000",18
"Luxembourg","Standard rate","2000",15
"Mexico","Standard rate","2000",15
"Netherlands","Standard rate","2000",17.5
"New Zealand","Standard rate","2000",12.5
"Norway","Standard rate","2000",23
"Poland","Standard rate","2000",22
"Portugal","Standard rate","2000",17
"Belgium","Standard rate","2000",21
"Slovak Republic","Standard rate","2000",23
"Slovenia","Standard rate","2000",19
"Spain","Standard rate","2000",16
"Sweden","Standard rate","2000",25
"Switzerland","Standard rate","2000",7.5
"Turkey","Standard rate","2000",17
"United Kingdom","Standard rate","2000",17.5
"Canada","Standard rate","2000",7
"Chile","Standard rate","2000",18
"Colombia","Standard rate","2000",15
"Czech Republic","Standard rate","2000",22
"Denmark","Standard rate","2000",25
"Estonia","Standard rate","2000",18
"Australia","Standard rate","2001",10
"Finland","Standard rate","2001",22
"France","Standard rate","2001",19.6
"Germany","Standard rate","2001",16
"Greece","Standard rate","2001",18
"Hungary","Standard rate","2001",25
"Iceland","Standard rate","2001",24.5
"Ireland","Standard rate","2001",20
"Israel","Standard rate","2001",17
"Italy","Standard rate","2001",20
"Japan","Standard rate","2001",5
"Austria","Standard rate","2001",20
"Korea","Standard rate","2001",10
"Latvia","Standard rate","2001",18
"Lithuania","Standard rate","2001",18
"Luxembourg","Standard rate","2001",15
"Mexico","Standard rate","2001",15
"Netherlands","Standard rate","2001",19
"New Zealand","Standard rate","2001",12.5
"Norway","Standard rate","2001",24
"Poland","Standard rate","2001",22
"Portugal","Standard rate","2001",17
"Belgium","Standard rate","2001",21
"Slovak Republic","Standard rate","2001",23
"Slovenia","Standard rate","2001",19
"Spain","Standard rate","2001",16
"Sweden","Standard rate","2001",25
"Switzerland","Standard rate","2001",7.6
"Turkey","Standard rate","2001",18
"United Kingdom","Standard rate","2001",17.5
"Canada","Standard rate","2001",7
"Chile","Standard rate","2001",18
"Colombia","Standard rate","2001",16
"Czech Republic","Standard rate","2001",22
"Denmark","Standard rate","2001",25
"Estonia","Standard rate","2001",18
"Australia","Standard rate","2002",10
"Finland","Standard rate","2002",22
"France","Standard rate","2002",19.6
"Germany","Standard rate","2002",16
"Greece","Standard rate","2002",18
"Hungary","Standard rate","2002",25
"Iceland","Standard rate","2002",24.5
"Ireland","Standard rate","2002",21
"Israel","Standard rate","2002",18
"Italy","Standard rate","2002",20
"Japan","Standard rate","2002",5
"Austria","Standard rate","2002",20
"Korea","Standard rate","2002",10
"Latvia","Standard rate","2002",18
"Lithuania","Standard rate","2002",18
"Luxembourg","Standard rate","2002",15
"Mexico","Standard rate","2002",15
"Netherlands","Standard rate","2002",19
"New Zealand","Standard rate","2002",12.5
"Norway","Standard rate","2002",24
"Poland","Standard rate","2002",22
"Portugal","Standard rate","2002",19
"Belgium","Standard rate","2002",21
"Slovak Republic","Standard rate","2002",23
"Slovenia","Standard rate","2002",20
"Spain","Standard rate","2002",16
"Sweden","Standard rate","2002",25
"Switzerland","Standard rate","2002",7.6
"Turkey","Standard rate","2002",18
"United Kingdom","Standard rate","2002",17.5
"Canada","Standard rate","2002",7
"Chile","Standard rate","2002",18
"Colombia","Standard rate","2002",16
"Czech Republic","Standard rate","2002",22
"Denmark","Standard rate","2002",25
"Estonia","Standard rate","2002",18
"Australia","Standard rate","2003",10
"Finland","Standard rate","2003",22
"France","Standard rate","2003",19.6
"Germany","Standard rate","2003",16
"Greece","Standard rate","2003",18
"Hungary","Standard rate","2003",25
"Iceland","Standard rate","2003",24.5
"Ireland","Standard rate","2003",21
"Israel","Standard rate","2003",18
"Italy","Standard rate","2003",20
"Japan","Standard rate","2003",5
"Austria","Standard rate","2003",20
"Korea","Standard rate","2003",10
"Latvia","Standard rate","2003",18
"Lithuania","Standard rate","2003",18
"Luxembourg","Standard rate","2003",15
"Mexico","Standard rate","2003",15
"Netherlands","Standard rate","2003",19
"New Zealand","Standard rate","2003",12.5
"Norway","Standard rate","2003",24
"Poland","Standard rate","2003",22
"Portugal","Standard rate","2003",19
"Belgium","Standard rate","2003",21
"Slovak Republic","Standard rate","2003",20
"Slovenia","Standard rate","2003",20
"Spain","Standard rate","2003",16
"Sweden","Standard rate","2003",25
"Switzerland","Standard rate","2003",7.6
"Turkey","Standard rate","2003",18
"United Kingdom","Standard rate","2003",17.5
"Canada","Standard rate","2003",7
"Chile","Standard rate","2003",19
"Colombia","Standard rate","2003",16
"Czech Republic","Standard rate","2003",22
"Denmark","Standard rate","2003",25
"Estonia","Standard rate","2003",18
"Australia","Standard rate","2004",10
"Finland","Standard rate","2004",22
"France","Standard rate","2004",19.6
"Germany","Standard rate","2004",16
"Greece","Standard rate","2004",18
"Hungary","Standard rate","2004",25
"Iceland","Standard rate","2004",24.5
"Ireland","Standard rate","2004",21
"Israel","Standard rate","2004",17
"Italy","Standard rate","2004",20
"Japan","Standard rate","2004",5
"Austria","Standard rate","2004",20
"Korea","Standard rate","2004",10
"Latvia","Standard rate","2004",18
"Lithuania","Standard rate","2004",18
"Luxembourg","Standard rate","2004",15
"Mexico","Standard rate","2004",15
"Netherlands","Standard rate","2004",19
"New Zealand","Standard rate","2004",12.5
"Norway","Standard rate","2004",24
"Poland","Standard rate","2004",22
"Portugal","Standard rate","2004",19
"Belgium","Standard rate","2004",21
"Slovak Republic","Standard rate","2004",19
"Slovenia","Standard rate","2004",20
"Spain","Standard rate","2004",16
"Sweden","Standard rate","2004",25
"Switzerland","Standard rate","2004",7.6
"Turkey","Standard rate","2004",18
"United Kingdom","Standard rate","2004",17.5
"Canada","Standard rate","2004",7
"Chile","Standard rate","2004",19
"Colombia","Standard rate","2004",16
"Czech Republic","Standard rate","2004",19
"Denmark","Standard rate","2004",25
"Estonia","Standard rate","2004",18
"Australia","Standard rate","2005",10
"Finland","Standard rate","2005",22
"France","Standard rate","2005",19.6
"Germany","Standard rate","2005",16
"Greece","Standard rate","2005",19
"Hungary","Standard rate","2005",25
"Iceland","Standard rate","2005",24.5
"Ireland","Standard rate","2005",21
"Israel","Standard rate","2005",16.5
"Italy","Standard rate","2005",20
"Japan","Standard rate","2005",5
"Austria","Standard rate","2005",20
"Korea","Standard rate","2005",10
"Latvia","Standard rate","2005",18
"Lithuania","Standard rate","2005",18
"Luxembourg","Standard rate","2005",15
"Mexico","Standard rate","2005",15
"Netherlands","Standard rate","2005",19
"New Zealand","Standard rate","2005",12.5
"Norway","Standard rate","2005",25
"Poland","Standard rate","2005",22
"Portugal","Standard rate","2005",21
"Belgium","Standard rate","2005",21
"Slovak Republic","Standard rate","2005",19
"Slovenia","Standard rate","2005",20
"Spain","Standard rate","2005",16
"Sweden","Standard rate","2005",25
"Switzerland","Standard rate","2005",7.6
"Turkey","Standard rate","2005",18
"United Kingdom","Standard rate","2005",17.5
"Canada","Standard rate","2005",7
"Chile","Standard rate","2005",19
"Colombia","Standard rate","2005",16
"Czech Republic","Standard rate","2005",19
"Denmark","Standard rate","2005",25
"Estonia","Standard rate","2005",18
"Australia","Standard rate","2006",10
"Finland","Standard rate","2006",22
"France","Standard rate","2006",19.6
"Germany","Standard rate","2006",16
"Greece","Standard rate","2006",19
"Hungary","Standard rate","2006",20
"Iceland","Standard rate","2006",24.5
"Ireland","Standard rate","2006",21
"Israel","Standard rate","2006",15.5
"Italy","Standard rate","2006",20
"Japan","Standard rate","2006",5
"Austria","Standard rate","2006",20
"Korea","Standard rate","2006",10
"Latvia","Standard rate","2006",18
"Lithuania","Standard rate","2006",18
"Luxembourg","Standard rate","2006",15
"Mexico","Standard rate","2006",15
"Netherlands","Standard rate","2006",19
"New Zealand","Standard rate","2006",12.5
"Norway","Standard rate","2006",25
"Poland","Standard rate","2006",22
"Portugal","Standard rate","2006",21
"Belgium","Standard rate","2006",21
"Slovak Republic","Standard rate","2006",19
"Slovenia","Standard rate","2006",20
"Spain","Standard rate","2006",16
"Sweden","Standard rate","2006",25
"Switzerland","Standard rate","2006",7.6
"Turkey","Standard rate","2006",18
"United Kingdom","Standard rate","2006",17.5
"Canada","Standard rate","2006",6
"Chile","Standard rate","2006",19
"Colombia","Standard rate","2006",16
"Czech Republic","Standard rate","2006",19
"Denmark","Standard rate","2006",25
"Estonia","Standard rate","2006",18
"Australia","Standard rate","2007",10
"Finland","Standard rate","2007",22
"France","Standard rate","2007",19.6
"Germany","Standard rate","2007",19
"Greece","Standard rate","2007",19
"Hungary","Standard rate","2007",20
"Iceland","Standard rate","2007",24.5
"Ireland","Standard rate","2007",21
"Israel","Standard rate","2007",15.5
"Italy","Standard rate","2007",20
"Japan","Standard rate","2007",5
"Austria","Standard rate","2007",20
"Korea","Standard rate","2007",10
"Latvia","Standard rate","2007",18
"Lithuania","Standard rate","2007",18
"Luxembourg","Standard rate","2007",15
"Mexico","Standard rate","2007",15
"Netherlands","Standard rate","2007",19
"New Zealand","Standard rate","2007",12.5
"Norway","Standard rate","2007",25
"Poland","Standard rate","2007",22
"Portugal","Standard rate","2007",21
"Belgium","Standard rate","2007",21
"Slovak Republic","Standard rate","2007",19
"Slovenia","Standard rate","2007",20
"Spain","Standard rate","2007",16
"Sweden","Standard rate","2007",25
"Switzerland","Standard rate","2007",7.6
"Turkey","Standard rate","2007",18
"United Kingdom","Standard rate","2007",17.5
"Canada","Standard rate","2007",6
"Chile","Standard rate","2007",19
"Colombia","Standard rate","2007",16
"Czech Republic","Standard rate","2007",19
"Denmark","Standard rate","2007",25
"Estonia","Standard rate","2007",18
"Australia","Standard rate","2008",10
"Finland","Standard rate","2008",22
"France","Standard rate","2008",19.6
"Germany","Standard rate","2008",19
"Greece","Standard rate","2008",19
"Hungary","Standard rate","2008",20
"Iceland","Standard rate","2008",24.5
"Ireland","Standard rate","2008",21.5
"Israel","Standard rate","2008",15.5
"Italy","Standard rate","2008",20
"Japan","Standard rate","2008",5
"Austria","Standard rate","2008",20
"Korea","Standard rate","2008",10
"Latvia","Standard rate","2008",18
"Lithuania","Standard rate","2008",18
"Luxembourg","Standard rate","2008",15
"Mexico","Standard rate","2008",15
"Netherlands","Standard rate","2008",19
"New Zealand","Standard rate","2008",12.5
"Norway","Standard rate","2008",25
"Poland","Standard rate","2008",22
"Portugal","Standard rate","2008",20
"Belgium","Standard rate","2008",21
"Slovak Republic","Standard rate","2008",19
"Slovenia","Standard rate","2008",20
"Spain","Standard rate","2008",16
"Sweden","Standard rate","2008",25
"Switzerland","Standard rate","2008",7.6
"Turkey","Standard rate","2008",18
"United Kingdom","Standard rate","2008",15
"Canada","Standard rate","2008",5
"Chile","Standard rate","2008",19
"Colombia","Standard rate","2008",16
"Czech Republic","Standard rate","2008",19
"Denmark","Standard rate","2008",25
"Estonia","Standard rate","2008",18
"Australia","Standard rate","2009",10
"Finland","Standard rate","2009",22
"France","Standard rate","2009",19.6
"Germany","Standard rate","2009",19
"Greece","Standard rate","2009",19
"Hungary","Standard rate","2009",25
"Iceland","Standard rate","2009",24.5
"Ireland","Standard rate","2009",21.5
"Israel","Standard rate","2009",16.5
"Italy","Standard rate","2009",20
"Japan","Standard rate","2009",5
"Austria","Standard rate","2009",20
"Korea","Standard rate","2009",10
"Latvia","Standard rate","2009",21
"Lithuania","Standard rate","2009",19
"Luxembourg","Standard rate","2009",15
"Mexico","Standard rate","2009",15
"Netherlands","Standard rate","2009",19
"New Zealand","Standard rate","2009",12.5
"Norway","Standard rate","2009",25
"Poland","Standard rate","2009",22
"Portugal","Standard rate","2009",20
"Belgium","Standard rate","2009",21
"Slovak Republic","Standard rate","2009",19
"Slovenia","Standard rate","2009",20
"Spain","Standard rate","2009",16
"Sweden","Standard rate","2009",25
"Switzerland","Standard rate","2009",7.6
"Turkey","Standard rate","2009",18
"United Kingdom","Standard rate","2009",15
"Canada","Standard rate","2009",5
"Chile","Standard rate","2009",19
"Colombia","Standard rate","2009",16
"Czech Republic","Standard rate","2009",19
"Denmark","Standard rate","2009",25
"Estonia","Standard rate","2009",20
"Australia","Standard rate","2010",10
"Finland","Standard rate","2010",23
"France","Standard rate","2010",19.6
"Germany","Standard rate","2010",19
"Greece","Standard rate","2010",23
"Hungary","Standard rate","2010",25
"Iceland","Standard rate","2010",25.5
"Ireland","Standard rate","2010",21
"Israel","Standard rate","2010",16
"Italy","Standard rate","2010",20
"Japan","Standard rate","2010",5
"Austria","Standard rate","2010",20
"Korea","Standard rate","2010",10
"Latvia","Standard rate","2010",21
"Lithuania","Standard rate","2010",21
"Luxembourg","Standard rate","2010",15
"Mexico","Standard rate","2010",16
"Netherlands","Standard rate","2010",19
"New Zealand","Standard rate","2010",15
"Norway","Standard rate","2010",25
"Poland","Standard rate","2010",22
"Portugal","Standard rate","2010",21
"Belgium","Standard rate","2010",21
"Slovak Republic","Standard rate","2010",19
"Slovenia","Standard rate","2010",20
"Spain","Standard rate","2010",18
"Sweden","Standard rate","2010",25
"Switzerland","Standard rate","2010",7.6
"Turkey","Standard rate","2010",18
"United Kingdom","Standard rate","2010",17.5
"Canada","Standard rate","2010",5
"Chile","Standard rate","2010",19
"Colombia","Standard rate","2010",16
"Czech Republic","Standard rate","2010",20
"Denmark","Standard rate","2010",25
"Estonia","Standard rate","2010",20
"Australia","Standard rate","2011",10
"Finland","Standard rate","2011",23
"France","Standard rate","2011",19.6
"Germany","Standard rate","2011",19
"Greece","Standard rate","2011",23
"Hungary","Standard rate","2011",25
"Iceland","Standard rate","2011",25.5
"Ireland","Standard rate","2011",21
"Israel","Standard rate","2011",16
"Italy","Standard rate","2011",21
"Japan","Standard rate","2011",5
"Austria","Standard rate","2011",20
"Korea","Standard rate","2011",10
"Latvia","Standard rate","2011",22
"Lithuania","Standard rate","2011",21
"Luxembourg","Standard rate","2011",15
"Mexico","Standard rate","2011",16
"Netherlands","Standard rate","2011",19
"New Zealand","Standard rate","2011",15
"Norway","Standard rate","2011",25
"Poland","Standard rate","2011",23
"Portugal","Standard rate","2011",23
"Belgium","Standard rate","2011",21
"Slovak Republic","Standard rate","2011",20
"Slovenia","Standard rate","2011",20
"Spain","Standard rate","2011",18
"Sweden","Standard rate","2011",25
"Switzerland","Standard rate","2011",8
"Turkey","Standard rate","2011",18
"United Kingdom","Standard rate","2011",20
"Canada","Standard rate","2011",5
"Chile","Standard rate","2011",19
"Colombia","Standard rate","2011",16
"Czech Republic","Standard rate","2011",20
"Denmark","Standard rate","2011",25
"Estonia","Standard rate","2011",20
"Australia","Standard rate","2012",10
"Finland","Standard rate","2012",23
"France","Standard rate","2012",19.6
"Germany","Standard rate","2012",19
"Greece","Standard rate","2012",23
"Hungary","Standard rate","2012",27
"Iceland","Standard rate","2012",25.5
"Ireland","Standard rate","2012",23
"Israel","Standard rate","2012",17
"Italy","Standard rate","2012",21
"Japan","Standard rate","2012",5
"Austria","Standard rate","2012",20
"Korea","Standard rate","2012",10
"Latvia","Standard rate","2012",21
"Lithuania","Standard rate","2012",21
"Luxembourg","Standard rate","2012",15
"Mexico","Standard rate","2012",16
"Netherlands","Standard rate","2012",21
"New Zealand","Standard rate","2012",15
"Norway","Standard rate","2012",25
"Poland","Standard rate","2012",23
"Portugal","Standard rate","2012",23
"Belgium","Standard rate","2012",21
"Slovak Republic","Standard rate","2012",20
"Slovenia","Standard rate","2012",20
"Spain","Standard rate","2012",21
"Sweden","Standard rate","2012",25
"Switzerland","Standard rate","2012",8
"Turkey","Standard rate","2012",18
"United Kingdom","Standard rate","2012",20
"Canada","Standard rate","2012",5
"Chile","Standard rate","2012",19
"Colombia","Standard rate","2012",16
"Czech Republic","Standard rate","2012",20
"Denmark","Standard rate","2012",25
"Estonia","Standard rate","2012",20
"Australia","Standard rate","2013",10
"Finland","Standard rate","2013",24
"France","Standard rate","2013",19.6
"Germany","Standard rate","2013",19
"Greece","Standard rate","2013",23
"Hungary","Standard rate","2013",27
"Iceland","Standard rate","2013",25.5
"Ireland","Standard rate","2013",23
"Israel","Standard rate","2013",18
"Italy","Standard rate","2013",22
"Japan","Standard rate","2013",5
"Austria","Standard rate","2013",20
"Korea","Standard rate","2013",10
"Latvia","Standard rate","2013",21
"Lithuania","Standard rate","2013",21
"Luxembourg","Standard rate","2013",15
"Mexico","Standard rate","2013",16
"Netherlands","Standard rate","2013",21
"New Zealand","Standard rate","2013",15
"Norway","Standard rate","2013",25
"Poland","Standard rate","2013",23
"Portugal","Standard rate","2013",23
"Belgium","Standard rate","2013",21
"Slovak Republic","Standard rate","2013",20
"Slovenia","Standard rate","2013",22
"Spain","Standard rate","2013",21
"Sweden","Standard rate","2013",25
"Switzerland","Standard rate","2013",8
"Turkey","Standard rate","2013",18
"United Kingdom","Standard rate","2013",20
"Canada","Standard rate","2013",5
"Chile","Standard rate","2013",19
"Colombia","Standard rate","2013",16
"Czech Republic","Standard rate","2013",21
"Denmark","Standard rate","2013",25
"Estonia","Standard rate","2013",20
"Australia","Standard rate","2014",10
"Finland","Standard rate","2014",24
"France","Standard rate","2014",20
"Germany","Standard rate","2014",19
"Greece","Standard rate","2014",23
"Hungary","Standard rate","2014",27
"Iceland","Standard rate","2014",25.5
"Ireland","Standard rate","2014",23
"Israel","Standard rate","2014",18
"Italy","Standard rate","2014",22
"Japan","Standard rate","2014",8
"Austria","Standard rate","2014",20
"Korea","Standard rate","2014",10
"Latvia","Standard rate","2014",21
"Lithuania","Standard rate","2014",21
"Luxembourg","Standard rate","2014",15
"Mexico","Standard rate","2014",16
"Netherlands","Standard rate","2014",21
"New Zealand","Standard rate","2014",15
"Norway","Standard rate","2014",25
"Poland","Standard rate","2014",23
"Portugal","Standard rate","2014",23
"Belgium","Standard rate","2014",21
"Slovak Republic","Standard rate","2014",20
"Slovenia","Standard rate","2014",22
"Spain","Standard rate","2014",21
"Sweden","Standard rate","2014",25
"Switzerland","Standard rate","2014",8
"Turkey","Standard rate","2014",18
"United Kingdom","Standard rate","2014",20
"Canada","Standard rate","2014",5
"Chile","Standard rate","2014",19
"Colombia","Standard rate","2014",16
"Czech Republic","Standard rate","2014",21
"Denmark","Standard rate","2014",25
"Estonia","Standard rate","2014",20
"Australia","Standard rate","2015",10
"Finland","Standard rate","2015",24
"France","Standard rate","2015",20
"Germany","Standard rate","2015",19
"Greece","Standard rate","2015",23
"Hungary","Standard rate","2015",27
"Iceland","Standard rate","2015",24
"Ireland","Standard rate","2015",23
"Israel","Standard rate","2015",17
"Italy","Standard rate","2015",22
"Japan","Standard rate","2015",8
"Austria","Standard rate","2015",20
"Korea","Standard rate","2015",10
"Latvia","Standard rate","2015",21
"Lithuania","Standard rate","2015",21
"Luxembourg","Standard rate","2015",17
"Mexico","Standard rate","2015",16
"Netherlands","Standard rate","2015",21
"New Zealand","Standard rate","2015",15
"Norway","Standard rate","2015",25
"Poland","Standard rate","2015",23
"Portugal","Standard rate","2015",23
"Belgium","Standard rate","2015",21
"Slovak Republic","Standard rate","2015",20
"Slovenia","Standard rate","2015",22
"Spain","Standard rate","2015",21
"Sweden","Standard rate","2015",25
"Switzerland","Standard rate","2015",8
"Turkey","Standard rate","2015",18
"United Kingdom","Standard rate","2015",20
"Canada","Standard rate","2015",5
"Chile","Standard rate","2015",19
"Colombia","Standard rate","2015",16
"Czech Republic","Standard rate","2015",21
"Denmark","Standard rate","2015",25
"Estonia","Standard rate","2015",20
"Australia","Standard rate","2016",10
"Finland","Standard rate","2016",24
"France","Standard rate","2016",20
"Germany","Standard rate","2016",19
"Greece","Standard rate","2016",24
"Hungary","Standard rate","2016",27
"Iceland","Standard rate","2016",24
"Ireland","Standard rate","2016",23
"Israel","Standard rate","2016",17
"Italy","Standard rate","2016",22
"Japan","Standard rate","2016",8
"Austria","Standard rate","2016",20
"Korea","Standard rate","2016",10
"Latvia","Standard rate","2016",21
"Lithuania","Standard rate","2016",21
"Luxembourg","Standard rate","2016",17
"Mexico","Standard rate","2016",16
"Netherlands","Standard rate","2016",21
"New Zealand","Standard rate","2016",15
"Norway","Standard rate","2016",25
"Poland","Standard rate","2016",23
"Portugal","Standard rate","2016",23
"Belgium","Standard rate","2016",21
"Slovak Republic","Standard rate","2016",20
"Slovenia","Standard rate","2016",22
"Spain","Standard rate","2016",21
"Sweden","Standard rate","2016",25
"Switzerland","Standard rate","2016",8
"Turkey","Standard rate","2016",18
"United Kingdom","Standard rate","2016",20
"Canada","Standard rate","2016",5
"Chile","Standard rate","2016",19
"Colombia","Standard rate","2016",16
"Czech Republic","Standard rate","2016",21
"Denmark","Standard rate","2016",25
"Estonia","Standard rate","2016",20
"Australia","Standard rate","2017",10
"Finland","Standard rate","2017",24
"France","Standard rate","2017",20
"Germany","Standard rate","2017",19
"Greece","Standard rate","2017",24
"Hungary","Standard rate","2017",27
"Iceland","Standard rate","2017",24
"Ireland","Standard rate","2017",23
"Israel","Standard rate","2017",17
"Italy","Standard rate","2017",22
"Japan","Standard rate","2017",8
"Austria","Standard rate","2017",20
"Korea","Standard rate","2017",10
"Latvia","Standard rate","2017",21
"Lithuania","Standard rate","2017",21
"Luxembourg","Standard rate","2017",17
"Mexico","Standard rate","2017",16
"Netherlands","Standard rate","2017",21
"New Zealand","Standard rate","2017",15
"Norway","Standard rate","2017",25
"Poland","Standard rate","2017",23
"Portugal","Standard rate","2017",23
"Belgium","Standard rate","2017",21
"Slovak Republic","Standard rate","2017",20
"Slovenia","Standard rate","2017",22
"Spain","Standard rate","2017",21
"Sweden","Standard rate","2017",25
"Switzerland","Standard rate","2017",8
"Turkey","Standard rate","2017",18
"United Kingdom","Standard rate","2017",20
"Canada","Standard rate","2017",5
"Chile","Standard rate","2017",19
"Colombia","Standard rate","2017",19
"Czech Republic","Standard rate","2017",21
"Denmark","Standard rate","2017",25
"Estonia","Standard rate","2017",20
"Australia","Standard rate","2018",10
"Finland","Standard rate","2018",24
"France","Standard rate","2018",20
"Germany","Standard rate","2018",19
"Greece","Standard rate","2018",24
"Hungary","Standard rate","2018",27
"Iceland","Standard rate","2018",24
"Ireland","Standard rate","2018",23
"Israel","Standard rate","2018",17
"Italy","Standard rate","2018",22
"Japan","Standard rate","2018",8
"Austria","Standard rate","2018",20
"Korea","Standard rate","2018",10
"Latvia","Standard rate","2018",21
"Lithuania","Standard rate","2018",21
"Luxembourg","Standard rate","2018",17
"Mexico","Standard rate","2018",16
"Netherlands","Standard rate","2018",21
"New Zealand","Standard rate","2018",15
"Norway","Standard rate","2018",25
"Poland","Standard rate","2018",23
"Portugal","Standard rate","2018",23
"Belgium","Standard rate","2018",21
"Slovak Republic","Standard rate","2018",20
"Slovenia","Standard rate","2018",22
"Spain","Standard rate","2018",21
"Sweden","Standard rate","2018",25
"Switzerland","Standard rate","2018",7.7
"Turkey","Standard rate","2018",18
"United Kingdom","Standard rate","2018",20
"Canada","Standard rate","2018",5
"Chile","Standard rate","2018",19
"Colombia","Standard rate","2018",19
"Czech Republic","Standard rate","2018",21
"Denmark","Standard rate","2018",25
"Estonia","Standard rate","2018",20
"Australia","Standard rate","2019",10
"Finland","Standard rate","2019",24
"France","Standard rate","2019",20
"Germany","Standard rate","2019",19
"Greece","Standard rate","2019",24
"Hungary","Standard rate","2019",27
"Iceland","Standard rate","2019",24
"Ireland","Standard rate","2019",23
"Israel","Standard rate","2019",17
"Italy","Standard rate","2019",22
"Japan","Standard rate","2019",10
"Austria","Standard rate","2019",20
"Korea","Standard rate","2019",10
"Latvia","Standard rate","2019",21
"Lithuania","Standard rate","2019",21
"Luxembourg","Standard rate","2019",17
"Mexico","Standard rate","2019",16
"Netherlands","Standard rate","2019",21
"New Zealand","Standard rate","2019",15
"Norway","Standard rate","2019",25
"Poland","Standard rate","2019",23
"Portugal","Standard rate","2019",23
"Belgium","Standard rate","2019",21
"Slovak Republic","Standard rate","2019",20
"Slovenia","Standard rate","2019",22
"Spain","Standard rate","2019",21
"Sweden","Standard rate","2019",25
"Switzerland","Standard rate","2019",7.7
"Turkey","Standard rate","2019",18
"United Kingdom","Standard rate","2019",20
"Canada","Standard rate","2019",5
"Chile","Standard rate","2019",19
"Colombia","Standard rate","2019",19
"Czech Republic","Standard rate","2019",21
"Denmark","Standard rate","2019",25
"Estonia","Standard rate","2019",20
"Australia","Standard rate","2020",10
"Finland","Standard rate","2020",24
"France","Standard rate","2020",20
"Germany","Standard rate","2020",16
"Greece","Standard rate","2020",24
"Hungary","Standard rate","2020",27
"Iceland","Standard rate","2020",24
"Ireland","Standard rate","2020",23
"Israel","Standard rate","2020",17
"Italy","Standard rate","2020",22
"Japan","Standard rate","2020",10
"Austria","Standard rate","2020",20
"Korea","Standard rate","2020",10
"Latvia","Standard rate","2020",21
"Lithuania","Standard rate","2020",21
"Luxembourg","Standard rate","2020",17
"Mexico","Standard rate","2020",16
"Netherlands","Standard rate","2020",21
"New Zealand","Standard rate","2020",15
"Norway","Standard rate","2020",25
"Poland","Standard rate","2020",23
"Portugal","Standard rate","2020",23
"Belgium","Standard rate","2020",21
"Slovak Republic","Standard rate","2020",20
"Slovenia","Standard rate","2020",22
"Spain","Standard rate","2020",21
"Sweden","Standard rate","2020",25
"Switzerland","Standard rate","2020",7.7
"Turkey","Standard rate","2020",18
"United Kingdom","Standard rate","2020",20
"Canada","Standard rate","2020",5
"Chile","Standard rate","2020",19
"Colombia","Standard rate","2020",19
"Czech Republic","Standard rate","2020",21
"Denmark","Standard rate","2020",25
"Estonia","Standard rate","2020",20
